Code,Version Number,Description,Professional Recognition,Notes,Key search terms
C03064,2025.01,"<p>This is a research degree requiring an original and significant contribution to knowledge in the field of learning analytics.</p> <p>It provides an opportunity for graduates to acquire high-level research skills and substantially deepen their knowledge in this area.</p> <p>This course has been developed as a response to a global talent gap for people with data science knowledge, as identified and reported by the McKinsey Global Institute study (2011). The study predicted a shortfall by 2018 of nearly 200,000 data scientists and 1.5 million managers with the capability to make decisions using big data in the United States alone.</p> <p>The dramatic growth of data in every conceivable industry, from oceanography to market research, presents another major driving force in generating unprecedented global demand for data science skills.</p>",,,Analytics and Data Science
C42003,2025.01,,,,Business
C41003,2025.01,,,,Business
C50005,2025.01,,,<p>This course is not offered to international students.</p>,Business
C10412,2025.01,"<p>The Bachelor of Management Bachelor of Sustainability and Environment provides students with a strong foundation in management studies while developing key skills required to operate successfully in contemporary organisations. These attributes include collaborative teamwork, business design, innovation, and entrepreneurship, as well as the multidisciplinary knowledge base required to understand sustainability within the green economy. During the first two years, students explore management studies from professional and industry perspectives while building their knowledge of sustainability as a scientific, legal, social, and ethical domain. Across the remaining years of this degree, students develop in-depth knowledge in one of the management majors (Events, Sport Business, Digital Creative Enterprise, Strategic Innovation and Entrepreneurship, or Sustainability and Social Impact) while working with industry and community partners in studio subjects to address real-world sustainability issues.</p>",,<p>This is a new course from 2021. Students may use the 2020 selection rank for the Bachelor of Management as a guide. The lowest selection rank for Autumn 2020 intake for the respective majors are:</p> <p>80.40 (Digital Creative Enterprise); 81.15 (Events); 80.00 (Sport Business)</p>,Business
C11008,2025.01,"<p>The Graduate Certificate in Business Administration provides foundation skills used in the general management of a business enterprise for either non-graduates who have extensive business experience or those looking to gain more of a business understanding. The course encompasses the ethos of practice-based learning, social justice, inclusion, and research with real-world impact. In addition to the on-campus degree, UTS offers an <a href=""https://studyonline.uts.edu.au/online-courses/C11353"">online Graduate Certificate in Business Administration</a>.</p>",,,Business
C11300,2025.01,<p>The Graduate Certificate in Business Immersion and Career Transition introduces participants to workplace experiences through learning and applying a range of practical skills required by all employees.</p>,,,Business
C04259,2025.01,"<p>The Master of Management enables students to develop an enterprise-wide view of organisations embedded in a global society, integrating views from back-office/shop-floor to boardroom to town-hall meetings. Such a view is deemed essential to prizing the work, people, places and processes needed in a publicly scrutinized global business environment. Students gain the knowledge, skills and conceptual frameworks to enable them to identify, question, and through deliberative processes, respond effectively to these complex and demanding issues. Public expectations of post-graduate managers are high when it comes to being prepared to make, defend and be morally accountable for their judgements impacting on people, communities and ecosystems.</p>",,,Business
C04287,2025.01,"<p>The Master of Management enables students to develop an enterprise-wide view of organisations embedded in a global society, integrating views from back-office/shop-floor to boardroom to town-hall meetings. Such a view is deemed essential to prizing the work, people, places and processes needed in a publicly scrutinized global business environment. Gain the knowledge, skills and conceptual frameworks to enable you to identify, question and, through deliberative processes, respond effectively to the complex and demanding issues. Public expectations of post-graduate managers are necessarily high in being prepared to make, defend and be morally accountable for their judgements impacting on people, communities and ecosystems.</p>",,,Business
C11021,2025.01,"<p>The Graduate Certificate in Management introduces students to post-graduate studies toward an enterprise-wide view of organisations embedded in a global society, integrating views that range from back-office/shop-floor to boardroom to town-hall meetings. Such a view is deemed essential to prizing the work, people, places and processes needed in today&rsquo;s highly competitive and publicly scrutinized global business environment for an increasingly uncertain future.</p>",,<p>This course is not offered to international students.</p>,Business
C07029,2025.01,"<p>The <a href=""https://www.uts.edu.au/study/business/i-want-study/management/postgraduate-options/why-sport-management"">Graduate Diploma in Sport Management</a> provides a broad overview of the sport industry, and is designed to develop critical, interpretive and problem-solving skills relevant to that sector. With this in mind, the program includes subjects that develop a critical understanding of sport management across the areas of business, globalisation, governance, sport for social impact, and sport event management in both the Australian and international contexts.</p>",,,Business
C04290,2025.01,"<p>The <a href=""https://www.uts.edu.au/study/business/i-want-study/management/postgraduate-options/why-sport-management"">Master of Sport Management</a> provides advanced insights into the operation of the sport industry, both in Australia and internationally. The course is designed to develop professional skills and knowledge to equip students for collaborative and leadership positions in the fast growing, increasingly complex sport sector. With this in mind, the program includes subjects that develop a critical understanding of sport management across the areas of business, globalisation, governance, marketing, media, development, technology, innovation, and social impact. Importantly, the course is designed for students from diverse backgrounds and delivered using flexible learning methods, thus making it suitable for working professionals as well as domestic and international students.</p>",,,Business
C04369,2025.01,"<p>The <a href=""https://www.uts.edu.au/study/business/i-want-study/management/postgraduate-options/why-sport-management"">Master of Sport Management (Extension)</a> provides advanced insights into the operation of the sport industry, both in Australia and internationally. The course is designed to develop professional skills and knowledge to equip students for collaborative and leadership positions in the fast growing, increasingly complex sport sector. With this in mind, the program includes subjects that develop a critical understanding of sport management across the areas of business, globalisation, governance, marketing, media, development, technology, innovation, and social impact. Importantly, the course is designed for students from diverse backgrounds and delivered using flexible learning methods, making it suitable for working professionals as well as domestic and international students.</p>",,,Business
C10342,2025.01,"<p>The <a href=""https://www.uts.edu.au/future-students/business/business-courses/undergraduate-programs/bachelor-management"">Bachelor of Management</a> provides integrated insights into the functions of professional enterprises in the experience economy and related digital industries. The program involves a combination of both theory and practice-oriented education, with the option of workplace internships. Offshore partnerships with established UTS university partners allow students to engage with the UTS exchange program in the later stages of their degree. Partnerships with industry bodies allow students to engage with practical projects, field visits, in-class case studies, and internships, all of which assist with prospects for graduate employment.</p>",,,Business
C09153,,"<p>The Bachelor of Management Bachelor of International Studies (Honours) is an exit-point for students who have completed the International Honours pathway within the Bachelor of Management Bachelor of International Studies (<a href=""https://cis-admin.uts.edu.au/courses/c10343.html"">C10343</a>).</p> <p>In the fourth year of the combined degree, International Honours students spend an academic year studying in the local language at a university in the country of their major and also complete an honours level research project under the supervision of a relevant UTS academic.</p> <p>Entry to the International Honours pathway is dependent on students maintaining a credit average (or higher) in both their International Studies and professional degree in their first three years of study, and on the availability of placements in particular majors.</p>",,"<p>This is an exit-only course. There is no direct admission to it. Current UTS students may be able to submit an Internal Course Transfer (Graduating) application to exit with this course. See the <a href=""https://www.uts.edu.au/current-students/managing-your-course/your-enrolment/enrolment-changes/course-transfer"">Course transfer</a> page for further details.</p>",Business
C11037,2025.01,"<p>The <a href=""https://www.uts.edu.au/study/business/i-want-study/management/postgraduate-options/why-sport-management"">Graduate Certificate in Sport Management</a> provides an introduction to the sport industry environment alongside an awareness of management skills relevant to this sector. The program includes subjects that develop a critical understanding of sport management across the areas of business, globalisation, governance, and sport for social impact in both the Australian and international contexts.</p>",,<p>This course is not offered to international students.</p>,Business
C11038,2025.01,"<p>The Graduate Certificate in Event Management is suited to both those wishing to enter the events sector, and to those currently working in events who are seeking a formal qualification. The course is designed to introduce students to cutting edge knowledge and theories and to develop their skills and knowledge relating to the planning and management of various event forms.</p>",,<p>This course is not offered to international students.</p>,Business
C04288,2025.01,"<p>The Master of Not-for-Profit and Social Enterprise reflects best practice, current issues, and emerging trends in not-for-profit and social enterprise, and has been designed for individuals who are passionate about social justice, enabling them to develop innovative solutions that have social impact. With this in mind, the program includes subjects that seek to develop an understanding of the not-for-profit sector and the unique skills needed to effectively manage organisations that have a social purpose at their heart.</p>",,"<p><strong>Commonwealth Supported Places</strong></p> <p>There are a limited number of <a href=""https://www.uts.edu.au/current-students/managing-your-course/fees-and-payment/domestic-student-tuition-fees/commonwealth-supported"">Commonwealth Supported Places (CSPs)</a> within this course that are competitive and allocated on merit. Applicants must indicate on their application if they wish to be considered for a CSP.</p> <p>As applications are assessed progressively, applicants are strongly encouraged to apply early to be considered. Eligible applicants must accept their offer by the lapse date to retain their place.</p> <ul> <li>Autumn 2024 closing dates: <ul> <li>Round 1: Sunday 26 November 2023</li> <li>Round 2: Sunday 21 January 2024 (if places are available)</li> </ul> </li> <li>Spring 2024 closing dates: <ul> <li>Round 1: Sunday 26 May 2024</li> <li>Round 2: Sunday 30 June 2024 (if places are available)</li> </ul> </li> </ul> <p>Refer to <a href=""https://www.uts.edu.au/study/postgraduate/postgraduate-courses-commonwealth-supported-places-csp"">Postgraduate courses with Commonwealth Supported Places</a> for more information.</p>",Business
C04371,2025.01,"<p>The Master of Not-for-Profit and Social Enterprise (Extension) reflects best practice, current issues, and emerging trends in not-for-profit and social enterprise, and has been designed for individuals who are passionate about social justice, enabling them to develop innovative solutions that have social impact. With this in mind, the program includes subjects that seek to develop an understanding of the not-for-profit sector and the unique skills needed to effectively manage organisations that have a social purpose at their heart in both Australian and international contexts.</p>",,,Business
C11024,2025.01,"<p>The Graduate Certificate in Not-for-Profit and Social Enterprise is designed to introduce students to social entrepreneurship and social innovation, and develop skills and knowledge about the Not-for-Profit Sector.</p>",,<p>This course is not offered to international students.</p>,Business
C07113,2025.01,"<p>The Graduate Diploma in Human Resource Management provides participants with sound knowledge and skills in the field of human resource management (HRM), enabling participants to develop expertise across the field of HRM and its issues, including employment relations and other management practices.</p>",<p>Students completing this degree are eligible to apply to the Australian Human Resources Institute (AHRI) for the Professional Member (MAHRI) status and/or advancement to a higher level of membership for those who have appropriate work experience.</p>,,Business
C11198,2025.01,<p>The Graduate Certificate in Human Resource Management introduces participants to knowledge and experiences in the areas of human resource management (HRM) and industrial relations.</p>,,<p>This course is not offered to international students.</p>,Business
C04038,2025.01,"<p>The Master of Financial Analysis is tailored to students who want to excel in the profession of financial analyst. The course covers all areas required to develop the necessary skills to evaluate complex financial projects and investment opportunities, including corporate finance and valuation, accounting and business law.</p>","<p>Completion of the course meets the education requirements for Affiliate membership and, in conjunction with work experience, the requirements for Associate membership with the Financial Services Institute of Australasia (FINSIA).</p>",,Business
C10340,2025.01,"<p>The <a href=""https://www.uts.edu.au/future-students/business/business-courses/undergraduate-programs/bachelor-business-administration"">Bachelor of Business Administration</a> focuses on applying theories to business practice and the overall management of an organisation. Students build on their cultural diversity, experiences and aspirations to develop relevant skills in managing enterprise initiatives. Students learn how a multidisciplinary perspective can be used to address economic, financial and social issues, including those relevant to the Indigenous community.</p>",,<p>This course is only offered to Aboriginal and Torres Strait Islander people.</p> <p>This course is not offered to international students.</p>,Business
C11015,2025.01,<p>The Graduate Certificate in Financial Analysis provides general understanding on a range of contemporary accounting and finance issues.</p>,,<p>This course was previously called the Graduate Certificate in Accounting and Finance.</p>,Business
C11280,2025.01,"<p>The Graduate Certificate in Business Analytics is a unique transdisciplinary program of study in business analytics. With subjects drawn from the UTS Business School and the Faculty of Engineering and Information Technology, students are provided a course structure that fits their background and experience. The course is delivered in blended mode, combining contemporary online and face-to-face learning experiences in UTS&#39;s leading-edge facilities. This course is designed to articulate into the <a href=""https://www.uts.edu.au/future-students/business/business-courses/business-analytics"">Master of Business Analytics</a>. In addition to the on-campus graduate certificate, UTS offers an online <a href=""http://studyonline.uts.edu.au/online-courses/graduate-certificate-business-analytics"">Graduate Certificate in Business Analytics</a>.</p>",,,Business
C04438,2025.01,"<p>The Master of Finance Master of Financial Planning is a double degree that covers the distinct but connected domains of finance and financial planning. The discipline of finance covers the management, creation and study of money and investments. It addresses broad financing and investment issues relevant to individuals, companies and governments. It also incorporates the overall finance system and addresses issues such as the structure and regulation of markets. Financial planning is a related discipline that addresses personal finance decisions and determines how individuals will achieve strategic goals and objectives. It draws on many of the fundamental skills in mainstream finance and incorporates regulatory, legal and taxation concepts.</p>","<p>Completion of the Master of Finance meets the education requirements for Affiliate membership and, in conjunction with work experience, the requirements for Associate membership with the Financial Services Institute of Australasia (<a href=""http://www.finsia.com/membership/compare-memberships"">FINSIA</a>).</p> <p>UTS is recognised as an affiliated university under the <a href=""https://www.uts.edu.au/about/uts-business-school/finance/who-we-are/cfa-university-affiliation-program"">CFA</a>&reg;<a href=""https://www.uts.edu.au/about/uts-business-school/finance/who-we-are/cfa-university-affiliation-program""> (Charted Financial Analyst</a>&reg;<a href=""https://www.uts.edu.au/about/uts-business-school/finance/who-we-are/cfa-university-affiliation-program"">)</a> University Affiliation Program based on the Master of Finance degree.</p> <p>The <a href=""/courses/c04381.html"">Master of Financial Planning</a> is a Financial Adviser Standards and Ethics Authority (FASEA) approved degree. </p>",,Business
C04424,2025.01,"<p>The <a href=""https://www.uts.edu.au/study/business/business-courses/mba-programs/executive-mba"">UTS Executive MBA</a> is designed for experienced professionals and aspiring change makers, innovators, start-up founders and indigenous leaders. It is for those who are looking to further develop their strategic leadership skills, confidence and innovation management capabilities to respond to complex challenges and lead sustainable economic development.</p> <p>The EMBA features:</p> <ul> <li>dedicated study pathways in corporate transformation, entrepreneurship and Indigenous leadership to suit career objectives</li> <li>hands-on, applied and student-focused upskilling in latest discipline-based and transdisciplinary tools and methodologies</li> <li>immersive leadership development experiences and working on real, own and client projects for developing problem-solving and strategic decision-making capabilities</li> <li>extensive coaching and mentoring by experienced industry professionals and entrepreneurs</li> <li>course delivery by leading UTS academics, international guest faculty and highly experienced professionals</li> <li>blended learning via online and block-mode face-to-face classes designed for time-poor management professionals and founders</li> <li>flexible cohort model to facilitate broad networking opportunities, peer learning and collaboration</li> <li>completion over 18 months or more</li> </ul> <p>The program provides an integrative experience that facilitates students&rsquo; transition from tactical to strategic roles and builds their professional capabilities, networks and the confidence to create their next career chapter.</p>",,,Business
C04381,2025.01,<p>The Master of Financial Planning is designed for industry professionals who want a successful career as financial planners. The course is specifically designed to suit the needs of financial professionals interested in developing this career path while working full time and covers the core curriculum required for professional accreditation.</p>,"<p>The Master of Financial Planning is a Financial Adviser Standards and Ethics Authority (FASEA) approved degree. Visit Treasury&rsquo;s Financial Adviser Standards website at <a href=""https://fas.treasury.gov.au/"">fas.treasury.gov.au</a> for more information.</p>",,Business
C04412,2025.01,"<p>The UTS Online <a href=""https://studyonline.uts.edu.au/online-courses/master-business-analytics"">Master of Business Analytics</a> is a unique transdisciplinary program of study in business analytics. With subjects drawn from UTS Business School, the Faculty of Engineering and Information Technology and the Faculty of Arts and Social Sciences, students are provided with a course structure that fits for their background and experience, as well as flexible specialisations to meet new needs and career interests. The course is delivered fully online, part-time, enabling students to continue to work full-time while attaining the business analytical skills to take control of their career and apply the skills their learn in the course immediately at work, regardless of their industry.</p>",,<p>This course is offered fully online.</p> <p>This course is not offered to international students.</p>,Business
C07012,2025.01,<p>The Graduate Diploma in Financial Analysis provides advanced-level knowledge and skills in core contemporary accounting and finance issues.</p>,,<p>This course was previously called the Graduate Diploma in Accounting and Finance.</p>,Business
C20054,2025.01,,,"<p>This is an exit-only course. There is no direct admission to it. Current UTS students may be able to submit an Internal Course Transfer (Graduating) application to exit with this course. See the <a href=""https://www.uts.edu.au/current-students/managing-your-course/your-enrolment/enrolment-changes/course-transfer"">Course transfer</a> page for further details.</p> <p>This course is not offered to international students.</p>",Business
C20055,2025.01,,,"<p>This is an exit-only course. There is no direct admission to it. Current UTS students may be able to submit an Internal Course Transfer (Graduating) application to exit with this course. See the <a href=""https://www.uts.edu.au/current-students/managing-your-course/your-enrolment/enrolment-changes/course-transfer"">Course transfer</a> page for further details.</p> <p>This course is not offered to international students.</p>",Business
C04237,2025.01,"<p>The Master of Professional Accounting (Extension) provides graduates with the necessary skills, knowledge, and expertise for a career in professional accounting practice, and meets the requirements for professional recognition, including CPA Australia (CPAA) and Chartered Accountants of Australia and New Zealand (CAANZ). The Extension course delves deeper into accounting practice with seven electives to choose from, including forensic accounting, international accounting, and ethics and governance.</p>","<p>This course meets educational membership requirements for entry into <a href=""https://www.cpaaustralia.com.au/"">CPA Australia </a>(CPAA), <a href=""https://www.charteredaccountantsanz.com/"">Chartered Accountants of Australia and New Zealand</a> (CAANZ), <a href=""https://www.cimaglobal.com/"">Chartered Institute of Management Accountants </a>(CIMA), <a href=""https://www.accaglobal.com/an/en.html"">Association of Chartered Certified Accountants</a> (ACCA), and <a href=""https://www.publicaccountants.org.au/"">Institute of Public Accountants </a>(IPA).</p>",,Business
C11206,2025.01,"<p>The Graduate Certificate in Professional Accounting is a four-subject introductory course designed to provide a general understanding of accounting and related areas of business study. It provides foundational knowledge in the areas of accounting, finance, economics and law.</p>",,,Business
C04260,2025.01,<p>The Master of Human Resource Management (Extension) provides students with the in-depth knowledge and skills necessary to contribute at a senior level to their organisation&#39;s human resources and people management functions.</p>,<p>Students completing this degree are eligible to apply to the Australian Human Resources Institute (AHRI) for the Professional Member (MAHRI) status and/or advancement to a higher level of membership for those who have appropriate work experience.</p>,,Business
C04380,2025.01,"<p>The <a href=""https://www.uts.edu.au/future-students/business/business-courses/business-analytics"">Master of Business Analytics</a> is a unique transdisciplinary program of study in business analytics. With subjects drawn from UTS Business School, the Faculty of Engineering and Information Technology and the TD School, students are provided with a course structure that fits their background and experience, as well as flexible specialisations to meet new needs and career interests. The course is delivered in blended mode, combining contemporary online and face-to-face learning experiences in UTS&rsquo;s leading-edge facilities. In addition to the on-campus degree, UTS offers an online <a href=""http://studyonline.uts.edu.au/online-courses/master-business-analytics"">Master of Business Analytics</a>.</p>",,,Business
C10235,2025.01,"<p>The <a href=""https://www.uts.edu.au/future-students/business/business-courses/undergraduate-programs/bachelor-accounting"">Bachelor of Accounting</a> is a cooperative education program in accounting. It is an intensive course offered in conjunction with major employers. Students complete a compulsory first major in accounting and receive a scholarship and full-time work training.</p>","<p>To meet the educational membership requirements (pending confirmation of renewal) for entry into <a href=""https://www.cpaaustralia.com.au/"">CPA Australia </a>(CPAA), <a href=""https://www.charteredaccountantsanz.com/"">Chartered Accountants of Australia and New Zealand</a> (CAANZ), <a href=""https://www.cimaglobal.com/"">Chartered Institute of Management Accountants </a>(CIMA), <a href=""https://www.accaglobal.com/an/en.html"">Association of Chartered Certified Accountants</a> (ACCA), and <a href=""https://www.publicaccountants.org.au/"">Institute of Public Accountants </a>(IPA) students will need to complete the Accounting major and successfully complete subject <a href=""https://handbook.uts.edu.au/subjects/21644.html"">21644 </a>Law and Ethics for Managers as either an elective or part of another major (applicable to students commencing from 2022 only).</p>",<p>This is a scholarship degree intended for recent school leavers.</p> <p>This course is only offered to local students.</p> <p>This course is not offered to international students.</p>,Business
C11359,2025.01,"<p>The UTS Online <a href=""https://studyonline.uts.edu.au/online-courses/graduate-certificate-operations-supply-chain-management"">Graduate Certificate in Operations and Supply Chain Management</a> is a specialist postgraduate qualification that develops holistic knowledge of operations and supply chain management concepts with technical and commercial capabilities that will prepare you to lead effective operations.</p>",,<p>This course is offered fully online. </p> <p>This course is not offered to international students.</p>,Business
C11199,2025.01,<p>The Graduate Certificate in Strategic Supply Chain Management provides a solid introduction to business operations and supply chain management for those wishing to gain some experience in this area.</p>,,,Business
C10411,2025.01,"<p>The Bachelor of Business Bachelor of Sustainability and Environment offers students a sound background in all areas of business and the multidisciplinary knowledge of sustainability required to operate within the green economy. Students begin by exploring core areas of business and build their knowledge of sustainability as a scientific, legal and social domain. In the latter years of the course, students undertake one of eight business majors to develop in-depth knowledge of the business context and work with industry and community partners in studio subjects to address real sustainability issues.</p> <p>The course is intended for students with diverse backgrounds, experiences, and aspirations &ndash; whether they are a recent school leaver or not; from Australia or abroad; have work experience or not; are a profession-seeker looking to discover a career path or professionally focused with a career in mind.</p>","<p>Refer to the Bachelor of Business (<a href=""http://www.handbook.uts.edu.au/courses/c10026.html"">C10026</a>) for details on professional recognition of that award.</p>",,Business
C07145,2025.01,"<p>The UTS Online Graduate Diploma in Business Analytics is an exit-only qualification for the <a href=""https://studyonline.uts.edu.au/online-courses/master-business-analytics"">Master of Business Analytics</a>, a unique transdisciplinary program of study in business analytics. With subjects drawn from UTS Business School, the Faculty of Engineering and Information Technology and the Faculty of Arts and Social Sciences, students are provided with a course structure that fits their background and experience, as well as flexible specialisations to meet new needs and career interests. The course is delivered fully online, part-time, enabling students to continue to work full-time while attaining the business analytical skills to take control of their career and apply the skills they learn in the course immediately at work, regardless of their industry.</p>",,"<p>This is an exit-only course. There is no direct admission to it. Current UTS students may be able to submit an Internal Course Transfer (Graduating) application to exit with this course. See the <a href=""https://www.uts.edu.au/current-students/managing-your-course/your-enrolment/enrolment-changes/course-transfer"">Course transfer</a> page for further details.</p> <p>This course is not offered to international students.</p>",Business
C11305,2025.01,"<p>The UTS Online <a href=""https://studyonline.uts.edu.au/online-courses/graduate-certificate-business-analytics"">Graduate Certificate in Business Analytics</a> is a unique transdisciplinary program of study in business analytics. With subjects drawn from UTS Business School, the Faculty of Engineering and Information Technology and the Faculty of Arts and Social Sciences, students are provided with a course structure that fits their background and experience, as well as flexible specialisations to meet new needs and career interests. The course is delivered fully online, part-time, enabling students to continue to work full-time while attaining the business analytical skills to take control of their career and apply the skills their learn in the course immediately at work, regardless of their industry. In addition to the on-campus degree, UTS offers an <a href=""https://studyonline.uts.edu.au/online-courses/C11305"">online Graduate Certificate in Business Analytics</a>.</p>",,<p>This course is offered fully online.</p> <p>This course is not offered to international students.</p>,Business
C11306,2025.01,"<p>The UTS Online?Graduate Certificate in Digital Marketing provides students with foundational skills and knowledge to be a strategic leader in digital marketing. With subjects drawn from UTS Business School and the Faculty of Arts and Social Sciences, students are provided with a course structure designed for data-driven and strategic marketing professionals who want to prepare for the future of digital marketing. </p> <p>The course is delivered fully online part-time, enabling students to continue to work full-time while attaining the digital marketing skills to take control of their career and apply the skills they learn in the course immediately at work, regardless of their industry. </p>",,<p>This course is offered fully online. </p> <p>This course is not offered to international students.</p>,Business
C11334,2025.01,"<p>The Graduate Certificate in Finance provides an introduction to finance theory and practice. It is of particular interest to those working in the various fields of finance and banking whose backgrounds are in fields other than business, finance, commerce or accounting.</p>",,<p>This course is only offered offshore.</p>,Business
C11338,2025.01,<p>The Graduate Certificate in Executive Management provides essential skills and knowledge used in the general management of a business unit or enterprise. </p>,,"<p>This course is only available to international students, and only by distance mode. International students are not eligible for a student visa to study this course in Australia.</p>",Business
C11299,2025.01,"<p>The Graduate Certificate in Behavioural Economics provides a thorough understanding of the basic principles of behavioural economics. This course provides a foundation in standard economic theory and builds the behavioural models on this foundation. This includes heuristics and biases in individual decision making and their implications in strategic interactions. Students are also given a grounding in fundamental tools of applied behavioural science, such as causal inference and trial design.</p>",,<p>This course is not offered to international students.</p>,Business
C04379,2025.01,"<p>The <a href=""https://www.uts.edu.au/future-students/business/business-courses/business-analytics"">Master of Business Analytics (Extension)</a> is a unique transdisciplinary program of study in business analytics. With subjects drawn from UTS Business School, the Faculty of Engineering and Information Technology and the TD School, students are provided with a course structure which fits their background and experience, as well as flexible specialisations to meet new needs and career interests. The course is delivered in blended mode, combining contemporary online and face-to-face learning experiences in UTS&#39;s leading-edge facilities.</p>",,,Business
C11027,2025.01,"<p>The Graduate Certificate in Finance provides an introduction to finance theory and practice. It is of particular interest to those working in, or seeking a move to the various fields of finance and banking whose backgrounds are in fields other than business, finance, commerce or accounting.</p>",,,Business
C04048,2025.01,"<p>The Master of Finance provides a comprehensive range of skills and expertise expected of leading practitioners in the banking and finance sectors. The course enhances students&#39; professional skills in finance, banking and investment management, and provides an avenue for those seeking to move into this area.</p>","<p>Completion of the Master of Finance meets the education requirements for Affiliate membership and, in conjunction with work experience, the requirements for Associate membership with the Financial Services Institute of Australasia (<a href=""http://www.finsia.com/membership/compare-memberships"">FINSIA</a>).</p> <p>UTS is recognised as an affiliated university under the <a href=""https://www.uts.edu.au/about/uts-business-school/finance/who-we-are/cfa-university-affiliation-program"">CFA</a>&reg; (<a href=""https://www.uts.edu.au/about/uts-business-school/finance/who-we-are/cfa-university-affiliation-program"">Charted Financial Analyst</a>&reg;) University Affiliation Program based on the Master of Finance degree.</p>",,Business
C04426,2025.01,<p>The Master of Finance provides a comprehensive range of skills and expertise expected of leading practitioners in the banking and finance sectors. The finance program provides participants with the opportunity to acquire knowledge of finance theory and techniques for leading-edge professional practice purposes.</p>,,<p>This course is only offered offshore.</p>,Business
C04413,2025.01,"<p>The UTS Online?Master of Digital Marketing?is a unique multi-disciplinary and comprehensive program of study in digital marketing. With subjects drawn from UTS Business School and the Faculty of Arts and Social Sciences, students are provided with a course structure designed for data-driven and leading marketing professionals who want to prepare for the future of digital marketing. </p> <p>The course is delivered fully online part-time, enabling students to continue to work full-time while attaining the digital marketing skills to take control of their career and apply the skills they learn in the course immediately at work, regardless of their industry. </p>",,<p>This course is offered fully online. </p> <p>This course is not offered to international students.</p>,Business
C06009,2025.01,"<p>The Graduate Diploma in Business Administration provides a basis for the development of a career in management for graduates who have not previously undertaken an administrative studies degree. The program provides knowledge and skills essential for superior management performance and encompasses the ethos of practice-based learning, social justice, inclusion, and research with real-world impact.</p>",,,Business
C11281,2025.01,"<p>The Graduate Certificate in Financial Planning is a unique modular experience designed for current and aspiring financial planning professionals. The certificate includes three bridging courses required by the Financial Adviser Standards and Ethics Authority (FASEA) for existing advisers. For students looking to become financial advisers, the graduate certificate provides a pathway to the FASEA approved graduate diploma in Financial Planning. The certificate addresses many of the dimensions of the professional profile of modern financial planners.</p>","<p>The Graduate Certificate in Financial Planning has been designed around the standards of financial planning education as set by the Financial Adviser Standards and Ethics Authority (FASEA). The three core subjects have been approved by the Financial Adviser Standards and Ethics Authority (FASEA). Visit Treasury&rsquo;s Financial Adviser Standards website at <a href=""https://fas.treasury.gov.au/"">fas.treasury.gov.au</a> for more information.</p>",,Business
C11345,2025.01,"<p>The UTS Online <a href=""https://studyonline.uts.edu.au/online-courses/graduate-certificate-marketing-and-digital-strategy"">Graduate Certificate in Marketing and Digital Strategy</a> provides the expertise to succeed as a marketing professional in today&rsquo;s fast-paced environment. This course equips students with core marketing capabilities for today&rsquo;s hyperconnected world and provides the skills necessary to excel under increasingly challenging marketing conditions. The course focuses on real-world application of knowledge, drawing on best practices from industry and academia, which builds the key competencies for a range of marketing-related roles.</p>",,<p>This course is offered fully online. </p> <p>This course is not offered to international students.</p>,Business
C11376,2025.01,"<p>Artificial Intelligence (AI) is driving digital transformation of almost all industry sectors. There is an increasing push for business and finance professionals to improve digital skills relating to AI and invest in transferable skills to meet the growing demand in the market for AI solutions to business problems. Companies and government departments are looking to increase AI expertise within their workforce, but the skills shortage has become a global challenge. The Graduate Certificate in Applied Artificial Intelligence for Finance provides a solid practical foundation of AI technologies and machine learning models to tackle real-world financial challenges, ranging from wealth management and algorithmic trading to sustainable finance initiatives.</p>",,<p>This course is not offered to international students.</p>,Business
C07021,2025.01,"<p>The Graduate Diploma in Finance provides financial institution knowledge and decision-making skills for executives in financial institutions, corporations and financial consultancies.</p>",,,Business
C07018,2025.01,"<p>The Graduate Diploma in Management aims to extend post-graduate student understanding of complexity and uncertainty characterising management contexts. Together with insights, capabilities and skills gained in the Graduate Certificate in Management, students are provided with the opportunity to explore these skills in greater breadth and depth.</p>",,,Business
C06017,2025.01,"<p>The Graduate Diploma in Event Management provides a broad overview of the events industry and is designed to develop skills and knowledge sufficient to allow graduates to play a significant role in the planning and delivery of public, corporate and other event types.</p>",,,Business
C11327,2025.01,"<p>The UTS Graduate Certificate in Executive Business Practice provides foundation skills used in the management and strategic change of a business unit, start-up or enterprise. The course is designed for experienced professionals and features:</p> <ul> <li>foundation skills in finance, accounting, business analytics, and marketing</li> <li>study choices in corporate transformation, entrepreneurship and Indigenous leadership</li> <li>hands-on and applied upskilling using the latest tools and methodologies</li> <li>applied leadership development</li> <li>course delivery by leading UTS academics and highly experienced professionals</li> <li>blended learning via fully online and block-mode face-to-face classes</li> <li>flexible cohort model for broad networking opportunities, peer learning and collaboration</li> <li>completion via an accelerated 6-month study plan or flexibly over up to 24 months</li> </ul>",,<p>This course is not offered to international students.</p>,Business
C04383,2025.01,"<p>The Master of Marketing (Extension) provides the opportunity for students to develop and extend their practical and strategic capabilities required to deliver effective marketing strategies in a range of professional contexts. The innovative program at UTS embraces the dynamic marketing landscape shaped by creativity, technology, and sustainable marketing practices for social good. Leveraging the research expertise of our Marketing faculty, the program provides students with contemporary knowledge to analyse markets and formulate strategies that connect with industry and best practice.</p> <p>The program allows students to adapt to the changing marketing landscape and includes subjects such as digital marketing and social media, data-driven insights, customer experience, marketing analytics, advertising and communications, marketing for social good, omnichannel marketing, strategy and leadership, innovation and creativity, marketing research, pricing and revenue management, branding and consumer insights, and the legal and ethical implications of marketing. The course allows students to complement their existing skill set, fostering the development and support of their career aspirations. The opportunities provided by the course enable students to pursue or advance their marketing careers across a wide range of industries in Australia and internationally. </p>",,,Business
C04258,2025.01,"<p>The Master of Finance (Extension) provides a comprehensive range of skills and expertise expected of leading practitioners in the banking and finance sectors. The course enhances students&#39; professional skills in finance, banking and investment management and provides an avenue for those seeking to move into this area.</p>","<p>Completion of the course meets the education requirements for Affiliate membership and, in conjunction with work experience, the requirements for Associate membership with the Financial Services Institute of Australasia (<a href=""http://www.finsia.com/membership/compare-memberships"">FINSIA</a>).</p> <p>The course has also been recognised under the <a href=""https://www.uts.edu.au/about/uts-business-school/finance/who-we-are/cfa-university-affiliation-program"">CFA</a>&reg;<a href=""https://www.uts.edu.au/about/uts-business-school/finance/who-we-are/cfa-university-affiliation-program""> (Charted Financial Analyst</a>&reg;) University Affiliation Program, meaning that the curriculum is closely tied to global professional practice and is well suited to students preparing to sit for CFA program examinations.</p>",,Business
C10326,2025.01,"<p>The Bachelor of Business offers students a sound background in all areas of business through common core subjects, in addition to in-depth knowledge in one or more chosen areas of interest.</p> <p>Taking a transdisciplinary approach, the Bachelor of Creative Intelligence and Innovation utilises multiple perspectives from diverse fields, integrating a range of industry experiences, real-world projects and self-initiated proposals, equipping graduates to address the wicked problems, complex challenges and untapped opportunities in today&#39;s world.</p> <p>The course is intended for students with diverse backgrounds, experiences, and aspirations &ndash; whether they are a recent school leaver or not; from Australia or abroad; have work experience or not; are a profession-seeker looking to discover a career path or professionally focused with a career in mind.</p>","<p>Refer to the Bachelor of Business (<a href=""http://www.handbook.uts.edu.au/courses/c10026.html"">C10026</a>) for details on professional recognition of that award.</p>",,Business
C10343,2025.01,"<p>The combined degree, Bachelor of Management Bachelor of International Studies, is offered jointly by Business and International Studies. The program integrates the study of business management alongside the culture and language of another country. Students select one of four majors within the Bachelor of Management &ndash; Events, Sport Business, Digital Creative Enterprise, Strategic Innovation and Entrepreneurship, and Sustainability and Social Impact &ndash; each of which represent a core sector of the entertainment and experience industries. The International Studies component of the combined degree allows students to develop sector-specific knowledge and skills in both Australian settings and abroad.</p>",,<p>Students who commenced a combined degree with the Bachelor of Arts in International Studies prior to 2022 should refer to the Handbook for the year they commenced their degree.</p>,Business
C04325,2025.01,"<p>The course offers a comprehensive and holistic set of skills in the strategic and tactical aspects of operations, logistics, procurement and supply chain management. Students emerge from the course with contemporary and relevant knowledge that allows them to manage complex business and supply chain operations that may extend globally.</p> <p>This enables students to address the ever-growing interest among business managers and academics in supply chains, the emergence of advanced service economies, connected information systems including disruptive technologies, cloud computing and data analytics, new management practices and approaches, and the pressure of global competition.</p>","<p>This course has been accredited to MCIPS standards by the Chartered Institute of Procurement and Supply (CIPS). Following the completion of the course and three years&#39; of relevant work experience, graduates are eligible to apply for MCIPS. Students who wish to apply for MCIPS must meet the following conditions:</p> <ul> <li>For the Industry Research Project (21890) or the Internship Experience (26799) subjects, students must complete their project/assessments tasks on a procurement and supply chain-related topic, and</li> <li>Students must pass all subjects, with no credit given for any form of advanced standing, credit transfer, exemption or condonement.</li> </ul> <p>More information is available from <a href=""http://www.cips.org"">CIPS</a>.</p> <p>CIPS offers complimentary student memberships to those undertaking an accredited program, for its duration whilst studying this program. Students are encouraged to avail student membership and enrol immediately as they start this program.</p> <p>For queries related to CIPS accreditation, contact Dr <a href=""mailto:Maruf.Chowdhury@uts.edu.au"">Maruf Chowdbury</a>, program director of Strategic Supply Chain Management Programs</p>",,Business
C10020,2025.01,"<p>The Bachelor of Business Bachelor of International Studies is offered jointly by <a href=""http://www.business.uts.edu.au"">Business</a> and <a href=""http://www.internationalstudies.uts.edu.au"">International Studies</a>. The course integrates the study of business with a major in the language and culture of another country.</p> <p>The course is intended for students with diverse backgrounds, experiences, and aspirations &ndash; whether they are a recent school leaver or not; from Australia or abroad; have work experience or not; are a profession-seeker looking to discover a career path or professionally focused with a career in mind.</p>","<p>Refer to the Bachelor of Business (<a href=""http://www.handbook.uts.edu.au/courses/c10026.html"">C10026</a>) for details on professional recognition of that award.</p>",<p>Students who commenced a combined degree with the Bachelor of Arts in International Studies prior to 2022 should refer to the Handbook for the year they commenced their degree.</p>,Business
C10445,2025.01,"<p>The Bachelor of Economics Bachelor of Sustainability and Environment offers students the analytical and quantitative skills required for an in-depth understanding of key economic principles and the multidisciplinary knowledge of sustainability required to operate within the green economy.</p> <p><br /> Subjects in the Bachelor of Economics provide training in microeconomics, macroeconomics, econometrics as well as other Economics fields with an emphasis on practical policy. Students appreciate that economics is about social welfare, which is the wellbeing of all members of society. It is enhanced by improving economic efficiency and by promoting equity, and in the long run, through sustainable development. Subjects in the Bachelor of Sustainability and Environment expand this study to the complexity of sustainability in the environmental, political, social, and cultural senses. It also provides depth of study on and practical engagement with different industry and professional applications of sustainability.</p>",,,Business
C07138,2025.01,"<p>The Graduate Diploma in Business Analytics is an exit-only qualification for the Master of Business Analytics (<a href=""/courses/c04380.html"">C04380</a>) or (<a href=""/courses/c04379.html"">C04379</a>), a unique transdisciplinary program of study in business analytics. With subjects drawn from the UTS Business School and the Faculty of Engineering and Information Technology, students are provided a course structure which fits their background and experience. The course is delivered in blended mode, combining contemporary online and face-to-face learning experiences in UTS&rsquo;s leading-edge facilities.</p>",,"<p>This is an exit-only course. There is no direct admission to it. Current UTS students may be able to submit an Internal Course Transfer (Graduating) application to exit with this course. See the <a href=""https://www.uts.edu.au/current-students/managing-your-course/your-enrolment/enrolment-changes/course-transfer"">Course transfer</a> page for further details.</p>",Business
C07142,2025.01,<p>The Graduate Diploma in Financial Planning is a unique modular experience designed for financial planners with a degree in unrelated fields who want to improve their professional skills and satisfy the Financial Adviser Standards and Ethics Authority (FASEA) qualification requirements.</p>,"<p>The Graduate Diploma in Financial Planning is a Financial Adviser Standards and Ethics Authority (FASEA) approved degree. Visit Treasury&rsquo;s Financial Adviser Standards website at <a href=""https://fas.treasury.gov.au/"">fas.treasury.gov.au</a> for more information.</p>",,Business
C11353,2025.01,"<p>The <a href=""https://studyonline.uts.edu.au/online-courses/graduate-certificate-business-administration"">UTS Online Graduate Certificate in Business Administration</a> provides foundation skills used in the general management of a business enterprise for non-graduates who have extensive business experience.</p>",,<p>This course is offered fully online. </p> <p>This course is not offered to international students.</p>,Business
C04444,2025.01,"<p>The <a href=""https://studyonline.uts.edu.au/online-courses/master-business-administration-mba"">UTS Online MBA</a> is designed for early to mid-career professionals seeking to extend their knowledge and capabilities into managerial roles, to change careers into a new field of business or industry, or to launch and grow their own business. The 12-subject program features a core of eight subjects that cover key managerial and business concepts, with the four remaining subjects allowing a specialisation or a choice of electives. The MBA provides knowledge and skills that are essential for superior management performance and incorporates the latest technological and socially responsible business practices that are reshaping the commercial world.</p> <p>This course teaches contemporary approaches to innovative and sustainable business practices, driven by social values as well as global responsibility. With the UTS Online MBA students gain theoretical and practical knowledge to support strategic decisions and lead with impact into tomorrow.</p>",,<p>This course is offered fully online. </p> <p>This course is not offered to international students.</p>,Business
C07149,2025.01,"<p>The UTS Online Graduate Diploma in Business Administration is an exit-only qualification for the <a href=""https://studyonline.uts.edu.au/online-courses/master-business-administration-mba"">UTS Online MBA</a>.</p>",,"<p>This is an exit-only course. There is no direct admission to it. Current UTS students may be able to submit an Internal Course Transfer (Graduating) application to exit with this course. See the <a href=""https://www.uts.edu.au/current-students/managing-your-course/your-enrolment/enrolment-changes/course-transfer"">Course transfer</a> page for further details.</p> <p>This course is not offered to international students.</p>",Business
C09081,2025.01,<p>The Honours program is designed to provide students with the resources to further develop and apply their research skills and to pursue special areas of interest in depth.</p>,,,Business
C03069,2025.01,"<p>The Masters of Business (Research) is offered as a stand-alone degree and in conjunction with a PhD in Business. The degree develops student research capability and advanced knowledge in preparation to make a significant contribution of knowledge through original investigation.</p> <p>Research capability is developed through intense instruction, study, and supervision. Skills and knowledge acquired in the chosen area of study are utilized in original research developed with academic supervision, culminating in a master&rsquo;s thesis.</p>",,,Business
C04446,2025.01,"<p>The UTS Online <a href=""https://studyonline.uts.edu.au/online-courses/master-supply-chain-management"">Master of Supply Chain Management</a> is designed to advance technical, analytical and managerial capabilities to build resilient, sustainable and inclusive supply chains for the future.</p> <p>The contemporary course content is informed by the latest trends in Supply Chain Management (SCM) and co-developed with industry partners. The course is practice-based and incorporates cohesive and innovative approaches, state-of-the-art technologies and provides relevant and practical skills demanded by employers globally.</p>","<p>This course has been accredited to MCIPS standards by the Chartered Institute of Procurement and Supply (CIPS). Following the completion of the course and three years of relevant work experience, graduates are eligible to apply for MCIPS. Students who wish to apply for MCIPS must meet the following conditions:</p> <ul> <li>Students must complete two of the following three electives as part of the options list: <ul> <li><a href=""/subjects/210707.html"">210707 </a>Supply Chain Risk and Disruption Management</li> <li><a href=""/subjects/210709.html"">210709 </a>Monitor, Measure and Evaluate Supply Chain Performance</li> <li><a href=""/subjects/210710.html"">210710</a> Operational Procurement and Contract Administration</li> </ul> </li> <li>For subject <a href=""/subjects/210712.html"">210712 </a>Supply Chain Management Capstone, students must complete their project/assessments tasks on a procurement and supply chain-related topic, and submit them to CIPS for review as part of the MCIPS application process, and</li> <li>Students must pass all subjects, with no credit given for any form of advanced standing, credit transfer, exemption, or condonement.</li> </ul> <p>More information is available on the <a href=""http://www.cips.org"">CIPS</a> website.</p> <p>CIPS offers complimentary student memberships to those undertaking an accredited program, for its duration whilst studying this program. Students are encouraged to apply for student membership and enrol immediately as they start this program.</p> <p>For queries related to CIPS accreditation, contact Dr <a href=""mailto:Sanjoy.Paul@uts.edu.au"">Sanjoy Paul</a>, program director of Strategic Supply Chain Management Programs.</p>",<p>Please note there will be no intake for this course in 2024.</p> <p>This course is offered fully online.</p> <p>This course is not offered to international students.</p>,Business
C07129,2025.01,"<p>The Graduate Diploma in Strategic Supply Chain Management extends the graduate certificate and provides the opportunity for further specialisation in supply chain management.</p> <p>The course is designed to cater for the needs of those employed in the manufacturing or services sector, be it private, public or not-for-profit organisations, or whether it is a small- or medium-sized enterprise or a multinational corporation.</p>",,,Business
C09133,2025.01,"<p>Bachelor of Business Bachelor of International Studies (Honours) is an exit-point for students who have completed the International Honours pathway within the Bachelor of Business Bachelor of International Studies (<a href=""https://cis-admin.uts.edu.au/courses/c10020.html"">C10020</a>).</p> <p>In the fourth year of the course, International Honours students spend an academic year studying in the local language at a university in the country of their major and also complete an honours level research project under the supervision of a relevant UTS academic.</p> <p>Entry to the International Honours pathway is dependent on students maintaining a credit average (or higher) in both their International Studies and professional degree in their first three years of study, and on the availability of placements in particular majors.</p>",,"<p>This is an exit-only course. There is no direct admission to it. Current UTS students may be able to submit an Internal Course Transfer (Graduating) application to exit with this course. See the <a href=""https://www.uts.edu.au/current-students/managing-your-course/your-enrolment/enrolment-changes/course-transfer"">Course transfer</a> page for further details.</p>",Business
C04440,2025.01,"<p>The Master of Behavioural Economics provides thorough training in behavioural economics and its application in the industry and government. This course provides a foundation in standard economic theory and builds the behavioural models on this foundation. This includes heuristics and biases in individual decision making and their implications in strategic interactions. Students are also provided with a grounding in fundamental tools of applied behavioural science, such as causal inference, trial design and ethical review.</p> <p>Students are given the opportunity to apply behavioural economics concepts in different decision-making environments, including financial decision making, health, education, and the environment. The Master includes hands-on training where students develop their own research project or work on an applied question for an actual industry or government organisation.</p>",,,Business
C10348,2025.01,"<p>The <a href=""https://www.uts.edu.au/future-students/business/business-courses/undergraduate-programs/bachelor-economics"">Bachelor of Economics</a> offers students the analytical and quantitative skills required for an in-depth understanding of key economic principles. Economics plays an important role in shaping societies and it is enhanced by improving economic efficiency, promoting equity, and in the long run through sustainable development. The course helps with developing a strong appreciation of the impact of economic policies and decisions on individuals, businesses, and society more broadly.</p>",,,Business
C07146,2025.01,"<p>The UTS Online Graduate Diploma in Digital Marketing is an exit-only qualification for the <a href=""https://studyonline.uts.edu.au/online-courses/master-digital-marketing"">Master of Digital Marketing</a>, a unique multi-disciplinary program of study in digital marketing. With subjects drawn from UTS Business School and the Faculty of Arts and Social Sciences, students are provided with a course structure that is designed for data-driven and strategic marketing professionals who want to prepare for the future of digital marketing.</p> <p>The course is delivered fully online part-time, enabling students to continue to work full-time while attaining the digital marketing skills to take control of their career and apply the skills they learn in the course immediately at work, regardless of their industry.</p>",,"<p>This is an exit-only course. There is no direct admission to it. Current UTS students may be able to submit an Internal Course Transfer (Graduating) application to exit with this course. See the <a href=""https://www.uts.edu.au/current-students/managing-your-course/your-enrolment/enrolment-changes/course-transfer"">Course transfer</a> page for further details.</p> <p>This course is not offered to international students.</p>",Business
C09004,2025.01,"<p>The Bachelor of Business (Honours) provides an opportunity for advanced study in the disciplinary areas of accounting, finance and economics, management or marketing.</p>",,,Business
C07135,2025.01,"<p>The Graduate Diploma in Marketing provides a thorough understanding of the basic principles of marketing, the motivations of customers and marketing management. Leveraging the research expertise of our Marketing faculty, the program provides students with contemporary knowledge to analyse markets and formulate strategies that connect with industry and best practice. The course allows the student to adapt to the changing marketing landscape in the areas of marketing communications, brand management, marketing for social good, customer experience and behaviour, marketing strategy, data-driven insights, and the legal and ethical implications of marketing.</p>",,,Business
C11282,2025.01,"<p>The Graduate Certificate in Marketing introduces some of the key dimensions of marketing and is designed for those requiring a general understanding of marketing principles. Leveraging the research expertise of our Marketing faculty, the program provides students with contemporary knowledge to analyse markets and formulate strategies that connect with industry and best practice. Students are given the opportunity to consider topics including marketing communications, marketing management, customer experience and behaviour, and data-driven insights.</p>",,,Business
C10355,2025.01,"<p>Taking a transdisciplinary approach, the combined degree Bachelor of Management Bachelor of Creative Intelligence and Innovation provides a compelling combination of deep industry knowledge alongside dynamic approaches to product and service design. This program goes well beyond the design-thinking and design-led innovation programmes now common in university environments to examine how innovation is led from multiple disciplinary perspectives.</p> <p>The management focus of the program provides integrated exposure to the structure, function, and operation of the socio-culturally dynamic entertainment and experience industries, with a special focus on the visitor and audience economies of events, sport business, and the digital creative sector. Featuring a strong emphasis on innovation and entrepreneurship, this course provides a compelling combination of conceptual rigour and practical knowledge, which includes opportunities for internships with industry partners and overseas exchange placements with university partners.</p> <p>The creative intelligence focus of the program propels students to &lsquo;think differently&rsquo; and to experience a new form of education. Instead of lectures and tutorials, students do hackathons, think tanks, and hot housing days in a creative lab environment during their winter and summer schools. They take ideas for a walk and trial speculative scenarios &ndash; they undertake thought experiments and engage in carefully-designed sandpit environments with creative methods and practices from across the disciplines.</p> <p>In summary, this combined degree brings together multiple perspectives from diverse fields, integrating insights from the entertainment and experience industries, this allowing for the cultivation of real-world projects and self-initiated proposals, equipping graduates to address the &lsquo;wicked&rsquo; problems, complex challenges, and untapped opportunities in today&#39;s world.</p>",,,Business
C04368,2025.01,"<p>The Master of Event Management (Extension) provides a substantial overview of the events industry and is designed to develop advanced professional skills and knowledge to sufficiently equip students for management positions in the broad and multifaceted events industry. With this in mind, the program includes subjects that seek to develop an understanding of event creation, planning, delivery, marketing and evaluation processes and practices of various forms of events in both Australian and international contexts.</p>",,,Business
C07019,2025.01,<p>The Graduate Diploma in Not-for-Profit and Social Enterprise provides a broad overview of the not-for-profit sector and is designed to develop an understanding of the not-for-profit sector and the unique skills needed to effectively manage organisations that have a social purpose at their heart.</p>,,,Business
C10226,2025.01,"<p>The Bachelor of Business offers students a sound background in all areas of business through common core subjects, in addition to in-depth knowledge in one or more chosen areas of interest.</p>",,<p>This course is only offered offshore.</p>,Business
C04382,2025.01,"<p>The innovative Master of Marketing program at UTS embraces the dynamic marketing landscape shaped by creativity, technology, and sustainable marketing practices for social good. Leveraging the research expertise of our Marketing faculty, the program provides students with contemporary knowledge to analyse markets and formulate strategies that connect with industry and best practice.</p> <p>The program allows students to adapt to the changing marketing landscape and includes subjects such as digital marketing and social media, data-driven insights, customer experience, marketing analytics, advertising and communications, marketing for social good, omnichannel marketing, strategy and leadership, innovation and creativity, marketing research, pricing and revenue management, branding and consumer insights, and the legal and ethical implications of marketing. The course allows students to complement their existing skill set, fostering the development and support of their career aspirations. The opportunities provided by the course enable students to pursue or advance their marketing careers across a wide range of industries in Australia and internationally.</p>",,,Business
C11360,2025.01,<p>The UTS Online Graduate Certificate in Service Design and Data Analytics in Supply Chain is a specialist postgraduate qualification that develops fundamental knowledge of service design and supply chain analytics concepts and gain technical and commercial capabilities to lead professional practice. </p>,,<p>Please note there will be no intake for this course in 2024.</p> <p>This course is offered fully online.</p> <p>This course is not offered to international students.</p>,Business
C04238,2025.01,"<p>The Master of Professional Accounting provides graduates with the necessary skills, knowledge, and expertise for a career in professional accounting practice, and meets the requirements for professional recognition, including CPA Australia (CPAA) and Chartered Accountants of Australia and New Zealand (CAANZ).</p>","<p>This course meets educational membership requirements for entry into <a href=""https://www.cpaaustralia.com.au/"">CPA Australia </a>(CPAA), <a href=""https://www.charteredaccountantsanz.com/"">Chartered Accountants of Australia and New Zealand</a> (CAANZ), <a href=""https://www.cimaglobal.com/"">Chartered Institute of Management Accountants </a>(CIMA), <a href=""https://www.accaglobal.com/an/en.html"">Association of Chartered Certified Accountants</a> (ACCA), and <a href=""https://www.publicaccountants.org.au/"">Institute of Public Accountants </a>(IPA).</p>",,Business
C11361,2025.01,"<p>The UTS Online Graduate Certificate in Sustainable Sourcing, Procurement and Logistics is a specialist postgraduate qualification that develops the fundamentals of strategic sourcing, operational procurement and logistic processes and strategies as they build a resilient, sustainable and inclusive supply chain.</p>",,<p>Please note there will be no intake for this course in 2024.</p> <p>This course is offered fully online.</p> <p>This course is not offered to international students.</p>,Business
C04324,2025.01,"<p>The ever-growing interest among business managers and academics in supply chains, the emergence of advanced service economies, connected information systems including disruptive technologies, cloud computing and data analytics, new management practices and approaches, and the pressure of global competition has placed a premium on those who have a broad understanding of how to plan and manage complex business operations and related processes. Further, in today&#39;s volatile environment, risk and complexity in supply chains have been major issues faced by industry which encourages businesses to engender a more organic capability to deal with unexpected disruptions. The Master of Strategic Supply Chain Management is designed for those who wish to gain significant insight and advanced skills in these areas.</p>","<p>This course has been accredited to MCIPS standards by the Chartered Institute of Procurement and Supply (CIPS). Following the completion of the course and three years&#39; of relevant work experience, graduates are eligible to apply for MCIPS. Students who wish to apply for MCIPS must meet the following conditions:</p> <ul> <li>Students must complete the following two electives as part of the options list: <ul> <li>21946 Supply Chain Management Analytics</li> <li>77942 Legal Aspects of Contract Administration</li> </ul> </li> <li>For the Industry Research Project (21890) or the Internship Experience (26799) subjects, students must complete their project/assessments tasks on a procurement and supply chain-related topic, and</li> <li>Students must pass all subjects, with no credit given for any form of advanced standing, credit transfer, exemption or condonement.</li> </ul> <p>More information is available from <a href=""http://www.cips.org"">CIPS</a> website.</p> <p>CIPS offers complimentary student memberships to those undertaking an accredited program, for its duration whilst studying this program. Students are encouraged to avail student membership and enrol immediately as they start this program.</p> <p>For queries related to CIPS accreditation, contact Dr <a href=""mailto:Maruf.Chowdhury@uts.edu.au"">Maruf Chowdhury</a>, program director of Strategic Supply Chain Management Programs.</p>",,Business
C04285,2025.01,"<p>The Master of Event Management provides a significant overview of the events industry and is designed to develop high-level professional skills and knowledge sufficient to equip students for management positions in the broad and multifaceted event industry. With this in mind, the program includes subjects that seek to develop an understanding of event creation, planning, delivery, marketing and evaluation processes and practices for various forms of events in both the Australian and international contexts.</p>",,,Business
C04286,2025.01,<p>The Master of Human Resource Management focuses on developing expertise in contemporary human resource management issues. The course is for current managers who are seeking to extend their HR knowledge and improve skills necessary to engage in decision-making at senior levels within an organisation.</p>,<p>Students completing this degree are eligible to apply to the Australian Human Resources Institute (AHRI) for the Professional Member (MAHRI) status and/or advancement to a higher level of membership for those who have appropriate work experience.</p>,,Business
C10026,2025.01,"<p>The <a href=""https://www.uts.edu.au/future-students/business/business-courses/undergraduate-programs/bachelor-business"">Bachelor of Business</a> offers students a sound background in all areas in the first year with an opportunity to study one or more areas of interest from the second year. It prepares students for ethical, sustainable, and future-focused business practice that is not just about profits, but about people and the planet as well.</p> <p>The course is intended for students with diverse backgrounds, experiences, and aspirations &ndash; whether they are a recent school leaver or not; from Australia or abroad; have work experience or not; are a profession-seeker looking to discover a career path or professionally focused with a career in mind.</p> <p>The Bachelor of Business course provides a flexible approach to learning that includes online and on-campus teaching, as well as day and night classes, which helps students to balance study, work and life.</p>",,,Business
C04018,2025.01,"<p>The UTS <a href=""http://www.uts.edu.au/future-students/business/business-courses/mba-programs/why-master-business-administration"">Master of Business Administration</a> (<a href=""https://www.uts.edu.au/future-students/business/business-courses/mba-programs/why-master-business-administration"">MBA</a>) is designed to extend strategic thinking, knowledge and capabilities for early career professionals seeking a career change or advancing into managerial roles. UTS is Australia&rsquo;s number one young university, and the UTS MBA embeds the ethos of practice-based learning, social justice, inclusion, and research with real-world impact. UTS MBA graduates are socially committed change-makers and have secured roles, including CEOs, CFOs, and COOs. The course provides flexibility for students to build a broad foundation of general business skills before expanding their skill sets with their preferred specialisation(s). All MBA subjects are approved by an industry board that insists on &#39;relevance to workplace&#39; as a pre-eminent subject design principle.</p>","<p><strong>Accounting</strong>: <a href=""https://www.cpaaustralia.com.au/"">CPA Australia </a>(CPAA); <a href=""https://www.charteredaccountantsanz.com/"">Chartered Accountants of Australia and New Zealand</a> (CAANZ); <a href=""https://www.publicaccountants.org.au/"">Institute of Public Accountants </a>(IPA)</p> <p>The MBA with Professional Accounting (<a href=""/directory/maj08988.html"">MAJ08988</a>) major and Professional Accounting Extension (<a href=""/directory/smj10161.html"">SMJ10161</a>) sub-major meets the formal academic requirements for associate membership of CPA Australia and the CAANZ. In order to meet the educational requirements for membership of CPA Australia and the CAANZ, students must also substitute subject <a href=""/subjects/22747.html"">22747 </a>Accounting for Managerial Decisions in place of <a href=""/subjects/22800.html"">22800 </a>Understanding Accounting and Financial Reports in the MBA Core (<a href=""/directory/stm91458.html"">STM91458</a>) to qualify for accounting accreditation.</p> <p><strong>Finance</strong>: Financial Services Institute of Australasia (<a href=""https://www.finsia.com/"">FINSIA</a>)</p> <p>Completion of the course meets the education requirements for Affiliate membership and, in conjunction with work experience, the requirements for Associate membership with the Financial Services Institute of Australasia (FINSIA).</p> <p><strong>Human Resources</strong>: Australian Human Resources Institute (<a href=""https://www.ahri.com.au/"">AHRI</a>)</p> <p>Students completing this degree with a major in human resource management are eligible to apply to the Australian Human Resources Institute (AHRI) for the professional member (<a href=""https://www.ahri.com.au/ahri-membership/individual-membership/become-a-professional-member-mahri/"">MAHRI</a>) status.</p> <p><strong>Project Management</strong>: The MBA with a major in Project Management is accredited by the PMI Global Accreditation Centre for Project Management Education Programs (<a href=""https://www.pmi.org/global-accreditation-center/directory"">GAC</a>).</p>",,Business
C41001,2025.01,,,,"Design, Architecture and Building"
C41002,2025.01,,,,"Design, Architecture and Building"
C41004,2025.01,,,,"Design, Architecture and Building"
C42001,2025.01,,,,"Design, Architecture and Building"
C42002,2025.01,,,,"Design, Architecture and Building"
C42004,2025.01,,,,"Design, Architecture and Building"
C04270,2025.01,"<p>The Master of Landscape Architecture provides students with the opportunity to collaborate alongside celebrated practitioners from award-winning international design studios and leading experts in the area of urban design.</p> <p>Students engage in a variety of projects that are based upon the big questions that face global contemporary cities and landscapes: urban densification, climate change, declining resource supply (land, food and water) and the loss of biological diversity through ecological fragmentation and habitat destruction.</p> <p>Using the most relevant and up-to-date methodologies and technologies, students participate in practice-based studios to develop their complex problem-solving skills in order to address the critical role of landscape in the cities of the future.</p> <p>Students who do not meet the admission requirement prerequisites below are encouraged to apply for the <a href=""https://www.uts.edu.au/study/find-a-course/graduate-certificate-landscape-architecture/"">Graduate Certificate in Landscape Architecture</a>, and progress to the Masters via the <a href=""https://www.uts.edu.au/study/find-a-course/graduate-diploma-landscape-architecture/"">Graduate Diploma in Landscape Architecture</a>.</p>",<p>The course is accredited by the Australian Institute of Landscape Architects (AILA).</p>,"<p>Students who do not meet the admission requirements below may begin with the Graduate Certificate or Graduate Diploma and progress to the Master of Landscape Architecture.</p> <p><a href=""https://www.uts.edu.au/study/find-a-course/graduate-certificate-landscape-architecture"">Graduate Certificate in Landscape Architecture</a> --&gt; <a href=""https://www.uts.edu.au/study/find-a-course/graduate-diploma-landscape-architecture"">Graduate Diploma in Landscape Architecture</a> --&gt; Master of Landscape Architecture</p> <p><strong>Commonwealth Supported Places</strong></p> <p>There are a limited number of <a href=""https://www.uts.edu.au/current-students/managing-your-course/fees-and-payment/domestic-student-tuition-fees/commonwealth-supported"">Commonwealth Supported Places (CSPs)</a> within this course that are competitive and allocated on merit. Applicants must indicate on their application if they wish to be considered for a CSP.</p> <p>As applications are assessed progressively, applicants are strongly encouraged to apply early to be considered. Eligible applicants must accept their offer by the lapse date to retain their place.</p> <ul> <li>Autumn 2024 closing dates: <ul> <li>Round 1: Sunday 26 November 2023</li> <li>Round 2: Sunday 21 January 2024 (if places are available)</li> </ul> </li> <li>Spring 2024 closing dates: <ul> <li>Round 1: Sunday 26 May 2024</li> <li>Round 2: Sunday 30 June 2024 (if places are available)</li> </ul> </li> </ul> <p>Refer to <a href=""https://www.uts.edu.au/study/postgraduate/postgraduate-courses-commonwealth-supported-places-csp"">Postgraduate courses with Commonwealth Supported Places</a> for more information.</p>","Design, Architecture and Building"
C04235,2025.01,"<p>The Master of Architecture is a focused, professional degree and is required to become a practising architect. It is the second of two degrees, undertaken after the successful completion of the Bachelor of Design in Architecture (<a href=""/courses/c10004.html"">C10004</a>) or equivalent.</p>","<p>The Master of Architecture is a qualification accepted for candidates seeking to take the professional examination of the NSW Architects Registration Board and Royal Australian Institute of Architects (RAIA), as a prerequisite for registration under the provision of the Architects Act administered by the NSW Architects Registration Board, and to professional membership of the institute.</p>","<p>In normal circumstances <a href=""https://www.uts.edu.au/current-students/managing-your-course/fees-and-payment/domestic-student-tuition-fees/commonwealth-supported"" style=""color: rgb(5, 99, 193); text-decoration: underline;"" title=""https://www.uts.edu.au/current-students/managing-your-course/fees-and-payment/domestic-student-tuition-fees/commonwealth-supported"">Commonwealth Supported Places (CSPs)</a> are available to all domestic students admitted to this course. CSPs provide significant savings compared to published full fees.</p>","Design, Architecture and Building"
C06125,2025.01,<p>This course has been established to address skill deficits in domestic and international students wishing to enrol in the UTS Master of Landscape Architecture. This course is offered as a pathway to the accredited Masters of Landscape Architecture. The completion of the graduate diploma provides eligiblity for entry into the first year of the master&#39;s.</p>,,"<p><strong>Commonwealth Supported Places</strong></p> <p>There are a limited number of <a href=""https://www.uts.edu.au/current-students/managing-your-course/fees-and-payment/domestic-student-tuition-fees/commonwealth-supported"">Commonwealth Supported Places (CSPs)</a> within this course that are competitive and allocated on merit. Applicants must indicate on their application if they wish to be considered for a CSP.</p> <p>As applications are assessed progressively, applicants are strongly encouraged to apply early to be considered. Eligible applicants must accept their offer by the lapse date to retain their place.</p> <ul> <li>Autumn 2024 closing dates: <ul> <li>Round 1: Sunday 26 November 2023</li> <li>Round 2: Sunday 21 January 2024 (if places are available)</li> </ul> </li> <li>Spring 2024 closing dates: <ul> <li>Round 1: Sunday 26 May 2024</li> <li>Round 2: Sunday 30 June 2024 (if places are available)</li> </ul> </li> </ul> <p>Refer to <a href=""https://www.uts.edu.au/study/postgraduate/postgraduate-courses-commonwealth-supported-places-csp"">Postgraduate courses with Commonwealth Supported Places</a> for more information.</p>","Design, Architecture and Building"
C04317,2025.01,"<p>The UTS Master of Property Development and Project Management is designed to enhance knowledge and opportunities for professionals in property and project management, and to enable graduates in related fields to extend their qualifications and expertise to embark on careers in property development and project management. </p>","<p>The course is accredited by both the Australian Property Institute and the Royal Institute of Chartered Surveyors, as well as its accredited by the <a href=""https://protect-au.mimecast.com/s/UzmqCQnMOqC02pjnixgyuu?domain=pmi.org"">Project Management Institute&#39;s (PMI) Global Accreditation Centre for Project Management Education Programs (GAC)</a> and the Royal Institute of Chartered Surveyors (RICS). The Master of Project Management is also endorsed by the Australian Institute of Project Management (AIPM).</p>","<p>Students who do not meet the admission requirements below may begin with a Graduate Certificate and progress to the Master of Property Development and Project Management.</p> <p><strong><a href=""https://www.uts.edu.au/study/find-a-course/graduate-certificate-property-development"">Graduate Certificate in Property Development</a> --&gt; <a href=""https://www.uts.edu.au/study/find-a-course/graduate-diploma-property-development"">Graduate Diploma in Property Development</a> --&gt; Master of Property Development and Project Management</strong></p> <p>-OR-</p> <p><strong><a href=""https://www.uts.edu.au/study/find-a-course/graduate-certificate-project-management"">Graduate Certificate in Project Management</a> --&gt; Master of Property Development and Project Management</strong></p>","Design, Architecture and Building"
C06126,2025.01,<p>Construction management is one of the most rapidly expanding sectors of specialisation in Australia. Construction management specialists have very good job prospects in both construction and infrastructure work areas. The particular mix of skills offered in this degree combine traditional project management frameworks along with specialised preparation in technological advancements and human factors that are a requirement for successful managers in the construction industry.<br /> </p>,,"<p>Students who do not meet the admission requirements below may begin with the Graduate Certificate and progress to the Graduate Diploma in Construction Management.</p> <p><strong><a href=""https://www.uts.edu.au/study/find-a-course/graduate-certificate-construction-management"">Graduate Certificate in Construction Management</a> --&gt; Graduate Diploma in Construction Management</strong></p>","Design, Architecture and Building"
C10004,2025.01,"<p>The Bachelor of Design in Architecture is the first of two degrees needed to become an architect. Students wishing to qualify for professional recognition as architects must also complete the Master of Architecture (<a href=""/courses/c04235.html"">C04235</a>). </p>","<p>The Bachelor of Design in Architecture followed by the Master of Architecture (<a href=""/courses/c04235.html"">C04235</a>) is accredited for professional recognition by the NSW Architects Registration Board, the Australian Institute of Architects and the Commonwealth Association of Architects.</p>","<p>The Bachelor of Design in Architecture by itself does not lead to professional recognition as an architect. To become a professional architect, students must complete this degree followed by the Master of Architecture (<a href=""/courses/c04235.html"">C04235</a>) (an additional two years of full-time study or equivalent).</p> <p>This course is offered for Spring intake to UTS College applicants ONLY - UTS College applicants are not accepted for Autumn intake.</p>","Design, Architecture and Building"
C11270,2025.01,"<p>The Graduate Certificate in Planning offers an entry pathway to the Master of Planning (<a href=""/courses/c04007.html"">C04007</a>) for students who have professional experience in planning but do not have an appropriate undergraduate qualification, or have a bachelor&#39;s degree in an unrelated field.</p>",,,"Design, Architecture and Building"
C04007,2025.01,"<p>The Master of Planning provides a new career path for design, planning and property professionals, equipping graduates with a broad understanding of planning issues alongside the negotiation skills and creative thinking required to resolve them. </p>",<p>This program is accredited by the Planning Institute of Australia.</p>,"<p>Students who do not meet the admission requirements below may begin with the Graduate Certificate and progress to the Master of Planning.</p> <p><a href=""https://www.uts.edu.au/study/find-a-course/graduate-certificate-planning"">Graduate Certificate in Planning</a> --&gt; Master of Planning</p> <p><strong>Commonwealth Supported Places</strong></p> <p>There are a limited number of <a href=""https://www.uts.edu.au/current-students/managing-your-course/fees-and-payment/domestic-student-tuition-fees/commonwealth-supported"">Commonwealth Supported Places (CSPs)</a> within this course that are competitive and allocated on merit. Applicants must indicate on their application if they wish to be considered for a CSP.</p> <p>As applications are assessed progressively, applicants are strongly encouraged to apply early to be considered. Eligible applicants must accept their offer by the lapse date to retain their place.</p> <ul> <li>Autumn 2024 closing dates: <ul> <li>Round 1: Sunday 26 November 2023</li> <li>Round 2: Sunday 21 January 2024 (if places are available)</li> </ul> </li> <li>Spring 2024 closing dates: <ul> <li>Round 1: Sunday 26 May 2024</li> <li>Round 2: Sunday 30 June 2024 (if places are available)</li> </ul> </li> </ul> <p>Refer to <a href=""https://www.uts.edu.au/study/postgraduate/postgraduate-courses-commonwealth-supported-places-csp"">Postgraduate courses with Commonwealth Supported Places</a> for more information.</p>","Design, Architecture and Building"
C11276,2025.01,<p>Construction management is one of the most rapidly expanding sectors of specialisation in Australia. Construction management specialists have very good job prospects in both construction and infrastructure work areas. The particular mix of skills offered in this degree combine traditional project management frameworks along with specialised preparation in technological advancements and human factors that are a requirement for successful managers in the construction industry.</p>,,<p>This course is not offered to international students.</p> <p>No further Commonwealth-supported places available in 2024.</p>,"Design, Architecture and Building"
C04008,2025.01,"<p>UTS&#39;s Master of Property Development provides a comprehensive understanding of the property development process combined with the practical skills required to work effectively in the industry. This incorporates the political, financial, legal and physical systems that contribute to the successful development of property assets.</p>",<p>The course is accredited by both the Australian Property Institute and the Royal Institute of Chartered Surveyors.</p>,"<p>Students who do not meet the admission requirements below may begin with a Graduate Certificate and progress to the Master of Property Development.</p> <p><strong><a href=""https://www.uts.edu.au/study/find-a-course/graduate-certificate-property-development"">Graduate Certificate in Property Development</a> --&gt; Master of Property Development</strong></p> <p>(Note that entry to the Masters via other UTS Graduate Certificates and Graduate Diplomas is also possible.)</p>","Design, Architecture and Building"
C11005,2025.01,"<p>UTS&#39;s postgraduate project management program is designed to enhance the knowledge, experience and careers of both aspiring and experienced project managers. The UTS Graduate Certificate in Project Management equips students with foundational knowledge and experience to launch or enhance project management careers across all industries &ndash; such as banking and finance, construction and engineering, event management, government, health and information technology.</p> <p>Graduates of the Graduate Certificate in Project Management who wish to extend their studies will gain full credit for the Graduate Certificate subjects when they enrol in the Master of Project Management.</p>","<p>The UTS Graduate Certificate in Project Management is accredited by the <a href=""https://protect-au.mimecast.com/s/UzmqCQnMOqC02pjnixgyuu?domain=pmi.org"">Centre for Project Management Education Programs (GAC)</a></p>",,"Design, Architecture and Building"
C07004,2025.01,"<p>UTS&#39;s Postgraduate Project Management program is designed to enhance the knowledge, experience and careers of both aspiring and experienced project managers.</p>",,"<p>Transfer is for students enrolled in the Master of Project Management (<a href=""/courses/c04006.html"">C04006</a>).</p> <p>This is an exit-only course. There is no direct admission to it. Current UTS students may be able to submit an Internal Course Transfer (Graduating) application to exit with this course. See the <a href=""https://www.uts.edu.au/current-students/managing-your-course/your-enrolment/enrolment-changes/course-transfer"">Course transfer</a> page for further details.</p>","Design, Architecture and Building"
C09055,2025.01,"<p>The Bachelor of Design (Honours) in Interior Architecture helps students to re-imagine interior environments and public spaces in local and global contexts. With a strong emphasis on people&#39;s experiences of space, this degree equips students with the critical skills required to interrogate and transgress the traditional boundaries of commercial interior design.</p>",,,"Design, Architecture and Building"
C06006,2025.01,"<p>The Graduate Diploma in Property Development provides a comprehensive understanding of the property development process combined with the practical skills required to work effectively in the industry. This incorporates the political, financial, legal and physical systems that contribute to the successful development of property assets. </p>",,"<p>Students who do not meet the admission requirement prerequisites below are encouraged to apply for the <a href=""https://handbook.uts.edu.au/courses/c11271.html"">Graduate Certificate in Property Development</a>, and progress to the Graduate Diploma in Property Development.</p>","Design, Architecture and Building"
C04316,2025.01,"<p>This course is designed for both property and planning practitioners, and graduates in related fields who wish to extend their qualifications and expertise in property development and planning. Graduates have a commitment to professionalism in the property and planning sector.</p>",<p>This program is accredited by the Planning Institute of Australia.</p>,"<p>Students who do not meet the admission requirements below may begin with a Graduate Certificate and progress to the Master of Property Development and Planning.</p> <p><strong><a href=""https://www.uts.edu.au/study/find-a-course/graduate-certificate-property-development"">Graduate Certificate in Property Development</a> --&gt; Master of Property Development and Planning</strong></p> <p>-OR-</p> <p><strong><a href=""https://www.uts.edu.au/study/find-a-course/graduate-certificate-planning"">Graduate Certificate in Planning</a> --&gt; Master of Property Development and Planning</strong></p> <p>(Note that entry to the Masters via other UTS Graduate Certificates and Graduate Diplomas is also possible.)</p>","Design, Architecture and Building"
C03002,2025.01,"<p>A limited number of places are offered each year to suitably qualified students to follow a program of study leading to this award. This degree is for graduates seeking to extend and deepen their knowledge by undertaking an appropriate research investigation under professional supervision by UTS: Design, Architecture and Building academic staff.</p>",,"<p>Research degrees are offered on a sponsored, scholarship, faculty part-sponsored or full-fee-paying basis. Contact a UTS Student Centre or the UTS: Graduate Research School for further details.</p>","Design, Architecture and Building"
C03001,2025.01,"<p>A limited number of places are offered each year to suitably qualified students to follow a program of study leading to this award. This degree is for graduates seeking to extend and deepen their knowledge by undertaking an appropriate research investigation under professional supervision by UTS: Design, Architecture and Building academic staff.</p>",,"<p>Research degrees are offered on a sponsored, scholarship, faculty part-sponsored or full-fee-paying basis. Contact a UTS Student Centre or the UTS: Graduate Research School for further details.</p>","Design, Architecture and Building"
C03012,2025.01,<p>This degree is for graduates who want to deepen their understanding and hands-on skills in both research-for-design and research-by-design as a way to define the future of the design profession.</p>,,<p>Research degrees are offered on a sponsored basis for permanent residents or on a full-fee-paying basis for international students. Contact a UTS Student Centre or the UTS: Graduate Research School for further details.</p>,"Design, Architecture and Building"
C09079,2025.01,"<p>The Bachelor of Landscape Architecture (Honours) is a four-year honours degree designed to develop skills in design, construction and management associated with natural and built landscapes.</p>",<p>The course is accredited by the Australian Institute of Landscape Architects. </p>,,"Design, Architecture and Building"
C10424,2025.01,"<p>The Bachelor of Languages and Cultures offers students studies in languages other than English, culture and society focused on developing their intercultural and linguistic capabilities. It also offers a capstone subject that allows students to design and carry out a small-scale research project that requires them to apply their linguistic skills and cultural knowledge. </p> <p>The combined Bachelor of Design in Animation Bachelor of Languages and Cultures provides students with intercultural and linguistic skills that raise their awareness of the international implications of design in animation. Students develop an understanding and awareness of a language other than English languages and another culture and refine their intercultural skills. Students also develop their professional skills in writing, research and evaluation. </p>",,<p>There is no direct admission to this course. Current UTS students in combined Bachelor of Arts in International Studies courses may be able to submit an Internal Course Transfer (Continuing) application to transfer into this course. Check with the Student Centre.</p>,"Design, Architecture and Building"
C07119,2025.01,"<p>Unique in Australia, the Master of Design responds to the global need for graduates with skills in social and service design and design leadership, who can create and manage high level service experiences and lead social, community and organisational change. This comprehensive and integrated program has been developed in collaboration with industry leaders including the Design Innovation Research Centre situated in the School of Design at UTS.</p>",,"<p>This is an exit-only course. There is no direct admission to it. Current UTS students may be able to submit an Internal Course Transfer (Graduating) application to exit with this course. Check with your faculty&#39;s student centre.</p> <p>This is an exit-only course. There is no direct admission to it. Current UTS students may be able to submit an Internal Course Transfer (Graduating) application to exit with this course. See the <a href=""https://www.uts.edu.au/current-students/managing-your-course/your-enrolment/enrolment-changes/course-transfer"">Course transfer</a> page for further details.</p>","Design, Architecture and Building"
C04428,2025.01,"<p>Unique in Australia, the Master of Design responds to the global need for graduates with skills in social and service design and design leadership, who can create and manage high level service experiences and lead social, community and organisational change. This comprehensive and integrated program has been developed in collaboration with industry leaders including the Design Innovation Research Centre situated in the School of Design at UTS.</p>",,"<p>This course is not offered for 2023 Spring intake.</p> <p>Students who do not meet the admission requirements below may begin with the Graduate Certificate and progress to the Master of Design (Extension).</p> <p><strong><a href=""https://handbook.uts.edu.au/courses/c11225.html"">Graduate Certificate in Design</a> --&gt; Master of Design (Extension)</strong></p>","Design, Architecture and Building"
C04429,2025.01,"<p>UTS Master of Design meets the national and global need for graduates with skills in social and service design, transition design and design leadership. Unique in Australia, it has been created for those who want to conceive, deliver and manage high level service experiences and/or lead social, community and organisational change. It is a comprehensive and integrated program that has been developed in collaboration with industry leaders and researchers from UTS School of Design.</p> <p>Students without a design qualification or background are encouraged to progress to the Masters via the <a href=""https://www.uts.edu.au/study/find-a-course/graduate-certificate-design"">Graduate Certificate in Design</a>.</p>",,"<p>This course is not offered for 2023 Spring intake.</p> <p>Students who do not meet the admission requirements below may begin with the Graduate Certificate and progress to the Master of Design.</p> <p><strong><a href=""https://handbook.uts.edu.au/courses/c11225.html"">Graduate Certificate in Design</a> --&gt; Master of Design</strong></p>","Design, Architecture and Building"
C11053,2025.01,"<p>Thriving in today&rsquo;s local government sector requires a level of adept professional expertise that can meet the demands of local communities and stakeholders within a complex environment of economic, social, organisational, financial and governance factors.</p> <p>The Graduate Certificate in Local Government combines the latest in local government studies with real world expertise from sector practitioners. It has been designed by the Centre for Local Government at the Institute for Public Policy and Governance UTS, to equip current and emerging co-ordinators, managers and leaders to make the most of working in local government environments. The Certificate provides knowledge and tools to strengthen professional practice and develops the skills and confidence required to navigate the unique challenges and opportunities of the sector in a collaborative peer learning environment.</p>",,<p>This course is not offered to international students.</p> <p>This course is not offered to international students.</p>,"Design, Architecture and Building"
C11275,2025.01,"<p>This course is suitable for those who wish to change careers, for qualified Landscape Architects who want to update their skills, or for anyone wanting to undertake an accredited Masters of Landscape Architecture at UTS via the Graduate Certificate in Landscape Architecture.</p> <p>Based on prior experience and faculty advice, applicants choose from the wide range of studio, technical and theory subjects taught in the undergraduate program to create a tailored curriculum such as the example provided under the course program.</p>",,"<p><strong>Commonwealth Supported Places</strong></p> <p>There are a limited number of <a href=""https://www.uts.edu.au/current-students/managing-your-course/fees-and-payment/domestic-student-tuition-fees/commonwealth-supported"">Commonwealth Supported Places (CSPs)</a> within this course that are competitive and allocated on merit. Applicants must indicate on their application if they wish to be considered for a CSP.</p> <p>As applications are assessed progressively, applicants are strongly encouraged to apply early to be considered. Eligible applicants must accept their offer by the lapse date to retain their place.</p> <ul> <li>Autumn 2024 closing dates: <ul> <li>Round 1: Sunday 26 November 2023</li> <li>Round 2: Sunday 21 January 2024 (if places are available)</li> </ul> </li> <li>Spring 2024 closing dates: <ul> <li>Round 1: Sunday 26 May 2024</li> <li>Round 2: Sunday 30 June 2024 (if places are available)</li> </ul> </li> </ul> <p>Refer to <a href=""https://www.uts.edu.au/study/postgraduate/postgraduate-courses-commonwealth-supported-places-csp"">Postgraduate courses with Commonwealth Supported Places</a> for more information.</p>","Design, Architecture and Building"
C11343,2025.01,"<p>The Graduate Certificate in Urban Planning and Design is a foundation course that provides a pathway to study the Master of Urban Planning or the Master of Urban Design. This degree is designed for students who have professional experience in planning but do not have an appropriate undergraduate qualification, or have a bachelor&#39;s degree in an unrelated field. </p>",,<p>This course is not offered to international applicants.</p> <p>This course is not offered to international students.</p>,"Design, Architecture and Building"
C06145,2025.01,"<p>The UTS Online Graduate Diploma in Urban Planning is designed for professionals who want to develop their knowledge and practical skills to become effective planners with an integrated approach to creating sustainable urban environments. Students proactively explore and engage with the various elements of urban planning, including the environment, legislation, and social sustainability.</p>",,"<p>This is an exit-only course. There is no direct admission to it. Current UTS students may be able to submit an Internal Course Transfer (Graduating) application to exit with this course. See the <a href=""https://www.uts.edu.au/current-students/managing-your-course/your-enrolment/enrolment-changes/course-transfer"">Course transfer</a> page for further details.</p> <p>This course is not offered to international students.</p>","Design, Architecture and Building"
C04439,2025.01,"<p>The UTS Online Master of Urban Design is designed for professionals who want to develop their practical design capabilities to shape the lived experience within sustainable urban environments. Students explore the concept of environmental, economic and social sustainability in urban design and development, and apply their understanding to deliver creative solutions for planning and design in consideration of different design scales.</p>",<p>This program is accredited by the Planning Institute of Australia.</p>,<p>This course is not offered to international applicants.</p> <p>This course is not offered to international students.</p>,"Design, Architecture and Building"
C04441,2025.01,"<p>The UTS Online Master of Urban Planning is designed for professionals who want to develop their knowledge and practical skills to become effective planners with an integrated approach to creating sustainable urban environments. Students proactively explore and engage with the various elements of urban planning, including the environment, legislation, and social sustainability.</p>",<p>This program is accredited by the Planning Institute of Australia. </p>,<p>This course is not offered to international applicants.</p> <p>This course is not offered to international students.</p>,"Design, Architecture and Building"
C07002,2025.01,"<p>The Graduate Diploma in Planning provides a new career path for design, planning and property professionals, equipping graduates with a broad understanding of planning issues alongside the negotiation skills and creative thinking required to resolve them. </p>",,"<p>This is an exit-only course. There is no direct admission to it. Current UTS students may be able to submit an Internal Course Transfer (Graduating) application to exit with this course. See the <a href=""https://www.uts.edu.au/current-students/managing-your-course/your-enrolment/enrolment-changes/course-transfer"">Course transfer</a> page for further details.</p>","Design, Architecture and Building"
C10413,2025.01,<p>The Bachelor of Design in Architecture is the first of two degrees needed to become an architect. Students wishing to qualify for professional recognition as architects must also complete the Master of Architecture program.</p>,"<p>The Bachelor of Design in Architecture followed by the Master of Architecture is accredited for professional recognition by the Architects Accreditation Council of Australia and recognised by the NSW Architects Registration Board, the Australian Institute of Architects and the Commonwealth Association of Architects.</p>","<p>The Bachelor of Design in Architecture Master of Architecture is <strong>only</strong> offered to recent school leaver applicants. Applicants who have undertaken any other higher education will not be eligible.</p> <p>The Bachelor of Design in Architecture Master of Architecture leads to professional recognition as an architect.</p> <p>C10413 Bachelor of Design in Architecture Master of Architecture consists of the identical program as <a href=""https://handbook.uts.edu.au/courses/c10004.html"">(C10004)</a> Bachelor of Design in Architecture from Year 1 through to Year 3 and as <a href=""https://handbook.uts.edu.au/courses/c04235.html"">(C04235)</a> Master of Architecture from Year 4 through to Year 5.</p> <p>To progress into the master level (Years 4 and 5) of this double-degree, students must meet the following requirements:</p> <ul> <li>Students must have completed 144cp as part of the structures <a href=""https://handbook.uts.edu.au/directory/stm91342.html"">STM91342</a> Core subjects (UG Architecture) and <a href=""https://handbook.uts.edu.au/directory/cbk91801.html"">CBK91801</a> Electives (UG Architecture); AND</li> <li>Attain a minimum grade point average (GPA) of 5.50 or above across the structures STM91342 and CBK91801 (Years 1-3).</li> </ul> <p>Students who attain a GPA between 5.00 and 5.49 across <a href=""https://handbook.uts.edu.au/directory/stm91342.html"">STM91342</a> core subjects and <a href=""https://handbook.uts.edu.au/directory/cbk91801.html"">CBK91801</a> (Years 1-3) will be transferred to <a href=""https://handbook.uts.edu.au/courses/c10004.html"">(C10004)</a> Bachelor of Design in Architecture to graduate. These students may apply for entry to (<a href=""https://handbook.uts.edu.au/courses/c04235.html"">C04235</a>) Master of Architecture &ndash; please see <a href=""https://handbook.uts.edu.au/courses/c04235.html#F1088"">admissions requirements</a>.</p> <p>Students who attain a GPA below 5.00 are not eligible for entry into the Master of Architecture.</p> <p>Any student who completes all subjects as part of <a href=""https://handbook.uts.edu.au/directory/stm91342.html"">STM91342</a> and <a href=""https://handbook.uts.edu.au/directory/cbk91801.html"">CBK91801</a> (Years 1-3, 144cp) for the bachelor program, and does not wish to continue on to the master course, may choose to graduate from (C10004) Bachelor of Design in Architecture via <a href=""https://www.uts.edu.au/current-students/managing-your-course/your-enrolment/enrolment-changes/course-transfer"">Course Transfer-graduating</a>.</p> <p>Note that C10004 Bachelor of Design in Architecture on its own is not sufficient for professional accreditation as an architect.</p>","Design, Architecture and Building"
C10272,2025.01,"<p>The Bachelor of Design in Interior Architecture helps students to re-imagine interior environments and public spaces in local and global contexts. With a strong emphasis on people&#39;s experiences of space and the choice of a major in performative space, this degree equips students with the critical skills required to interrogate and transgress the traditional boundaries of commercial interior design.</p> <p>Combined with the Bachelor of International Studies, the course provides students with additional practical skills, in particular those that raise their awareness of the international contexts of design, by providing the opportunity to acquire knowledge and understanding of a language other than English and another culture.</p>",,<p>This course version is for students commencing in 2022 and onwards.</p>,"Design, Architecture and Building"
C10271,2025.01,"<p>The Bachelor of Design in Interior Architecture helps students to re-imagine interior environments and public spaces in local and global contexts. With a strong emphasis on people&#39;s experiences of spatial design, this degree equips students with the critical skills required to interrogate and transgress the traditional boundaries of commercial interior design.</p>",<p>Design Institute of Australia; International Federation of Interior Architects/Designers; Interior Design/Interior Architecture Educators Association (IDEA).</p>,,"Design, Architecture and Building"
C06150,2025.01,"<p>The Graduate Diploma in Property Development provides a comprehensive understanding of the property development process combined with the practical skills required to work effectively in the industry. This incorporates the political, financial, legal and physical systems that contribute to the successful development of property assets.</p>",,"<p>This is an exit-only course. There is no direct admission to it. Current UTS students may be able to submit an Internal Course Transfer (Graduating) application to exit with this course. See the <a href=""https://www.uts.edu.au/current-students/managing-your-course/your-enrolment/enrolment-changes/course-transfer"">Course transfer</a> page for further details.</p>","Design, Architecture and Building"
C10309,2025.01,"<p>This distinctive degree explores diverse forms of visual communication across design, culture and media. Visual Communication students acquire in depth understanding of the histories, practices and meanings of the visual world. In turn, obtaining the visual knowledge and skills required to negotiate rapidly changing technology, visual media and culture while becoming skilled in apprehending the unprecedented pace at which visual images, visual technologies and information data are produced.</p> <p>Combined with the Bachelor of International Studies, the course provides students with additional practical skills, in particular those that raise their awareness of the international contexts of design, by providing the opportunity to acquire knowledge and understanding of a language other than English and another culture.</p>",,<p>This course version is for students commencing in 2022 and onwards.</p>,"Design, Architecture and Building"
C04006,2025.01,"<p>The UTS Master of Project Management is designed to enhance the knowledge, experience and careers of both aspiring and experienced project managers. This course equips students with the underlying knowledge and practical experience to drive project delivery across all industry sectors, such as information technology, construction and health.</p>","<p>The UTS Master of Project Management is accredited by the <a href=""https://protect-au.mimecast.com/s/UzmqCQnMOqC02pjnixgyuu?domain=pmi.org"">Project Management Institute&#39;s (PMI) Global Accreditation Centre for Project Management Education Programs (GAC)</a> and the Royal Institute of Chartered Surveyors (RICS). The Master of Project Management is also endorsed by the Australian Institute of Project Management (AIPM).</p>","<p>Students who do not meet the admission requirements below may begin with the Graduate Certificate and progress to the Master of Project Management.</p> <p><a href=""https://www.uts.edu.au/study/find-a-course/graduate-certificate-project-management"">Graduate Certificate in Project Management</a> --&gt; Master of Project Management</p> <p>Alternatively, students may begin in the Construction Management discipline and progress to the Master of Project Management.</p> <p><a href=""https://www.uts.edu.au/study/find-a-course/graduate-certificate-construction-management"">Graduate Certificate in Construction Management</a> --&gt; <a href=""https://www.uts.edu.au/study/find-a-course/graduate-diploma-construction-management"">Graduate Diploma in Construction Management</a> --&gt; Master of Project Management</p> <p><strong>Commonwealth Supported Places</strong></p> <p>There are a limited number of <a href=""https://www.uts.edu.au/current-students/managing-your-course/fees-and-payment/domestic-student-tuition-fees/commonwealth-supported"">Commonwealth Supported Places (CSPs)</a> within this course that are competitive and allocated on merit. Applicants must indicate on their application if they wish to be considered for a CSP.</p> <p>As applications are assessed progressively, applicants are strongly encouraged to apply early to be considered. Eligible applicants must accept their offer by the lapse date to retain their place.</p> <ul> <li>Autumn 2024 closing dates: <ul> <li>Round 1: Sunday 26 November 2023</li> <li>Round 2: Sunday 21 January 2024 (if places are available)</li> </ul> </li> <li>Spring 2024 closing dates: <ul> <li>Round 1: Sunday 26 May 2024</li> <li>Round 2: Sunday 30 June 2024 (if places are available)</li> </ul> </li> </ul> <p>Refer to <a href=""https://www.uts.edu.au/study/postgraduate/postgraduate-courses-commonwealth-supported-places-csp"">Postgraduate courses with Commonwealth Supported Places</a> for more information.</p>","Design, Architecture and Building"
C11225,2025.01,"<p>UTS Graduate Certificate in Design is an entry-level postgraduate course that allows students with a degree in a discipline other than Design to transition into the <a href=""https://www.uts.edu.au/study/find-a-course/master-design"">Master of Design</a> or <a href=""https://www.uts.edu.au/study/find-a-course/master-design-extension"">Master of Design (Extension)</a>. The course draws on aspects of the School&rsquo;s highly-regarded undergraduate design program to provide the design research and practice fundamentals required for the emerging and increasingly important disciplines of social and service design, transition design, and design leadership.</p>",,,"Design, Architecture and Building"
C10306,2025.01,<p>The Bachelor of Design in Fashion and Textiles is an internationally recognised degree that gives students the start they need to pursue careers across all facets of the local and international fashion industry. The degree provides the conceptual knowledge and garment-making skills required to transform a creative vision into compelling fashion statements. Sustainability and social justice are threaded throughout the course.</p>,,,"Design, Architecture and Building"
C10307,2025.01,"<p>The Bachelor of Design in Fashion and Textiles is an internationally recognised degree that gives students the start they need to pursue careers across all facets of the international fashion industry. The degree provides the conceptual knowledge and garment-making skills required to transform creative vision into compelling fashion statements.</p> <p>Combined with the Bachelor of International Studies, the degree provides students with additional practical skills, in particular those that raise their awareness of the international contexts of design, by providing the opportunity to acquire knowledge and understanding of a language other than English and another culture.</p>",,<p>This course version is for students commencing in 2022 and onwards.</p>,"Design, Architecture and Building"
C09145,2025.01,"<p>The Bachelor of Design in Product Design Bachelor of International Studies (Honours) is an exit-point for students who have completed the International Honours pathway within the Bachelor of Design in Product Design Bachelor of International Studies (<a href=""https://cis-admin.uts.edu.au/courses/c10305.html"">C10305</a>).</p> <p>In the fourth year of the combined degree, International Honours students spend an academic year studying in the local language at a university in the country of their major and also complete an honours level research project under the supervision of a relevant UTS academic.</p> <p>Entry to the International Honours pathway is dependent on students maintaining a credit average (or higher) in both their International Studies and professional degree in their first three years of study, and on the availability of placements in particular majors.</p>",,"<p>This is an exit-only course. There is no direct admission to it. Current UTS students may be able to submit an Internal Course Transfer (Graduating) application to exit with this course. See the <a href=""https://www.uts.edu.au/current-students/managing-your-course/your-enrolment/enrolment-changes/course-transfer"">Course transfer</a> page for further details.</p>","Design, Architecture and Building"
C09144,2025.01,"<p>The Bachelor of Design in Interior Architecture Bachelor of International Studies (Honours) is an exit-point for students who have completed the International Honours pathway within the Bachelor of Design in Interior Architecture Bachelor of International Studies (Honours) (<a href=""https://cis-admin.uts.edu.au/courses/c10272.html"">C10272</a>).</p> <p>In the fourth year of the combined degree, International Honours students spend an academic year studying in the local language at a university in the country of their major and also complete an honours level research project under the supervision of a relevant UTS academic.</p> <p>Entry to the International Honours pathway is dependent on students maintaining a credit average (or higher) in both their International Studies and professional degree in their first three years of study, and on the availability of placements in particular majors.</p>",,"<p>This course version is for students commencing in 2022 and onwards. </p> <p>This is an exit-only course. There is no direct admission to it. Current UTS students may be able to submit an Internal Course Transfer (Graduating) application to exit with this course. See the <a href=""https://www.uts.edu.au/current-students/managing-your-course/your-enrolment/enrolment-changes/course-transfer"">Course transfer</a> page for further details.</p>","Design, Architecture and Building"
C09146,2025.01,"<p>The Bachelor of Design in Visual Communication Bachelor of International Studies (Honours) is an exit-point for students who have completed the International Honours pathway within the Bachelor of Design in Visual Communication Bachelor of International Studies (<a href=""https://cis-admin.uts.edu.au/courses/c10020.html"">C10309</a>).</p> <p>This distinctive degree explores diverse forms of visual communication across design, culture and media. Visual Communication students acquire in depth understanding of the histories, practices and meanings of the visual world. In turn, obtaining the visual knowledge and skills required to negotiate rapidly changing technology, visual media and culture while becoming skilled in apprehending the unprecedented pace at which visual images, visual technologies and information data are produced.</p> <p>The combined Bachelor of Design in Visual Communication Bachelor of Arts in International Studies provides students with additional practical skills, in particular those that raise their awareness of the international contexts of design, by providing the opportunity to acquire knowledge and understanding of a language other than English and another culture.</p> <p>In the fourth year of the combined degree, International Honours students spend an academic year studying in the local language at a university in the country of their major and also complete an honours level research project under the supervision of a relevant UTS academic.</p> <p>Entry to the International Honours pathway is dependent on students maintaining a credit average (or higher) in both their International Studies and professional degree in their first three years of study, and on the availability of placements in particular majors.</p>",,"<p>This is an exit-only course. There is no direct admission to it. Current UTS students may be able to submit an Internal Course Transfer (Graduating) application to exit with this course. See the <a href=""https://www.uts.edu.au/current-students/managing-your-course/your-enrolment/enrolment-changes/course-transfer"">Course transfer</a> page for further details.</p>","Design, Architecture and Building"
C04456,2025.01,,,,"Design, Architecture and Building"
C04294,2025.01,"<p>The UTS Master of Real Estate Investment gives investment, property and finance professionals a competitive advantage in the global property investment boom. It deals with the finance, investment, management, valuation and analysis knowledge required to succeed in the global real estate investment sector. Students are able to integrate highly sought-after property and finance skillsets and advance their career.</p>",,,"Design, Architecture and Building"
C04315,2025.01,"<p>This course is designed for both property and real estate investment practitioners, and graduates in related fields who wish to extend their qualifications and expertise in property development and investment. Graduates have a commitment to professionalism in the property and real estate investment sectors.</p>",,,"Design, Architecture and Building"
C09048,2025.01,"<p>The Bachelor of Design (Honours) in Architecture offers graduates of the Bachelor of Design in Architecture (<a href=""/courses/c10004.html"">C10004</a>), Bachelor of Design in Interior Architecture (<a href=""https://handbook.uts.edu.au/courses/c10271.html"">C10271</a>) or Bachelor of Landscape Architecture (Hons) (<a href=""https://handbook.uts.edu.au/courses/c09079.html"">C09079</a>) a pathway entry into the Master of Architecture (<a href=""/courses/c04235.html"">C04235</a>) or Master of Landscape Architecture (<a href=""/courses/c04270.html"">C04270</a>).</p>",,"<p>The <a href=""https://handbook.uts.edu.au/directory/stm91545.html"">STM91545</a> Architecture Research stream will not run in 2023.</p>","Design, Architecture and Building"
C10320,2025.01,"<p>For students thinking about a career in business, economics or property, the Bachelor of Property Economics provides the edge required to get started in a global industry.</p> <p>Combined with the Bachelor of International Studies, the course provides students specialising in property economics with additional practical skills by providing the opportunity to acquire knowledge and understanding of a language other than English and another culture.</p>",<p>Australian Property Institute (API); Royal Institution of Chartered Surveyors (RICS).</p>,<p><strong>This course information relates to students commencing a combined degree with the Bachelor of International Studies in 2022. </strong>Students who commenced a combined degree with the Bachelor of Arts in International Studies prior to 2022 should refer to the Handbook for the year they commenced their degree.</p>,"Design, Architecture and Building"
C09159,2025.01,"<p>The Bachelor of Property Economics Bachelor of International Studies (Honours) is an exit-point for students who have completed the International Honours pathway within the Bachelor of Property Economics Bachelor of International Studies (<a href=""https://cis-admin.uts.edu.au/courses/c10320.html"">C10320</a>).</p> <p>For students thinking about a career in business, economics or property, the Bachelor of Property Economics provides the edge required to get started in a global industry.</p> <p>The combined degree provides students specialising in property economics with additional practical skills by providing the opportunity to acquire knowledge and understanding of a language other than English and another culture.</p> <p>In the fourth year of the combined degree, International Honours students spend an academic year studying in the local language at a university in the country of their major and also complete an honours level research project under the supervision of a relevant UTS academic.</p> <p>Entry to the International Honours pathway is dependent on students maintaining a credit average (or higher) in both their International Studies and professional degree in their first three years of study, and on the availability of placements in particular majors.</p>",<p>Australian Property Institute (API); Royal Institution of Chartered Surveyors (RICS).</p>,"<p>This is an exit-only course. There is no direct admission to it. Current UTS students may be able to submit an Internal Course Transfer (Graduating) application to exit with this course. See the <a href=""https://www.uts.edu.au/current-students/managing-your-course/your-enrolment/enrolment-changes/course-transfer"">Course transfer</a> page for further details.</p>","Design, Architecture and Building"
C09131,2025.01,"<p>The Bachelor of Design (Honours) is an advanced one-year design degree offered to students wishing to deepen and extend their knowledge from their undergraduate design studies. Students graduate with skills and expertise that are in demand from creative industries, the business sector and society. These include strong disciplinary abilities in their field that prepares graduates for high levels of creative and critical practice, as well as qualifying for postgraduate degrees, scholarships and awards. Graduates are also sought-after for their capabilities in design research,project management, communication and design advocacy.</p>",,,"Design, Architecture and Building"
C10308,2025.01,"<p>This distinctive degree explores diverse forms of visual communication across design, culture and media. Visual communication students acquire in depth understanding of the histories, practices and meanings of the visual world. In turn, obtaining the visual knowledge and skills required to negotiate rapidly changing technology, visual media and culture while becoming skilled in apprehending the unprecedented pace at which visual images, visual technologies and information data are produced.</p>",,,"Design, Architecture and Building"
C07147,2025.01,"<p>The Graduate Diploma in Architecture is a focused, one-year exit degree designed for students who begin the Master of Architecture degree, then decide that they do not wish to become licensed architects but still would like qualifications that allow them to work in the profession. The Graduate Diploma is more comprehensive than the Graduate Certificate degree and delivers some of the material that is required to become a practising architect. </p>",,"<p>This is an exit-only course. There is no direct admission to it. Current UTS students may be able to submit an Internal Course Transfer (Graduating) application to exit with this course. See the <a href=""https://www.uts.edu.au/current-students/managing-your-course/your-enrolment/enrolment-changes/course-transfer"">Course transfer</a> page for further details.</p>","Design, Architecture and Building"
C06144,2025.01,"<p>The UTS Online Graduate Diploma in Urban Design is designed for professionals who want to develop their practical design capabilities to shape the lived experience within sustainable urban environments. Students explore the concept of environmental, economic, and social sustainability in urban design and development, and apply their understanding to deliver creative design solutions for design in consideration of local design scales.</p>",,"<p>This is an exit-only course. There is no direct admission to it. Current UTS students may be able to submit an Internal Course Transfer (Graduating) application to exit with this course. Check with your faculty&#39;s student centre.</p> <p>This is an exit-only course. There is no direct admission to it. Current UTS students may be able to submit an Internal Course Transfer (Graduating) application to exit with this course. See the <a href=""https://www.uts.edu.au/current-students/managing-your-course/your-enrolment/enrolment-changes/course-transfer"">Course transfer</a> page for further details.</p> <p>This course is not offered to international students.</p>","Design, Architecture and Building"
C10310,2025.01,"<p>For students thinking about a career in business, economics or property, the Bachelor of Property Economics provides the edge required to get started in a global industry.</p>",<p>Australian Property Institute (API); Royal Institution of Chartered Surveyors (RICS).</p>,,"Design, Architecture and Building"
C20061,2025.01,"<p>The Diploma of Fashion and Sustainability provides students with a robust foundation in sustainability issues in fashion. It offers an entry into the fashion industry, and it is also a potential pathway into the renowned Bachelor of Design in Fashion and Textiles degree.</p> <p>The Diploma introduces students to conceptual research and design development in fashion, garment-making, and fashion illustration skills. Students&rsquo; fashion studies are framed with design as a force for change in different systems. Students work in world-class fashion workshops with close supervision of expert staff. Upon completion students understand fashion&rsquo;s significant role in realising sustainable futures.</p>",,"<p><strong>Applicants for this diploma must have completed a <a href=""https://www.tafensw.edu.au/course/-/c/c/HE20537V01/Undergraduate-Certificate-in-Sustainable-Practice"">TAFE undergraduate Certificate in Sustainable Practice</a>. </strong>Applicants can apply directly to UTS via <a href=""https://www.uts.edu.au/my-student-portal"">My Student Portal</a>.</p> <p>On completion of this diploma, students are eligible to apply for entry to <a href=""https://handbook.uts.edu.au/courses/c10306.html"">C10306</a> Bachelor of Design in Fashion and Textiles via <a href=""https://www.uac.edu.au/"">UAC</a>. Students will still need to meet the existing admission requirements for non-recent school leavers. Students who successfully get an offer for <a href=""https://handbook.uts.edu.au/courses/c10306.html"">C10306</a> Bachelor of Design in Fashion and Textiles will be granted 24 credit points toward the degree.</p> <p>This course is not offered to international students.</p>","Design, Architecture and Building"
C06033,2025.01,"<p>In the dynamic context of rapid technological and socioeconomic change, the local government sector needs agile leaders who bring a high level of professional expertise and a diverse set of managerial and organisational skills. In addition, leaders and managers need to have a strategic understanding of the evolving needs and priorities of both the councils and the communities they serve.</p> <p>The Graduate Diploma in Local Government is an innovative postgraduate program from the Centre for Local Government at the Institute for Public Policy and Governance UTS. Designed to elevate the professional capabilities of local government professionals, this diploma offers a distinctive blend of academic insights, practitioner based learning, and actionable research application. Underpinned by principles of public service, it provides a unique opportunity for local government professionals to expand their knowledge and competencies within a collaborative peer learning environment. </p>",,,"Design, Architecture and Building"
C11346,2025.01,"<p>The Graduate Certificate in Architecture is a focused exit degree designed for students who begin the Master of Architecture degree, then decide that they do not wish to become licensed architects but still would like qualifications that allow them to work in the field. The Graduate Certificate delivers some of the material that is required to become a practising architect. </p>",,"<p>This is an exit-only course. There is no direct admission to it. Current UTS students may be able to submit an Internal Course Transfer (Graduating) application to exit with this course. See the <a href=""https://www.uts.edu.au/current-students/managing-your-course/your-enrolment/enrolment-changes/course-transfer"">Course transfer</a> page for further details.</p>","Design, Architecture and Building"
C04445,2025.01,"<p>UTS&#39;s Master of Property Development provides a comprehensive understanding of the property development process combined with the practical skills required to work effectively in the industry. This incorporates the political, financial, legal and physical systems that contribute to the successful development of property assets. </p>",,"<p><em>International students can study this course in online mode and thus are not eligible for a student visa to study this course in Australia.</em></p> <p>Students who do not meet the admission requirements below may begin with a Graduate Certificate and progress to the Master of Property Development.</p> <p><strong><a href=""https://www.uts.edu.au/study/find-a-course/graduate-certificate-property-development"">Graduate Certificate in Property Development</a> --&gt; Master of Property Development</strong></p> <p>(Note that entry to the Masters via other UTS Graduate Certificates and Graduate Diplomas is also possible.)</p>","Design, Architecture and Building"
C09143,2025.01,"<p>The Bachelor of Design in Fashion and Textiles Bachelor of International Studies (Honours) is an exit-point for students who have completed the International Honours pathway within the Bachelor of Design in Fashion and Textiles Bachelor of International Studies (<a href=""https://cis-admin.uts.edu.au/courses/c10307.html"">C10307</a>).</p> <p>In the fourth year of the combined degree, International Honours students spend an academic year studying in the local language at a university in the country of their major and also complete an honours level research project under the supervision of a relevant UTS academic.</p> <p>Entry to the International Honours pathway is dependent on students maintaining a credit average (or higher) in both their International Studies and professional degree in their first three years of study, and on the availability of placements in particular majors.</p>",,"<p>This course version is for students commencing in 2022 and onwards. </p> <p>This is an exit-only course. There is no direct admission to it. Current UTS students may be able to submit an Internal Course Transfer (Graduating) application to exit with this course. See the <a href=""https://www.uts.edu.au/current-students/managing-your-course/your-enrolment/enrolment-changes/course-transfer"">Course transfer</a> page for further details.</p>","Design, Architecture and Building"
C10304,2025.01,"<p>The Bachelor of Design in Product Design prepares students for a career in the global product design industry. Students learn how to tackle complex problem solving, explore creative solutions, and develop realistic outcomes that could make a mark on the world.</p>",,,"Design, Architecture and Building"
C10305,2025.01,"<p>The Bachelor of Design in Product Design prepares students for a career in the global product design industry, from boutique design practice or service design to large-scale industrial production and beyond.</p> <p>Combined wiith the Bachelor of International Studies, the course provides students with additional practical skills, in particular those that raise their awareness of the international contexts of design, by providing the opportunity to acquire knowledge and understanding of a language other than English and another culture.</p>",,<p>This course version is for students commencing in 2022 and onwards.</p>,"Design, Architecture and Building"
C10214,2025.01,"<p>The Bachelor of Construction Project Management delivers the management, technology and process skills required to work in a variety of well-paid roles across the full spectrum of construction projects. Students are taught a wide range of project management methodologies with a strong focus on applying these to real-world projects. This knowledge can be applied in other industry sectors, providing further employment opportunities.</p>","<p>This course is accredited by the <a href=""https://protect-au.mimecast.com/s/UzmqCQnMOqC02pjnixgyuu?domain=pmi.org"">Project Management Institute (PMI)</a>; Royal Institution of Chartered Surveyors (RICS); Australian Institute of Quantity Surveyors (AIQS); Australian Institute of Building (AIB).</p> <p>The course is also recognised by the Chartered Institute of Building (CIOB) and endorsed by the Australian Institute of Project Management (AIPM).</p>",,"Design, Architecture and Building"
C10215,2025.01,"<p>The Bachelor of Construction Project Management delivers the management, technology and process skills required to work in a variety of well-paid roles across the full spectrum of construction projects. Students are taught a wide range of project management methodologies with a strong focus on applying these to real-world projects. This knowledge can be applied in other industry sectors, providing further employment opportunities.</p> <p>Combined with the Bachelor of International Studies, the course aims to provide graduates with the skills necessary for the management of all aspects of the construction process, as well as develop students&#39; perspectives and understandings to enable them to meet the demands of an internationalised professional environment.</p>",<p>This course is accredited by the Project Management Institute (PMI); Royal Institution of Chartered Surveyors (RICS); Australian Institute of Quantity Surveyors (AIQS); Australian Institute of Building (AIB).</p> <p>The course is also recognised by the Chartered Institute of Building (CIOB).</p>,<p><strong>This course information relates to students commencing a combined degree with the Bachelor of International Studies in 2022.</strong> Students who commenced a combined degree with the Bachelor of Arts in International Studies prior to 2022 should refer to the Handbook for the year they commenced their degree.</p>,"Design, Architecture and Building"
C09141,2025.01,"<p>The Bachelor of Construction Project Management Bachelor of International Studies (Honours) is an exit-point for students who have completed the International Honours pathway within the Bachelor of Construction Project Management Bachelor of International Studies (<a href=""https://cis-admin.uts.edu.au/courses/c10215.html"">C10215</a>).</p> <p>In the fourth year of the combined degree, International Honours students spend an academic year studying in the local language at a university in the country of their major and also complete an honours level research project under the supervision of a relevant UTS academic.</p> <p>Entry to the International Honours pathway is dependent on students maintaining a credit average (or higher) in both their International Studies and professional degree in their first three years of study, and on the availability of placements in particular majors.</p>",<p>This course is accredited by the Project Management Institute (PMI); Royal Institution of Chartered Surveyors (RICS); Australian Institute of Quantity Surveyors (AIQS); Australian Institute of Building (AIB).</p> <p>The course is also recognised by the Chartered Institute of Building (CIOB).</p>,"<p>This is an exit-only course. There is no direct admission to it. Current UTS students may be able to submit an Internal Course Transfer (Graduating) application to exit with this course. See the <a href=""https://www.uts.edu.au/current-students/managing-your-course/your-enrolment/enrolment-changes/course-transfer"">Course transfer</a> page for further details.</p>","Design, Architecture and Building"
C11271,2025.01,"<p>The Graduate Certificate in Property Development offers an entry pathway to the Master of Property Development (<a href=""/courses/c04008.html"">C04008</a>) for students who have professional experience in property but do not have an appropriate undergraduate qualification, or who have a bachelor&#39;s degree in an unrelated field.</p>",,,"Design, Architecture and Building"
C11356,2025.01,"<p>The Graduate Certificate in Property Development offers an entry pathway to the Master of Property Development (C04445) for students who have professional experience in property but do not have an appropriate undergraduate qualification, or who have a bachelor&#39;s degree in an unrelated field. </p>",,<p><em>International students can study this course in online mode only and thus are not eligible for a student visa to study this course in Australia.</em></p>,"Design, Architecture and Building"
C06129,2025.01,"<p>The Graduate Diploma of Strategic Communication provides advanced study in public communication practices. It is relevant for graduates seeking a career in corporate, government, political, health, organisational or marketing communication, advertising or public relations, and for communication professionals seeking to advance their career. The course includes theoretical and practical perspectives on up-to-date issues such as audience insights through ethical data collection and analysis, digital media communication, and strategic communication informed by research and evaluation.</p>",,,Communication
C04459,2025.01,,,,Communication
C07152,2025.01,,,,Communication
C04410,2025.01,"<p>The Master of Strategic Communication (Extension) provides advanced study in public communication practices. It is relevant for graduates seeking a career in corporate, government, political, health, organisational or marketing communication, advertising, or public relations and for communication professionals seeking to advance their career to senior level. The course includes theoretical and practical perspectives on up-to-date issues such as audience insights through ethical data collection and analysis, digital media communication, and strategic communication informed by research and evaluation.</p>",<p>Programs in the public communication discipline at UTS are accredited by the Public Relations Institute of Australia (PRIA).</p> <p>Students have access to free student membership of the PRIA and graduates have an accelerated path to professional membership of the PRIA.</p>,,Communication
C09047,2025.01,"<p>The <a href=""http://www.uts.edu.au/future-students/communication/undergraduate/bachelor-communication-honours"" target=""_blank"" title=""http://www.uts.edu.au/future-students/communication/undergraduate/bachelor-communication-honours"">Bachelor of Communication (Honours)</a> offers graduates the opportunity to pursue advanced-level study in communication, social sciences, cultural studies and creative arts. It prepares graduates for professional and/or higher degree research practice. Emphasis is placed on interdisciplinary approaches and the integration of scholarship with contemporary issues in society and culture.</p>",,,Communication
C07140,2025.01,"<p>The Graduate Diploma in Media Practice and Industry is for creative media graduates or experienced industry practitioners seeking to advance their skills and employability in a hybrid and dynamic media environment. The course is focused towards media industry transformations with respect to ethics, social justice, technology and sustainability. Students select subject choices which share entrepreneurial, collaborative and iterative approaches to the ideas, practices and audiences for screen, digital media and emerging platforms. Curation, design thinking and project-based work are key aspects of the course, which aims to produce graduates who can provide leadership to harness and shape opportunities in the field.</p>",,"<p>This is an exit-only course. There is no direct admission to it. Current UTS students may be able to submit an Internal Course Transfer (Graduating) application to exit with this course. See the <a href=""https://www.uts.edu.au/current-students/managing-your-course/your-enrolment/enrolment-changes/course-transfer"">Course transfer</a> page for further details.</p>",Communication
C41010,2025.01,,,,Communication
C42006,2025.01,,,,Communication
C10359,2025.01,"<p>One of the first communication courses to focus on social media and digital technologies, the Bachelor of Communication (Digital and Social Media) at UTS ensures students become capable practitioners of the modern formats of digital communication. This rapidly evolving industry requires workers to be technologically literate, culturally aware, and innovative, with an ability to analyse and develop solutions to problems using digital media technologies. In the course, students are introduced to key debates around the role of social media as a communication tool, and its prevalence in day-to-day affairs. They also develop transferable, practical skills in social media management, user experience (UX) and user interface design (UI), and data visualisation and analysis.</p> <p>Taking a transdisciplinary approach, the Bachelor of Creative Intelligence and Innovation utilises multiple perspectives from diverse fields, integrating a range of industry experiences, real-world projects and self-initiated proposals, equipping graduates to address the wicked problems, complex challenges and untapped opportunities in today&#39;s world.</p>",,,Communication
C10454,2025.01,"<p>For students who see themselves developing or managing a contemporary media business, the new Bachelor of Communication (Media Business) has been designed to help them cultivate the core management and communication skills for leadership in media industries. In response to industry demand, the Bachelor of Communication (Media Business) has been created for students with an interest in any aspect of media production, from film and TV, to advertising, music, games, online content, and more. This course equips students with the necessary business skills to be successful in their chosen field. With a basis in ethical and effective practice, they develop an understanding of how power, influence, economics, and legal obligations affect media processes and content creation.</p> <p>Taking a transdisciplinary approach, the Bachelor of Creative Intelligence and Innovation utilises multiple perspectives from diverse fields, integrating a range of industry experiences, real-world projects and self-initiated proposals, equipping graduates to address the wicked problems, complex challenges and untapped opportunities in today&#39;s world.</p>",,,Communication
C10364,2025.01,"<p>The Bachelor of Communication (Social and Political Sciences) at UTS is designed for those passionate about influencing key areas of public policy like climate change, human rights or issues facing Indigenous Australians and migrants. In the course, students explore current social issues, investigate society and analyse the implications of change in Australian and global communities. In this practice-led course, students work with experienced practitioners to develop their skills as researchers, analysts, critical thinkers, effective communicators and advocates, and bring key policy issues to life with their interpersonal and public communication skills.</p>",,"<p>Students who commenced the Bachelor of Communication (Social and Political Sciences) before 2022 can view their revised program of study <a href=""https://www.uts.edu.au/current-students/current-students-information-communication/manage-your-course/course-transition/undergraduate-bachelor-communication-transition-arrangements"">here</a>.</p>",Communication
C10277,2025.01,"<p>The Bachelor of Music and Sound Design at UTS is built on the understanding that good practitioners have a strong base in artistic, professional and theoretical skills. Combining the domains of music, sound and screens, the Music and Sound Design course focuses on developing real-world skills for the digital sound industry, giving students the ability to apply their craft to films, TV, games, online platforms and music production. Students learn from leading industry figures &ndash; such as sound designers, songwriters and producers &ndash; in this practice-led course. </p> <p>This degree combines a professional degree with language and culture studies, enhancing professional training and career options by providing students with the opportunity to undertake studies at an overseas University.</p>",,<p><br /> <strong>This course information relates to students commencing a combined degree with the Bachelor of International Studies in 2022.</strong> Students who commenced a combined degree with the Bachelor of Arts in International Studies prior to 2022 should refer to the Handbook for the year they commenced their degree.</p>,Communication
C09135,2025.01,"<p>Bachelor of Communication (Digital and Social Media) Bachelor of International Studies (Honours) is an exit-point for students who have completed the International Honours pathway within the Bachelor of Communication (Digital and Social Media) Bachelor of International Studies (<a href=""https://www.handbook.uts.edu.au/courses/c10372.html"">C10372</a>).</p> <p>In the fourth year of the combined degree, International Honours students spend an academic year studying in the local language at a university in the country of their major and also complete an honours level research project under the supervision of a relevant UTS academic.</p> <p>Entry to the International Honours pathway is dependent on students maintaining a credit average (or higher) in both their International Studies and professional degree in their first three years of study, and on the availability of placements in particular majors.</p>",,"<p>This is an exit-only course. There is no direct admission to it. Current UTS students may be able to submit an Internal Course Transfer (Graduating) application to exit with this course. See the <a href=""https://www.uts.edu.au/current-students/managing-your-course/your-enrolment/enrolment-changes/course-transfer"">Course transfer</a> page for further details.</p>",Communication
C09136,2025.01,"<p>Bachelor of Communication (Journalism) Bachelor of International Studies (Honours) is an exit-point for students who have completed the International Honours pathway within the Bachelor of Communication (Journalism) Bachelor of International Studies (<a href=""https://www.handbook.uts.edu.au/courses/c10365.html"">C10365</a>).</p> <p>In the fourth year of the combined degree, International Honours students spend an academic year studying in the local language at a university in the country of their major and also complete an honours level research project under the supervision of a relevant UTS academic.</p> <p>Entry to the International Honours pathway is dependent on students maintaining a credit average (or higher) in both their International Studies and professional degree in their first three years of study, and on the availability of placements in particular majors.</p>","<ul> <li>Graduates are eligible to apply for professional level membership of the Media, Entertainment and Arts Alliance (MEAA).</li> <li>Students are eligible for student membership of the MEAA and access to the MEAA, Women in Media and Walkley Foundation network which provides skill development programs.</li> <li>The course is recognised by the MEAA and the Australian Press Council.</li> </ul>","<p>This is an exit-only course. There is no direct admission to it. Current UTS students may be able to submit an Internal Course Transfer (Graduating) application to exit with this course. See the <a href=""https://www.uts.edu.au/current-students/managing-your-course/your-enrolment/enrolment-changes/course-transfer"">Course transfer</a> page for further details.</p>",Communication
C04385,2025.01,"<p>The Master of Strategic Communication provides advanced study in public communication practices. It is relevant for graduates seeking a career in corporate, government, political, health, organisational or marketing communication, advertising, or public relations and for communication professionals seeking to advance their career to senior level.</p> <p>The Master of Strategic Communication includes theoretical and practical perspectives on up-to-date issues such as audience insights through ethical data collection and analysis, digital media communication, and strategic communication informed by research and evaluation.</p> <p><a href=""https://www.uts.edu.au/sites/default/files/2020-05/uts-fass-pg-strategic-communications_1.pdf"">Download the Master of Strategic Communication flyer</a></p>",<p>Programs in the public communication discipline at UTS are accredited by the Public Relations Institute of Australia (PRIA).</p> <p>Students have access to free student membership of the PRIA and graduates have an accelerated path to professional membership of the PRIA.</p>,,Communication
C11379,2025.01,,,,Communication
C10363,2025.01,"<p>The Strategic Communication course at UTS will develop students&rsquo; skills and knowledge for work in creative advertising, strategic public relations and the fast expanding related areas. Formerly known as &lsquo;Public Communication&rsquo;, the industry-focussed Bachelor of Communication (Strategic Communication) is taught by practitioners and leading researchers in the field, helping students to build the skills they need to enter the dynamic and diverse global communication industry. Students research, design and produce campaigns for issues and organisations, as well as develop their copywriting, media liaison and writing skills for digital, traditional and social media. They gain an understanding of the practical and theoretical bases for the work they do and its application to a variety of industries &ndash; from environmental to music to banking organisations &ndash; within the social, economic and political contexts in which they operate. </p>",<p>This course has professional recognition from the Public Relations Institute of Australia.</p>,"<p>Students who commenced the Bachelor of Communication (Public Communication) before 2022 can view their revised program of study <a href=""http://www.uts.edu.au/current-students/current-students-information-communication/manage-your-course/course-transition/undergraduate-bachelor-communication-transition-arrangements"">here</a>. </p>",Communication
C09134,2025.01,"<p>Bachelor of Communication (Writing and Publishing) Bachelor of International Studies (Honours) is an exit-point for students who have completed the International Honours pathway within the Bachelor of Communication (Writing and Publishing) Bachelor of International Studies (<a href=""https://www.handbook.uts.edu.au/courses/c10370.html"">C10370</a>).</p> <p>In the fourth year of the combined degree, International Honours students spend an academic year studying in the local language at a university in the country of their major and also complete an honours level research project under the supervision of a relevant UTS academic.</p> <p>Entry to the International Honours pathway is dependent on students maintaining a credit average (or higher) in both their International Studies and professional degree in their first three years of study, and on the availability of placements in particular majors.</p>",,"<p>This is an exit-only course. There is no direct admission to it. Current UTS students may be able to submit an Internal Course Transfer (Graduating) application to exit with this course. See the <a href=""https://www.uts.edu.au/current-students/managing-your-course/your-enrolment/enrolment-changes/course-transfer"">Course transfer</a> page for further details.</p>",Communication
C10366,2025.01,"<p>Designed for people passionate about films, filmmaking, and media production, the Bachelor of Communication (Media Arts and Production) at UTS equips students with the practical production skills and conceptual backing needed to enter the creative industries with a competitive edge. This hands-on course, designed and taught by leading practitioners in the Australian film and television industry, sees students produce a portfolio of media works encompassing short drama, documentary, animation, sound and the media arts.</p> <p>This degree combines a professional degree with language and culture studies, enhancing professional training and career options by providing students with the opportunity to undertake studies at an overseas University.</p>",,<p><strong>This course information relates to students commencing a combined degree with the Bachelor of International Studies in 2022.</strong> Students who commenced a combined degree with the Bachelor of Arts in International Studies prior to 2022 should refer to the Handbook for the year they commenced their degree.</p>,Communication
C10367,2025.01,"<p>The Bachelor of Communication (Strategic Communication) at UTS will develop students&rsquo; skills and knowledge for work in creative advertising, strategic public relations and the fast expanding related areas. Formerly known as &lsquo;Public Communication&rsquo;, the industry-focussed Bachelor of Communication (Strategic Communication) is taught by practitioners and leading researchers in the field, helping students to build the skills they need to enter the dynamic and diverse global communication industry. Students research, design and produce campaigns for issues and organisations, as well as develop their copywriting, media liaison and writing skills for digital, traditional and social media. They gain an understanding of the practical and theoretical bases for the work they do and its application to a variety of industries &ndash; from environmental to music to banking organisations &ndash; within the social, economic and political contexts in which they operate.</p> <p>This degree combines a professional degree with language and culture studies, enhancing professional training and career options by providing students with the opportunity to undertake studies at an overseas University.</p>",<p>This course has professional recognition from the Public Relations Institute of Australia. </p>,<p><strong>This course information relates to students commencing a combined degree with the Bachelor of International Studies in 2022.</strong> Students who commenced a combined degree with the Bachelor of Arts in International Studies prior to 2022 should refer to the Handbook for the year they commenced their degree.</p>,Communication
C03067,2025.01,"<p>Students extend and deepen their knowledge through an appropriate research investigation under a supervisory panel with expertise in the proposed area of research. They develop critical and analytical skills, and advanced research skills to enable in-depth exploration of their chosen area, including for creative or professional practice.</p> <p>All students are required to successfully complete the research training coursework subject <a href=""http://handbook.uts.edu.au/subjects/51913.html"">51913 Academic Research Practice</a> which will develop their research knowledge and skills.</p>",,<p>Research degrees are offered on a sponsored or full-fee-paying basis. Contact the Faculty of Arts and Social Sciences or the UTS: Graduate Research School for further details. </p>,Communication
C10451,2025.01,"<p>For students who see themselves developing or managing a contemporary media business, the new Bachelor of Communication (Media Business) has been designed to help them cultivate the core management and communication skills for leadership in media industries. In response to industry demand, the Bachelor of Communication (Media Business) has been created for students with an interest in any aspect of media production, from film and TV, to advertising, music, games, online content, and more. This course equips students with the necessary business skills to be successful in their chosen field. With a basis in ethical and effective practice, they develop an understanding of how power, influence, economics, and legal obligations affect media processes and content creation.</p>",,,Communication
C10452,2025.01,"<p>For students who see themselves developing or managing a contemporary media business, the new Bachelor of Communication (Media Business) has been designed to help them cultivate the core management and communication skills for leadership in media industries. In response to industry demand, the Bachelor of Communication (Media Business) has been created for students with an interest in any aspect of media production, from film and TV, to advertising, music, games, online content, and more. This course equips students with the necessary business skills to be successful in their chosen field. With a basis in ethical and effective practice, they develop an understanding of how power, influence, economics, and legal obligations affect media processes and content creation.</p> <p>This degree combines a professional degree with language and culture studies, enhancing professional training and career options by providing students with the opportunity to undertake studies at an overseas University.</p>",,,Communication
C09138,2025.01,"<p>Bachelor of Communication (Media Business) Bachelor of International Studies (Honours) is an exit-point for students who have completed the International Honours pathway within the Bachelor of Communication (Media Business) Bachelor of International Studies (<a href=""https://www.handbook.uts.edu.au/courses/c10452.html"">C10452</a>).</p> <p>In the fourth year of the combined degree, International Honours students spend an academic year studying in the local language at a university in the country of their major and also complete an honours level research project under the supervision of a relevant UTS academic.</p> <p>Entry to the International Honours pathway is dependent on students maintaining a credit average (or higher) in both their International Studies and professional degree in their first three years of study, and on the availability of placements in particular majors.</p>",,"<p>This is an exit-only course. There is no direct admission to it. Current UTS students may be able to submit an Internal Course Transfer (Graduating) application to exit with this course. See the <a href=""https://www.uts.edu.au/current-students/managing-your-course/your-enrolment/enrolment-changes/course-transfer"">Course transfer</a> page for further details.</p>",Communication
C09157,2025.01,"<p>The Bachelor of Music and Sound Design Bachelor of International Studies (Honours) is an exit-point for students who have completed the International Honours pathway within the Bachelor of Music and Sound Design Bachelor of International Studies (<a href=""/courses/c10277.html"">C10277</a>).</p> <p>In the fourth year of the combined degree, International Honours students spend an academic year studying in the local language at a university in the country of their major and also complete an honours level research project under the supervision of a relevant UTS academic.</p> <p>Entry to the International Honours pathway is dependent on students maintaining a credit average (or higher) in both their International Studies and professional degree in their first three years of study, and on the availability of placements in particular majors.</p>",,"<p>This is an exit-only course. There is no direct admission to it. Current UTS students may be able to submit an Internal Course Transfer (Graduating) application to exit with this course. See the <a href=""https://www.uts.edu.au/current-students/managing-your-course/your-enrolment/enrolment-changes/course-transfer"">Course transfer</a> page for further details.</p>",Communication
C10461,2025.01,"<p>For those who have a passion for visual arts, drawing and storytelling, the Bachelor of Animation Production at UTS gives students the knowledge and hands-on experience required to create animation work that communicates clear and powerful ideas, helping them stand out in a global industry.</p> <p>The Bachelor of Animation Production students learn how to observe the world around them, drawing directly from life to gain inspiration for characters and stories. They discover how to think creatively and develop ideas through multiple stages, focusing upon character development, narrative structure and engaging performance. They also learn fundamental 2D, 3D and hybrid animation skills to bring their stories to life.</p> <p>Taking a transdisciplinary approach, the Bachelor of Creative Intelligence and Innovation utilises multiple perspectives from diverse fields, integrating a range of industry experiences, real-world projects and self-initiated proposals, equipping graduates to address the wicked problems, complex challenges and untapped opportunities in today&#39;s world.</p>",,,Communication
C10462,2025.01,"<p>For those who have a passion for visual arts, drawing and storytelling, the Bachelor of Animation Production at UTS gives students the knowledge and hands-on experience required to create animation work that communicates clear and powerful ideas, helping them stand out in a global industry.</p> <p>The Bachelor of Animation Production students learn how to observe the world around them, drawing directly from life to gain inspiration for characters and stories. They discover how to think creatively and develop ideas through multiple stages, focusing upon character development, narrative structure and engaging performance. They also learn fundamental 2D, 3D and hybrid animation skills to bring their stories to life.</p> <p>This degree combines a professional degree with language and culture studies, enhancing professional training and career options by providing students with the opportunity to undertake studies at an overseas University.</p>",,,Communication
C11289,2025.01,"<p>The Graduate Certificate of Media Practice and Industry is part of an articulated program in media and creative practices that includes media industry transformations with respect to ethics, social justice, technology and sustainability and entrepreneurial, collaborative and iterative approaches to the ideas, practices and audiences for screen, digital media and emerging platforms. It offers an entry-level introduction to media and creative processes and practices.</p>",,,Communication
C04454,2025.01,"<p>The world is changing rapidly through digitalisation of much human interaction and communication processes. This, combined with the shifting attitudes among people about brands and the communication and other interactions they have with organisations, is creating new challenges and opportunities for people involved in creating and managing communication programmes.</p> <p>The Master of Strategic Communication introduces students to knowledge and skills which are relevant to developing and managing communication in their work. It provides opportunities to apply and develop those skills and so discover how clear and effective communication is more important than ever to achieve positive breakthroughs, to meet challenges, and to solve problems. In doing this, students are encouraged to be curious, creative, rigorous, inclusive and respectful of the audiences with whom they communicate.</p>",,"<p>This course is offered fully online. First intake will be SP6, 2023. </p>",Communication
C06153,2025.01,,,,Communication
C10368,2025.01,"<p>The Bachelor of Communication (Social and Political Sciences) at UTS is designed for those passionate about influencing key areas of public policy like climate change, human rights or issues facing Indigenous Australians and migrants. In the course, students explore current social issues, investigate society and analyse the implications of change in Australian and global communities. In this practice-led course, students work with experienced practitioners to develop their skills as researchers, analysts, critical thinkers, effective communicators and advocates, and bring key policy issues to life with their interpersonal and public communication skills.</p> <p>This degree combines a professional degree with language and culture studies, enhancing professional training and career options by providing students with the opportunity to undertake studies at an overseas University.</p>",,<p><strong>This course information relates to students commencing a combined degree with the Bachelor of International Studies in 2022.</strong> Students who commenced a combined degree with the Bachelor of Arts in International Studies prior to 2022 should refer to the Handbook for the year they commenced their degree.</p>,Communication
C10372,2025.01,"<p>One of the first communication courses to focus on social media and digital technologies, the Bachelor of Communication (Digital and Social Media) at UTS ensures students become capable practitioners of the modern formats of digital communication. This rapidly evolving industry requires workers to be technologically literate, culturally aware, and innovative, with an ability to analyse and develop solutions to problems using digital media technologies. In the course, students are introduced to key debates around the role of social media as a communication tool, and its prevalence in day-to-day affairs. They also develop transferable, practical skills in social media management, user experience (UX) and user interface design (UI), and data visualisation and analysis.</p> <p>This degree combines a professional degree with language and culture studies, enhancing professional training and career options by providing students with the opportunity to undertake studies at an overseas University.</p>",,<p><strong>This course information relates to students commencing a combined degree with the Bachelor of International Studies in 2022.</strong> Students who commenced a combined degree with the Bachelor of Arts in International Studies prior to 2022 should refer to the Handbook for the year they commenced their degree.</p>,Communication
C04461,2025.01,,,,Communication
C09132,2025.01,"<p>The Bachelor of Animation Production Bachelor of International Studies (Honours) is an exit-point for students who have completed the International Honours pathway within the Bachelor of Animation Production Bachelor of International Studies (<a href=""https://www.handbook.uts.edu.au/courses/c10462.html"">C10462</a>).</p> <p>In the fourth year of the combined degree, International Honours students spend an academic year studying in the local language at a university in the country of their major and also complete an honours level research project under the supervision of a relevant UTS academic.</p> <p>Entry to the International Honours pathway is dependent on students maintaining a credit average (or higher) in both their International Studies and professional degree in their first three years of study, and on the availability of placements in particular majors.</p>",,"<p>This is an exit-only course. There is no direct admission to it. Current UTS students may be able to submit an Internal Course Transfer (Graduating) application to exit with this course. See the <a href=""https://www.uts.edu.au/current-students/managing-your-course/your-enrolment/enrolment-changes/course-transfer"">Course transfer</a> page for further details.</p>",Communication
C10373,2025.01,"<p>Designed for people passionate about films, filmmaking, and media production, the Bachelor of Communication (Media Arts and Production) at UTS equips students with the practical production skills and conceptual backing needed to enter the creative industries with a competitive edge. This hands-on course, designed and taught by leading practitioners in the Australian film and television industry, sees students produce a portfolio of media works encompassing short drama, documentary, animation, sound and the media arts.</p> <p>Taking a transdisciplinary approach, the Bachelor of Creative Intelligence and Innovation utilises multiple perspectives from diverse fields, integrating a range of industry experiences, real-world projects and self-initiated proposals, equipping graduates to address the wicked problems, complex challenges and untapped opportunities in today&#39;s world.</p>",,,Communication
C10362,2025.01,"<p>Designed for people passionate about films, filmmaking, and media production, the Bachelor of Communication (Media Arts and Production) at UTS equips students with the practical production skills and conceptual backing needed to enter the creative industries with a competitive edge. This hands-on course, designed and taught by leading practitioners in the Australian film and television industry, sees students produce a portfolio of media works encompassing short drama, documentary, animation, sound and the media arts.</p>",,"<p>Students who commenced the Bachelor of Communication (Media Arts and Production) before 2022 can view their revised program of study <a href=""http://www.uts.edu.au/current-students/current-students-information-communication/manage-your-course/course-transition/undergraduate-bachelor-communication-transition-arrangements"">here</a>. </p>",Communication
C10374,2025.01,"<p>The Bachelor of Communication (Strategic Communication) at UTS will develop students&rsquo; skills and knowledge for work in creative advertising, strategic public relations and the fast expanding related areas. Formerly known as &lsquo;Public Communication&rsquo;, the industry-focussed Bachelor of Communication (Strategic Communication) is taught by practitioners and leading researchers in the field, helping students to build the skills they need to enter the dynamic and diverse global communication industry. Students research, design and produce campaigns for issues and organisations, as well as develop their copywriting, media liaison and writing skills for digital, traditional and social media. They gain an understanding of the practical and theoretical bases for the work they do and its application to a variety of industries &ndash; from environmental to music to banking organisations &ndash; within the social, economic and political contexts in which they operate.</p> <p>Taking a transdisciplinary approach, the Bachelor of Creative Intelligence and Innovation utilises multiple perspectives from diverse fields, integrating a range of industry experiences, real-world projects and self-initiated proposals, equipping graduates to address the wicked problems, complex challenges and untapped opportunities in today&#39;s world.</p>",<p>This course has professional recognition from the Public Relations Institute of Australia. </p>,,Communication
C11378,2025.01,,,,Communication
C10361,2025.01,"<p>For those interested in investigating world issues like politics, climate change or global relations, and sharing them with the public, journalism is an exciting and broad career option. It combines skills in writing, production, research and critical thinking to develop students&rsquo; capacities to frame world issues and affairs in accessible and relevant ways. UTS teaches journalism on the principle that it is a public good, and that any functional society requires a free and robust media. We encourage our graduates to be critical thinkers and train them in the ethical, intellectual, and political foundations needed to start their professional lives. </p>","<ul> <li>Graduates are eligible to apply for professional level membership of the Media, Entertainment and Arts Alliance (MEAA).</li> <li>Students are eligible for student membership of the MEAA and access to the MEAA, Women in Media and Walkley Foundation network which provides skill development programs.</li> <li>The course is recognised by the MEAA and the Australian Press Council.</li> </ul>","<p>Students who commenced the Bachelor of Communication (Journalism) before 2022 can view their revised program of study <a href=""https://www.uts.edu.au/current-students/current-students-information-communication/manage-your-course/course-transition/undergraduate-bachelor-communication-transition-arrangements"">here</a>.</p>",Communication
C11355,2025.01,"<p>At the heart of the Fourth Industrial Revolution are human-centric skills, technical know-how and business acumen that can transform problems into opportunities for improved performance and positive social change.</p> <p>The <a href=""https://studyonline.uts.edu.au/online-courses/graduate-certificate-business-consulting-tech-implementation"">Graduate Certificate in Business Consulting and Technology Implementation,</a> designed with industry partners including Microsoft, is an online course that prepares you to work in the high-demand professional field of Functional Consulting. The course aims to provide students with a research-informed toolkit of skills, knowledge and methodologies to facilitate the co-design and implementation of valued-added processes and technological solutions.</p>",,,Communication
C04394,2025.01,"<p>The Master of Media Practice and Industry is for creative media graduates or experienced industry practitioners seeking to advance their skills and employability in a hybrid and dynamic media environment. The course is focused towards media industry transformations with respect to ethics, social justice, technology and sustainability. Students select from innovation, industry and production subject choices which share entrepreneurial, collaborative and iterative approaches to the ideas, practices and audiences for screen, digital media and emerging platforms. Curation, design thinking and project-based work are key aspects of the course which aims to produce graduates who can provide leadership to harness and shape opportunities in the field.</p>",,"<p><strong>Commonwealth Supported Places</strong></p> <p>There are a limited number of <a href=""https://www.uts.edu.au/current-students/managing-your-course/fees-and-payment/domestic-student-tuition-fees/commonwealth-supported"">Commonwealth Supported Places (CSPs)</a> within this course that are competitive and allocated on merit. Applicants must indicate on their application if they wish to be considered for a CSP.</p> <p>As applications are assessed progressively, applicants are strongly encouraged to apply early to be considered. Eligible applicants must accept their offer by the lapse date to retain their place.</p> <ul> <li>Autumn 2024 closing dates: <ul> <li>Round 1: Sunday 26 November 2023</li> <li>Round 2: Sunday 21 January 2024 (if places are available)</li> </ul> </li> <li>Spring 2024 closing dates: <ul> <li>Round 1: Sunday 26 May 2024</li> <li>Round 2: Sunday 30 June 2024 (if places are available)</li> </ul> </li> </ul> <p>Refer to <a href=""https://www.uts.edu.au/study/postgraduate/postgraduate-courses-commonwealth-supported-places-csp"">Postgraduate courses with Commonwealth Supported Places</a> for more information.</p>",Communication
C10377,2025.01,"<p>For those with an interest in different forms of creative writing and publishing, this practice-based course provides the skills and industry knowledge to work in the field. The Bachelor of Communication (Writing and Publishing) at UTS is an industry-led course, designed and taught by a team of award-winning published authors, editors, scholars and industry professionals. Writing and Publishing builds students&rsquo; knowledge of Australian and global publishing contexts, as well as writing and storytelling across an array of formats, like fiction and nonfiction, screenwriting, digital content and games. Students also develop strengths in critical thinking, research, editing and publishing and storytelling in broader contexts &ndash; all skills transferable to a wide range of industries and careers. </p> <p>Taking a transdisciplinary approach, the Bachelor of Creative Intelligence and Innovation utilises multiple perspectives from diverse fields, integrating a range of industry experiences, real-world projects and self-initiated proposals, equipping graduates to address the wicked problems, complex challenges and untapped opportunities in today&#39;s world.</p>",,,Communication
C10376,2025.01,"<p>For those interested in investigating world issues like politics, climate change or global relations, and sharing them with the public, journalism is an exciting and broad career option. It combines skills in writing, production, research and critical thinking to develop students&rsquo; capacities to frame world issues and affairs in accessible and relevant ways. UTS teaches journalism on the principle that it is a public good, and that any functional society requires a free and robust media. We encourage our graduates to be critical thinkers and train them in the ethical, intellectual, and political foundations needed to start their professional lives. </p> <p>Taking a transdisciplinary approach, the Bachelor of Creative Intelligence and Innovation utilises multiple perspectives from diverse fields, integrating a range of industry experiences, real-world projects and self-initiated proposals, equipping graduates to address the wicked problems, complex challenges and untapped opportunities in today&#39;s world.</p>","<ul> <li>Graduates are eligible to apply for professional level membership of the Media, Entertainment and Arts Alliance (MEAA).</li> <li>Students are eligible for student membership of the MEAA and access to the MEAA, Women in Media and Walkley Foundation network which provides skill development programs.</li> <li>The course is recognised by the MEAA and the Australian Press Council.</li> </ul>",,Communication
C10375,2025.01,"<p>The Bachelor of Communication (Social and Political Sciences) at UTS is designed for those passionate about influencing key areas of public policy like climate change, human rights or issues facing Indigenous Australians and migrants. In the course, students explore current social issues, investigate society and analyse the implications of change in Australian and global communities. In this practice-led course, students work with experienced practitioners to develop their skills as researchers, analysts, critical thinkers, effective communicators and advocates, and bring key policy issues to life with their interpersonal and public communication skills.</p> <p>Taking a transdisciplinary approach, the Bachelor of Creative Intelligence and Innovation utilises multiple perspectives from diverse fields, integrating a range of industry experiences, real-world projects and self-initiated proposals, equipping graduates to address the wicked problems, complex challenges and untapped opportunities in today&#39;s world.</p>",,,Communication
C10369,2025.01,"<p>For those with an interest in different forms of creative writing and publishing, this practice-based course provides the skills and industry knowledge to work in the field. The Bachelor of Communication (Writing and Publishing) at UTS is an industry-led course, designed and taught by a team of award-winning published authors, editors, scholars and industry professionals. Writing and Publishing builds students&rsquo; knowledge of Australian and global publishing contexts, as well as writing and storytelling across an array of formats, like fiction and nonfiction, screenwriting, digital content and games. Students also develop strengths in critical thinking, research, editing and publishing and storytelling in broader contexts &ndash; all skills transferable to a wide range of industries and careers. </p>",,"<p>Students who commenced the Bachelor of Communication (Creative Writing) before 2022 can view their revised program of study <a href=""http://www.uts.edu.au/current-students/current-students-information-communication/manage-your-course/course-transition/undergraduate-bachelor-communication-transition-arrangements"">here</a>. </p>",Communication
C10365,2025.01,"<p>For those interested in investigating world issues like politics, climate change or global relations, and sharing them with the public, journalism is an exciting and broad career option. It combines skills in writing, production, research and critical thinking to develop students&rsquo; capacities to frame world issues and affairs in accessible and relevant ways. UTS teaches journalism on the principle that it is a public good, and that any functional society requires a free and robust media. We encourage our graduates to be critical thinkers and train them in the ethical, intellectual, and political foundations needed to start their professional lives. </p> <p>This degree combines a professional degree with language and culture studies, enhancing professional training and career options by providing students with the opportunity to undertake studies at an overseas University.</p>","<ul> <li>Graduates are eligible to apply for professional level membership of the Media, Entertainment and Arts Alliance (MEAA).</li> <li>Students are eligible for student membership of the MEAA and access to the MEAA, Women in Media and Walkley Foundation network which provides skill development programs.</li> <li>The course is recognised by the MEAA and the Australian Press Council.</li> </ul>",<p><strong>This course information relates to students commencing a combined degree with the Bachelor of International Studies in 2022.</strong> Students who commenced a combined degree with the Bachelor of Arts in International Studies prior to 2022 should refer to the Handbook for the year they commenced their degree.</p>,Communication
C10370,2025.01,"<p>For those with an interest in different forms of creative writing and publishing, this practice-based course provides the skills and industry knowledge to work in the field. The Bachelor of Communication (Writing and Publishing) at UTS is an industry-led course, designed and taught by a team of award-winning published authors, editors, scholars and industry professionals. Writing and Publishing builds students&rsquo; knowledge of Australian and global publishing contexts, as well as writing and storytelling across an array of formats, like fiction and nonfiction, screenwriting, digital content and games. Students also develop strengths in critical thinking, research, editing and publishing and storytelling in broader contexts &ndash; all skills transferable to a wide range of industries and careers. </p> <p>This degree combines a professional degree with language and culture studies, enhancing professional training and career options by providing students with the opportunity to undertake studies at an overseas University.</p>",,<p><strong>This course information relates to students commencing a combined degree with the Bachelor of International Studies in 2022.</strong> Students who commenced a combined degree with the Bachelor of Arts in International Studies prior to 2022 should refer to the Handbook for the year they commenced their degree.</p>,Communication
C11371,2025.01,"<p>The Graduate Certificate in Writing, Editing and Publishing is designed for those who wish to work in writing, editing, and publishing or for experienced creators who wish to develop and enhance their existing knowledge and abilities. The emphasis in this course is on creating graduates with the core skills, cultural intelligence and industry knowledge that allows them to continue to adapt their learning and to identify opportunities for leadership within a rapidly transforming industry. The program at UTS has been connecting students with industry for more than forty years with many graduates going on to achieve outstanding success.</p>",,"<p><strong>Commonwealth Supported Places</strong></p> <p>There are a limited number of <a href=""https://www.uts.edu.au/current-students/managing-your-course/fees-and-payment/domestic-student-tuition-fees/commonwealth-supported"">Commonwealth Supported Places (CSPs)</a> within this course that are competitive and allocated on merit. Applicants must indicate on their application if they wish to be considered for a CSP.</p> <p>As applications are assessed progressively, applicants are strongly encouraged to apply early to be considered. Eligible applicants must accept their offer by the lapse date to retain their place.</p> <ul> <li>Autumn 2024 closing dates: <ul> <li>Round 1: Sunday 26 November 2023</li> <li>Round 2: Sunday 21 January 2024 (if places are available)</li> </ul> </li> <li>Spring 2024 closing dates: <ul> <li>Round 1: Sunday 26 May 2024</li> <li>Round 2: Sunday 30 June 2024 (if places are available)</li> </ul> </li> </ul> <p>Refer to <a href=""https://www.uts.edu.au/study/postgraduate/postgraduate-courses-commonwealth-supported-places-csp"">Postgraduate courses with Commonwealth Supported Places</a> for more information.</p> <p>This course is not offered to international students.</p>",Communication
C10465,2025.01,"<p>The Bachelor of Music and Sound Design at UTS is built on the understanding that good practitioners have a strong base in artistic, professional and theoretical skills. Combining the domains of music, sound and screens, the course focuses on developing real-world skills for the digital sound industry, giving students the ability to apply their craft to films, TV, games, online platforms and music production. Students learn from leading industry figures &ndash; such as sound designers, songwriters and producers &ndash; in this practice-led course.</p> <p>Taking a transdisciplinary approach, the Bachelor of Creative Intelligence and Innovation utilises multiple perspectives from diverse fields, integrating a range of industry experiences, real-world projects and self-initiated proposals, equipping graduates to address the wicked problems, complex challenges and untapped opportunities in today&#39;s world.</p>",,,Communication
C10460,2025.01,"<p>For those who have a passion for visual arts, drawing and storytelling, the Bachelor of Animation Production at UTS gives students the knowledge and hands-on experience required to create animation work that communicates clear and powerful ideas, helping them stand out in a global industry.</p> <p>The Bachelor of Animation Production students learn how to observe the world around them, drawing directly from life to gain inspiration for characters and stories. They discover how to think creatively and develop ideas through multiple stages, focusing upon character development, narrative structure and engaging performance. They also learn fundamental 2D, 3D and hybrid animation skills to bring their stories to life.</p>",,,Communication
C09130,2025.01,"<p>For those who have a passion for visual arts, drawing and storytelling, the Bachelor of Animation Production (Honours) at UTS gives students the knowledge and hands-on experience required to create animation work that communicates clear and powerful ideas, helping them stand out in a global industry.</p> <p>The Bachelor of Animation Production (Honours) students learn how to observe the world around them, drawing directly from life to gain inspiration for characters and stories. They discover how to think creatively and develop ideas through multiple stages, focusing upon character development, narrative structure and engaging performance. They also learn fundamental 2D, 3D and hybrid animation skills to bring their stories to life.</p>",,,Communication
C10276,2025.01,"<p>The Bachelor of Music and Sound Design at UTS is built on the understanding that good practitioners have a strong base in artistic, professional and theoretical skills. Combining the domains of music, sound and screens, the Music and Sound Design course focuses on developing real-world skills for the digital sound industry, giving students the ability to apply their craft to films, TV, games, online platforms and music production. Students learn from leading industry figures &ndash; such as sound designers, songwriters and producers &ndash; in this practice-led course. </p>",,,Communication
C09137,2025.01,"<p>Bachelor of Communication (Media Arts and Production) Bachelor of International Studies (Honours) is an exit-point for students who have completed the International Honours pathway within the Bachelor of Communication (Media Arts and Production) Bachelor of International Studies (<a href=""/courses/c10366.html"">C10366</a>).</p> <p>In the fourth year of the combined degree, International Honours students spend an academic year studying in the local language at a university in the country of their major and also complete an honours level research project under the supervision of a relevant UTS academic.</p> <p>Entry to the International Honours pathway is dependent on students maintaining a credit average (or higher) in both their International Studies and professional degree in their first three years of study, and on the availability of placements in particular majors.</p>",,"<p>This is an exit-only course. There is no direct admission to it. Current UTS students may be able to submit an Internal Course Transfer (Graduating) application to exit with this course. See the <a href=""https://www.uts.edu.au/current-students/managing-your-course/your-enrolment/enrolment-changes/course-transfer"">Course transfer</a> page for further details.</p>",Communication
C09139,2025.01,"<p>Bachelor of Communication (Strategic Communication) Bachelor of International Studies (Honours) is an exit-point for students who have completed the International Honours pathway within the Bachelor of Communication (Strategic Communication) Bachelor of International Studies (<a href=""https://handbook.uts.edu.au/courses/c10367.html"">C10367</a>).</p> <p>In the fourth year of the combined degree, International Honours students spend an academic year studying in the local language at a university in the country of their major and also complete an honours level research project under the supervision of a relevant UTS academic.</p> <p>Entry to the International Honours pathway is dependent on students maintaining a credit average (or higher) in both their International Studies and professional degree in their first three years of study, and on the availability of placements in particular majors.</p>",<p>This course has professional recognition from the Public Relations Institute of Australia. </p>,"<p>This is an exit-only course. There is no direct admission to it. Current UTS students may be able to submit an Internal Course Transfer (Graduating) application to exit with this course. See the <a href=""https://www.uts.edu.au/current-students/managing-your-course/your-enrolment/enrolment-changes/course-transfer"">Course transfer</a> page for further details.</p>",Communication
C09140,2025.01,"<p>Bachelor of Communication (Social and Political Sciences) Bachelor of International Studies (Honours) is an exit-point for students who have completed the International Honours pathway within the Bachelor of Communication (Social and Political Sciences) Bachelor of International Studies (<a href=""/courses/c10368.html"">C10368</a>).</p> <p>In the fourth year of the combined degree, International Honours students spend an academic year studying in the local language at a university in the country of their major and also complete an honours level research project under the supervision of a relevant UTS academic.</p> <p>Entry to the International Honours pathway is dependent on students maintaining a credit average (or higher) in both their International Studies and professional degree in their first three years of study, and on the availability of placements in particular majors.</p>",,"<p>This is an exit-only course. There is no direct admission to it. Current UTS students may be able to submit an Internal Course Transfer (Graduating) application to exit with this course. See the <a href=""https://www.uts.edu.au/current-students/managing-your-course/your-enrolment/enrolment-changes/course-transfer"">Course transfer</a> page for further details.</p>",Communication
C04462,2025.01,,,,Communication
C04411,2025.01,"<p>The Master of Media Practice and Industry (Extension) is for creative media graduates or experienced industry practitioners seeking to advance their skills and employability in a hybrid and dynamic media environment. The course is focused towards media industry transformations with respect to ethics, social justice, technology and sustainability. Students select from innovation, industry and production subject choices which share entrepreneurial, collaborative and iterative approaches to the ideas, practices and audiences for screen, digital media and emerging platforms. Curation, design thinking and project-based work are key aspects of the course which aims to produce graduates who can provide leadership to harness and shape opportunities in the field.</p>",,,Communication
C11373,2025.01,,,,Communication
C11372,2025.01,"<p>The world is changing rapidly through digitalisation of much human interaction and communication processes. This, combined with the shifting attitudes among people about brands and the communication and other interactions they have with organisations, is creating new challenges and opportunities for people involved in creating and managing communication programmes.</p> <p>The UTS Online Graduate Certificate in Strategic Communication aims to provide students with a foundational understanding of the strategic function which communication plays for businesses and and organisations as they engage with other parts of society. Students are encouraged to be curious, creative, rigorous, inclusive and respectful of the audiences with whom they communicate.</p> <p>This course aims to introduce students to foundational knowledge about the strategic use of communication for those who are prospectively expanding their knowledge and building their understanding as a steppingstone towards building and applying the skills and techniques as the next step in their career.</p>",,"<p>This course is offered fully online. First intake will be SP6, 2023. </p>",Communication
C10371,2025.01,"<p>One of the first communication courses to focus on social media and digital technologies, the Bachelor of Communication (Digital and Social Media) at UTS ensures students become capable practitioners of the modern formats of digital communication. This rapidly evolving industry requires workers to be technologically literate, culturally aware, and innovative, with an ability to analyse and develop solutions to problems using digital media technologies. In the course, students are introduced to key debates around the role of social media as a communication tool, and its prevalence in day-to-day affairs. They also develop transferable, practical skills in social media management, user experience (UX) and user interface design (UI), and data visualisation and analysis.</p>",,"<p>Students who commenced the Bachelor of Communication (Digital and Social Media) before 2022 can view their revised program of study <a href=""http://www.uts.edu.au/current-students/current-students-information-communication/manage-your-course/course-transition/undergraduate-bachelor-communication-transition-arrangements"">here</a>. </p>",Communication
C06151,2025.01,<p>The UTS Online Graduate Diploma in Strategic Communication is an exit-only qualification for the UTS Online Master of Strategic Communication. </p>,,"<p>This is an exit-only course. There is no direct admission to it. Current UTS students may be able to submit an Internal Course Transfer (Graduating) application to exit with this course. See the <a href=""https://www.uts.edu.au/current-students/managing-your-course/your-enrolment/enrolment-changes/course-transfer"">Course transfer</a> page for further details.</p>",Communication
C04460,2025.01,,,,Communication
C42016,2025.01,,,,Education
C41023,2025.01,,,<p>This course is not offered to international students.</p>,Education
C04255,2025.01,"<p>This teacher education preparation course provides students with a master&#39;s qualification to teach in NSW secondary schools. Students who have both the required undergraduate degree and specialisation subjects can complete the course in two years. The course offers major studies in English, Mathematics, Science (Biology and/or Chemistry and/or Earth and Environmental Science and/or Physics), HSIE (Business Studies and/or Economics and/or Society and Culture and/or Legal Studies), Technological and Applied Studies (Engineering Studies and/or Software Design and Development and/or Industrial Technology Graphics and Multimedia and/or Information Processes and Technology), English/HSIE, English/EAL/D, Science/Mathematics, HSIE/Mathematics, Science/EAL/D, Mathematics/EAL/D, and Mathematics/Physics.</p> <p>The core component provides research-based studies of educational theory and practice as a basis for professional decision-making in the secondary school context; the major component provides teaching methods; and the professional experience component includes both campus-based and field-based experiences, and is available in each of the specialisation areas.</p>","<p>This course is accredited by the NSW Education Standards Authority (NESA) as a recognised secondary school teaching qualification. To gain employment as a teacher in NSW schools, graduands must meet the requirements of the NESA, including language proficiency.</p>","<p><strong><a>Commonwealth Supported Places are available for this course</a></strong></p> <p><a href=""https://www.uts.edu.au/current-students/managing-your-course/fees-and-payment/domestic-student-tuition-fees/commonwealth-supported"">Commonwealth Supported Places (CSPs)</a> within this course are competitive and allocated on merit. Applicants are strongly encouraged to submit their full application, including a <strong>compulsory </strong><a href=""https://www.uts.edu.au/about/faculty-arts-and-social-sciences/international-studies-education/student-information/personal-statement"">personal statement</a>, by the following dates and, if eligible, accept their offer of a CSP as soon as possible.</p> <ul> <li><strong>Autumn 2024:</strong> <ul> <li>Round 1: Sunday 26 November 2023</li> <li>Round 2: Sunday 21 January 2024 (if places are available)</li> </ul> </li> <li><strong>Spring 2024:</strong> <ul> <li>Round 1: Sunday 26 May 2024</li> <li>Round 2: Sunday 30 June 2024 (if places are available)</li> </ul> </li> </ul> <p>Before submitting their application, applicants should carefully review the information required in the <a href=""https://www.uts.edu.au/about/faculty-arts-and-social-sciences/international-studies-education/student-information/personal-statement"">personal statement</a>.</p> <p><strong>Please note the following majors will not be available in the 2024 intake:</strong></p> <ul> <li>MAJ07128 Technology and Applied Studies</li> <li>MAJ07129 Technology and Applied Studies/Mathematics</li> </ul>",Education
C11336,2025.01,"<p>Increasingly professionals from many fields are being asked to support others&rsquo; learning or to lead change at work. The Graduate Certificate in Education (Learning and Leadership), offered fully online, is designed for professionals who are looking to lead and support learning innovation in their practice or organisation, whether in corporate, health, public sector, school, higher education or community settings. The course introduces students to cutting-edge approaches and research about learning, designing innovative learning, leading learning, and learning in the digital age.</p>",,<p>This course is not offered to international students.</p>,Education
C10405,2025.01,"<p>The Bachelor of Communication (Writing and Publishing) Master of Teaching in Secondary Education (English) offers students the knowledge and practical hands-on experience required to teach over 72,000 secondary school pupils studying English in NSW (NSW Education Standards Authority, 2021 HSC Enrolments by Course, 2021). Depending on the stream taken, students may also be able to teach the 4500 students studying Society and Culture in NSW or English language to the 25% of Australian students that have English as an Additional Language or Dialect (EALD) (<em>NSW Education Standards Authority, 2021 HSC Enrolments by Course, 2021</em>).</p>","<p>This course is accredited by the NSW Education Standards Authority (NESA) as a recognised secondary school teaching qualification. To gain employment as a teacher in NSW schools, graduands must meet the requirements of NESA, including language proficiency.</p>",<p>This new course replaces the Bachelor of Arts Bachelor of Education (Secondary) from 2021. Students may use the 2020?selection rank for the Bachelor of Communication (Creative Writing) as a guide. The lowest selection rank for Autumn 2020 intake was 72.95. ? </p>,Education
C11337,2025.01,"<p>Workplace learning, professional development, and training are crucial to enabling organisations and professionals to innovate and respond to emerging demands. The challenge of many workplaces and organisations today is to meet the professional and workplace needs of their staff in complex and changing environments. Learning professionals in diverse organisations &ndash; from schools, the public sector, corporate and government organisations, health care and higher education, can play an important role in effecting positive change</p> <p>The Graduate Certificate in Professional and Organisational Learning, offered fully online, is designed for education and training professionals who want to develop their abilities to lead and support professional and workplace learning in a range of settings. Students learn to develop customised changes to the challenges of professional and workplace learning and practice, lead innovative practices, evaluate learning and develop strategic workplace learning initiatives.</p>",,<p>This course is not offered to international students.</p>,Education
C03066,2025.01,"<p>Students extend and deepen their knowledge through an appropriate research investigation under a supervisory panel with expertise in the proposed area of research. They develop critical and analytical skills, and advanced research skills to enable in-depth exploration of their chosen area, including for professional practice.</p> <p>All students are required to successfully complete the research training coursework subject <a href=""http://handbook.uts.edu.au/subjects/51913.html"">51913 Academic Research Practice</a> which will develop their research knowledge and skills.</p>",,"<p>Research degrees are offered on a sponsored, scholarship, faculty part-sponsored or full-fee-paying basis. Contact UTS: Education or the UTS: Graduate Research School for further details. </p>",Education
C10404,2025.01,"<p>The Bachelor of Science Master of Teaching in Secondary Education offers students the knowledge and practical hands-on experience required to teach over 42,000 secondary school pupils studying Science subjects and/or 65,000 students studying Mathematics in NSW (<em>NSW Education Standards Authority, 2021 HSC Enrolments by Course, 2021</em>).</p>","<p>This course is accredited by the NSW Education Standards Authority (NESA) as a recognised secondary school teaching qualification. To gain employment as a teacher in NSW schools, graduands must meet the requirements of NESA, including language proficiency.</p>","<p>This new course replaces the Bachelor of Arts Bachelor of Education (Secondary) from 2021. Students may use the 2020 selection rank for the Bachelor of Science (Flexible, no specified major) as a guide. The lowest selection rank for Autumn 2020 intake was 75.70.</p>",Education
C04305,2025.01,"<p>UTS is a leading provider of postgraduate TESOL and Applied Linguistics courses, with academics who are published authors and internationally recognised experts in the field. This course meets the advanced professional development needs of a wide range of English language teachers in Australia and provides an internationally recognised qualification for teaching children, teenagers and adults, including higher education students. The course features flexible study options, with classes held at times suitable for students working standard full-time hours. Credit recognition may be available.</p>",,,Education
C04420,2025.01,"<p>UTS is a leading provider of postgraduate TESOL and applied linguistics courses, with academics who are published authors and internationally recognised experts in the field. This course meets the advanced professional development needs of a wide range of English language teachers in Australia and provides an internationally recognised qualification for teaching children, teenagers and adults, including higher education students. The course features flexible study options, with classes held at times suitable for students working standard full-time hours. Credit recognition may be available. </p>",,,Education
C06116,2025.01,"<p>UTS is a world-leading provider of postgraduate language and literacy courses, with academics who are published authors and internationally recognised. UTS is a leading provider of postgraduate TESOL and applied linguistics courses, with academics who are well connected in the English language and literacy teaching fields in Australia and overseas. The staff are published authors and internationally recognised experts in the field. This course meets the professional development needs of a wide range of English language and literacy teachers in Australia and provides a recognised qualification for teaching English as an additional language and literacy to children, teenagers and adults. The course features flexible study options, with classes held at times suitable for students working standard full-time hours. Credit recognition may be available. This course is designed to meet the specialist requirements for English language teachers of adults in the Australian vocational education and training sector and the ELICOS sector. This program is also suitable for qualified school teachers seeking a specialist qualification in EAL/D teaching.</p>",,"<p><strong>Commonwealth Supported Places</strong></p> <p>There are a limited number of <a href=""https://www.uts.edu.au/current-students/managing-your-course/fees-and-payment/domestic-student-tuition-fees/commonwealth-supported"">Commonwealth Supported Places (CSPs)</a> within this course that are competitive and allocated on merit. Applicants must indicate on their application if they wish to be considered for a CSP.</p> <p>As applications are assessed progressively, applicants are strongly encouraged to apply early to be considered. Eligible applicants must accept their offer by the lapse date to retain their place.</p> <ul> <li>Autumn 2024 closing dates: <ul> <li>Round 1: Sunday 26 November 2023</li> <li>Round 2: Sunday 21 January 2024 (if places are available)</li> </ul> </li> <li>Spring 2024 closing dates: <ul> <li>Round 1: Sunday 26 May 2024</li> <li>Round 2: Sunday 30 June 2024 (if places are available)</li> </ul> </li> </ul> <p>Refer to <a href=""https://www.uts.edu.au/study/postgraduate/postgraduate-courses-commonwealth-supported-places-csp"">Postgraduate courses with Commonwealth Supported Places</a> for more information.</p>",Education
C11254,2025.01,"<p>UTS is a leading provider of postgraduate TESOL and applied linguistics courses, with academics who are well connected in the English language and literacy teaching fields in Australia and overseas. The staff are published authors and internationally recognised experts in the field. This course meets the professional development needs of a wide range of English language teachers in Australia and provides a recognised qualification for teaching English as an additional language and literacy to children, teenagers and adults. The course features flexible study options, with classes held at times suitable for students working standard full-time hours. Credit recognition may be available.</p>",,,Education
C10450,2025.01,"<p>The Bachelor of Economics Master of Teaching in Secondary Education offers students the knowledge and practical hands-on experience required to teach over 18,000 secondary school pupils studying Business Studies and over 5000 pupils undertaking Economics in NSW (NSW Education Standards Authority, 2021 HSC Enrolments by Course, 2021).</p>","<p>This course is professionally accredited by the NSW Education Standards Authority (NESA) as a recognised secondary school teaching qualification. To gain employment as a teacher in NSW schools, graduands must meet the requirements of the NESA, including language proficiency.</p>",,Education
C10479,2025.01,"<p>This course is only available via internal course transfer (subject to approval from the course coordinator) to students who were originally admitted to C10480 Bachelor of Education Futures Master of Teaching in Primary Education.</p> <p>This course is not a NESA recognised teaching qualification and does not qualify graduates to teach. However, students who complete this course may consider roles in educational fields such as: health education, environmental education, youth and community work, museum education, union organising, teaching aides, curriculum development, education policy, or educational games development.</p>",,,Education
C04427,2025.01,"<p>As demand for education and learning professionals grows, leading learning and innovation is becoming critical to meeting contemporary and emerging issues in diverse workplaces.</p> <p>The Master of Education (Learning and Leadership), offered fully online, is designed for professionals who are looking to lead and support learning innovation in their practice or organisation, whether in corporate, health, public sector, school, higher education or community settings.</p> <p>The course aims to provide students with a robust and flexible toolkit of research-informed skills and knowledge to enhance and innovate learning practices.</p>",,<p>This course is not offered to international students.</p>,Education
C10449,2025.01,"<p>The Bachelor of Business Master of Teaching in Secondary Education offers students the knowledge and practical hands-on experience required to teach over 18,000 secondary school pupils studying Business Studies and over 5000 pupils undertaking Economics in NSW (NSW Education Standards Authority, 2021 HSC Enrolments by Course, 2021).</p>","<p>This course is professionally accredited by the NSW Education Standards Authority (NESA) as a recognised secondary school teaching qualification. To gain employment as a teacher in NSW schools, graduands must meet the requirements of the NESA, including language proficiency.</p>",,Education
C10480,2025.01,<p>The Bachelor of Education Futures Master of Teaching in Primary Education provides students with a master&#39;s qualification to teach in NSW primary schools.</p> <p>The Bachelor of Education Futures/Master of Teaching in Primary Education rewards students with a double degree in the time it takes (4 years) to complete a single degree in many other universities.</p>,"<p>The course is pending accreditation by the NSW Education Standards Authority (NESA) as a recognised primary school teaching qualification. To gain employment as a teacher in NSW schools, graduands must meet the requirements of the NESA, including language proficiency.</p>",,Education
C04326,2025.01,"<p>This Master of Teaching Primary Education provides students with a master&#39;s qualification to teach in NSW primary schools. Students who have both the required undergraduate degree and specialisation subjects can complete the course in two years. The core subjects provide research-based studies of educational theory and practice as a basis for professional decision-making in the primary school context, including inclusive education, digital learning, working with and for Indigenous Australians, and the use of educational data for research and evaluation. The Key Learning Areas provide content knowledge and teaching methods in the areas of English, Mathematics, Creative Arts, Human Society and its Environment (HSIE), Science and Technology (STEM) and Personal Development, Health and Physical Education (PDHPE). The professional experience component includes both campus-based and field-based experiences.</p>","<p>The course is pending accreditation by the NSW Education Standards Authority (NESA) as a recognised primary school teaching qualification. To gain employment as a teacher in NSW schools, graduands must meet the requirements of the NESA, including language proficiency.</p>","<p><strong><a>Commonwealth Supported Places are available for this course</a></strong></p> <p><a href=""https://www.uts.edu.au/current-students/managing-your-course/fees-and-payment/domestic-student-tuition-fees/commonwealth-supported"">Commonwealth Supported Places (CSPs)</a> within this course are competitive and allocated on merit. Applicants are strongly encouraged to submit their full application, including a <strong>compulsory </strong><a href=""https://www.uts.edu.au/about/faculty-arts-and-social-sciences/international-studies-education/student-information/personal-statement"">personal statement</a>, by the following dates and, if eligible, accept their offer of a CSP as soon as possible.</p> <ul> <li><strong>Spring 2024:</strong> <ul> <li>Round 1: Sunday 26 May 2024</li> <li>Round 2: Sunday 30 June 2024 (if places are available)</li> </ul> </li> </ul> <p>Before submitting their application, applicants should carefully review the information required in the <a href=""https://www.uts.edu.au/about/faculty-arts-and-social-sciences/international-studies-education/student-information/personal-statement"">personal statement</a>.</p>",Education
C11228,2025.01,"<p>This course is designed for university academics and locates teaching and learning in the shifting and increasingly complex, connected and uncertain higher education context. Internationalisation, globalization, technological advancements and imperatives to balance &lsquo;job ready&rsquo; graduates with education for social good and citizenship have effects upon how learning and teaching is theorised, practised and evidenced.</p>",,<p>This course is offered to local students and international students with a current visa that extends until or beyond the minimum completion time for this course (1 year). </p>,Education
C11222,2025.01,"<p>Created with industry and based on dynamic research, the course develops students&rsquo; core competencies in learning design through focussed studies that combine practice and essential knowledge. The course design and content are tailored to the needs of those who work in the broad fields of education (at any level) and training, those seeking employment in these areas, as well as those desiring to develop their digital learning skills to leverage new technologies to address changing educational needs. Students study online, either full time or part-time.</p>",,<p>This course is available in distance (online) mode.</p>,Education
C10406,2025.01,"<p>The Bachelor of Technology Master of Teaching in Secondary Education offers students the knowledge and practical hands-on experience required to teach over 12,000 school pupils studying Engineering and Technology Studies in NSW (<em>NSW Education Standards Authority, 2021 HSC Enrolments by Course, 2021</em>).</p>","<p>This course is accredited by the NSW Education Standards Authority (NESA) as a recognised secondary school teaching qualification. To gain employment as a teacher in NSW schools, graduands must meet the requirements of NESA, including language proficiency.</p>",<p><strong>Please note there will be no intake into this course in 2024.</strong></p>,Education
C02097,2025.01,"<p>The PhD is a University-wide research degree which involves an intense period of supervised study and research, leading to an original and significant contribution to knowledge. This is a degree of the future and is a recognised path for those wishing to assume leadership positions in their field of specialisation.</p>",,<p>Research degrees are offered on a sponsored or full-fee-paying basis. Contact the Faculty of Arts and Social Sciences or the UTS Graduate Research School for further details.</p>,Education
C41021,2025.01,,,,International Studies
C42013,2025.01,,,,International Studies
C10393,2025.01,,,<p>This course is not offered to international students.</p>,International Studies
C10415,2025.01,,,<p>This course is not offered to international students.</p>,International Studies
C10464,2025.01,,,<p>This course is not offered to international students.</p>,International Studies
C10447,2025.01,"<p>The Bachelor of Criminology Bachelor of International Studies prepares students to respond to the changing nature of crime in the 21st century by addressing the realities of crime in an increasingly digital and transnational age. Ideal for those starting their careers or extending their learning to respond to industry needs, students specialise in either digital forensics &amp; security, data analytics &amp; research, justice &amp; legal studies, or forensics and complement this with studies of a language other than English, intercultural communication and practical cultural experience to engage with diverse populations in a professional context.</p>",,,International Studies
C09165,2025.01,,,<p>This course is not offered to international students.</p>,International Studies
C10397,2025.01,,,,International Studies
C10448,2025.01,"<p>The Bachelor of Criminology Bachelor of Forensic Science prepares students to respond to the changing nature of crime in the 21st century by addressing the realities of crime and forensics in an increasingly digital and transnational age. Students develop a skill set that combines enabling sciences, social sciences, in-depth understandings of forensic science and crime in the context of their chosen specialisations in both components of the course.</p> <p>This course provides students with a thorough understanding of how forensic science and criminology can solve and prevent crime. This is a hands-on course using world-class facilities that are modelled on operational laboratories.</p>",,,International Studies
C10446,2025.01,"<p>The Bachelor of Criminology prepares students to respond to the changing nature of crime in the 21st century by addressing the realities of crime in an increasingly digital and transnational age. Ideal for those starting their careers or extending their learning to respond to industry needs, students specialise in either digital forensics &amp; security, data analytics &amp; research, justice &amp; legal studies, or forensics. The course combines studies in these focus areas with practical social science knowledge and skills needed for professions focused on crime prevention, detection, enforcement or the broader social implications and challenges of crime.</p>",,,International Studies
C09142,2025.01,"<p>The Bachelor of Criminology Bachelor of International Studies (Honours) is an exit-point for students who have completed the International Honours pathway within the Bachelor of Criminology Bachelor of International Studies (<a href=""https://cis-admin.uts.edu.au/courses/c10447.html"">C10447</a>).</p> <p>In the fourth year of the combined degree, International Honours students spend an academic year studying in the local language at a university in the country of their major and also complete an honours level research project under the supervision of a relevant UTS academic.</p> <p>Entry to the International Honours pathway is dependent on students maintaining a credit average (or higher) in both their International Studies and professional degree in their first three years of study, and on the availability of placements in particular majors.</p>",,"<p>This is an exit-only course. There is no direct admission to it. Current UTS students may be able to submit an Internal Course Transfer (Graduating) application to exit with this course. See the <a href=""https://www.uts.edu.au/current-students/managing-your-course/your-enrolment/enrolment-changes/course-transfer"">Course transfer</a> page for further details.</p>",International Studies
C04455,2025.01,"<p>In today&#39;s interconnected world, a profound understanding of international relations is no longer just the remit of diplomats and policymakers. As companies, technologies and cultures increasingly intertwine, gaining insight into the intricacies of global diplomacy and geopolitics has become a crucial asset for professionals in business, public service, government, research and the humanitarian sector.</p> <p>The UTS Online <a href=""https://studyonline.uts.edu.au/online-courses/master-international-relations"">Master of International Relations </a>is tailored for forward-thinking professionals seeking to acquire an advanced toolkit of knowledge and skills to address urgent global challenges and advance their careers within government, non-governmental organisations, and international business. The course provides opportunities for students to undertake comprehensive studies in diverse fields including global communication, cross-cultural strategies, foreign policy, geopolitics, sustainability, and international crime prevention.</p>",,<p>This course is offered fully online. The first intake is in SP3 2024.</p>,International Studies
C10472,2025.01,"<p>The Bachelor of Criminology Bachelor of Cybersecurity brings together knowledge acquisition and skillset within an area of both national and international strategic priority. This double degree in Criminology and Cybersecurity develops student skills in applied criminology to better understand, measure and evaluate crime and its effects, while addressing the cybersecurity skills gap in Australia and overseas by training the next generation of industry professionals in cybersecurity.</p> <p>UTS&rsquo;s Bachelor of Criminology/Bachelor of Cyber Security is the only degree of its kind in Australia due to the applied nature and industry focus of its core Criminology program. Today cyber security is a significant challenge for individuals, businesses and wider society at a national and international level. The course equips students with an understanding of the major factors associated with criminal behaviour, along with the industry-relevant skills to tackle what is a critical threat within contemporary society. Students gain expertise in securing data and data communications, as well as investigating and providing solutions to cybercrime. Developing strong theoretical and practice-based knowledge is at the core of this program, emphasis is also placed on assessing cybersecurity in a working environment, developing security solutions for a range of stakeholders, as well as understanding the ethical and legal implications of risk management.</p>",,,International Studies
C20059,2025.01,<p>The Diploma in Languages is designed to be taken concurrently with an undergraduate or postgraduate coursework degree program at UTS or another Australian university or as further learning. It facilitates university students learning about language and culture and contemporary societies and broadens the opportunities associated with their professional degree or other studies.</p>,,<p>This course is not offered to international students.</p>,International Studies
C11374,2025.01,"<p>The world is undergoing rapid changes with the emergence of new global challenges, shifting power dynamics, and a rapidly evolving international landscape. The <a href=""https://studyonline.uts.edu.au/online-courses/master-international-relations"">Graduate Certificate in International Relations</a> from UTS Online is designed for future-focused professionals who seek to develop a foundational understanding of the complex dynamics that shape the global political landscape and develop the intercultural competency to address these challenges internationally.</p>",,<p>This course is offered fully online. The first intake is in SP3 2024.</p>,International Studies
C06152,2025.01,<p>The UTS Online Graduate Diploma in International Relations is an exit-only qualification from the UTS Online Master of International Relations (C04455).</p>,,"<p>This is an exit-only course. There is no direct admission to it. Current UTS students may be able to submit an Internal Course Transfer (Graduating) application to exit with this course. See the <a href=""https://www.uts.edu.au/current-students/managing-your-course/your-enrolment/enrolment-changes/course-transfer"" style=""border-style: none; color: rgb(15, 75, 235); font-weight: bold; font-family: Verdana, Arial, Helvetica, sans-serif; font-size: 12.8px; background-color: rgb(255, 255, 255);"">Course transfer</a> page for further details. </p> <p>This is an exit-only course. There is no direct admission to it. Current UTS students may be able to submit an Internal Course Transfer (Graduating) application to exit with this course. See the <a href=""https://www.uts.edu.au/current-students/managing-your-course/your-enrolment/enrolment-changes/course-transfer"">Course transfer</a> page for further details.</p>",International Studies
C42005,2025.01,,,,Engineering
C41005,2025.01,,,,Engineering
C11236,2025.01,<p>This course is designed to provide an opportunity for professional engineers to extend their knowledge and update their skills in line with recent advances.</p>,,,Engineering
C06108,2025.01,<p>This exit-only program allows students to gain in-depth knowledge and skills in the particular major that they undertook as part of their undergraduate engineering studies. The course provides an opportunity for engineers to deepen the knowledge and skills gained in their first degree while expanding their managerial and professional engineering knowledge.</p>,,"<p>This is an exit-only course. There is no direct admission to it. Current UTS students may be able to submit an Internal Course Transfer (Graduating) application to exit with this course. See the <a href=""https://www.uts.edu.au/current-students/managing-your-course/your-enrolment/enrolment-changes/course-transfer"">Course transfer</a> page for further details.</p>",Engineering
C06109,2025.01,"<p>This exit-only program is designed to enable engineers and other technical specialists to take a leadership role in the field of environmental engineering and management. The course deals with the broad aspects of environmental management relevant to practising professionals in engineering science, planning, architecture, law, surveying, health and building. Engineers, scientists, town planners and other professionals working in this field have a compelling duty to ensure that the adverse effects of development on the total environment are minimised.</p>",,"<p>This is an exit-only course. There is no direct admission to it. Current UTS students may be able to submit an Internal Course Transfer (Graduating) application to exit with this course. See the <a href=""https://www.uts.edu.au/current-students/managing-your-course/your-enrolment/enrolment-changes/course-transfer"">Course transfer</a> page for further details.</p>",Engineering
C11237,2025.01,"<p>This course deals with the broad aspects of environmental management relevant to practising professionals in engineering science, planning, architecture, law, surveying, health and building. Engineers, scientists, town planners and other professionals working in this field have a compelling duty to ensure that the adverse effects of development on the total environment are minimised. The subjects offered in this course follow an integrated approach to professional practice through a choice of compulsory subjects in professional engineering, environmental engineering management and an elective.</p>",,,Engineering
C04275,2025.01,"<p>The Master of Engineering Management (MEM) is an opportunity for engineers, technical specialists and non-technical professionals to build and stretch their managerial skills and integrate their business and technical knowledge.</p> <p>The duration of this course is one and a half years; however, applicants with a recognised bachelor&#39;s degree are eligible for recognition of prior learning of up to four subjects and are thus able to complete the course in one year on a full-time basis.</p>",,,Engineering
C11239,2025.01,"<p>This course is designed to provide management knowledge which can be tailored to fit students' needs. It is designed to provide practising engineers with extended knowledge beyond their first degree and to update knowledge and skills in recent advances in engineering, technology and business practice. The subjects offered follow an integrated approach to professional practice through a choice of professional engineering subjects and an elective.</p>",,,Engineering
C11238,2025.01,<p>This course qualifies individuals who apply a body of knowledge in a range of contexts to undertake professional work and provides a pathway for further learning in engineering. Students with a bachelor&#39;s degree in a non-cognate engineering field can apply to this course. All applications are assessed individually and the course structure is tailor-made based on the basic qualifications that students possess.</p> <p>Applicants without a degree but who have a TAFE diploma or equivalent qualification in engineering and significant related work experience are also considered.</p>,,,Engineering
C06110,2025.01,<p>This exit-only program allows students to gain in-depth knowledge and skills in engineering management. The course provides an opportunity for engineers and technical specialists to deepen the knowledge and skills gained in their first degree while expanding their managerial and professional engineering knowledge.</p>,,"<p>This is an exit-only course. There is no direct admission to it. Current UTS students may be able to submit an Internal Course Transfer (Graduating) application to exit with this course. See the <a href=""https://www.uts.edu.au/current-students/managing-your-course/your-enrolment/enrolment-changes/course-transfer"">Course transfer</a> page for further details.</p>",Engineering
C04273,2025.01,"<p>This program allows students to complete the Master of Engineering (ME) and the Master of Engineering Management (MEM) in two years of full-time study. The course follows an integrated approach to professional practice through professional engineering subjects, subjects relating to the major, an independent graduate project (in the area of the major), and a set of electives.</p>",,,Engineering
C04309,2025.01,"<p>This course provides an opportunity at master&#39;s level for technical specialists and professional engineers who have completed either a three-year Bachelor of Technology or a four-year Bachelor of Engineering to graduate with an Engineers Australia-accredited, professional engineering qualification. The course enables students to deepen knowledge and expertise in their field of specialisation to be ready to practise in engineering.</p> <p>The Master of Professional Engineering is designed to incorporate an integrated approach to professional engineering practice through professional engineering subjects, major-specific subjects, an independent project, and engineering practice stream.</p> <p>Students who have completed a Bachelor of Engineering that is accredited by Engineers Australia should apply for the Master of Engineering (<a href=""/courses/c04271.html"">C04271</a>) or Master of Engineering (Extension) (<a href=""https://handbook.uts.edu.au/courses/c04277.html"">C04277</a>).</p>","<p>The Master of Professional Engineering, majoring in Biomedical Engineering, Civil Engineering, or Mechanical Engineering, is fully accredited by <a href=""http://www.engineersaustralia.org.au"">Engineers Australia</a> at the level of Professional Engineer, and is recognised internationally by signatories to the <a href=""http://www.ieagreements.org/accords/washington"">Washington Accord</a>. The Cyber Security Engineering, Electrical Energy Systems Engineering, Robotics, and Telecommunications and Electronics majors are provisionally accredited, pending full accreditation.</p>",,Engineering
C04283,2025.01,"<p>The Master of Engineering Management (MEM) is an opportunity for engineers, technical specialists and non-technical professionals to build and stretch their managerial skills and integrate their business and technical knowledge.</p>",,"<p>This course is offered through the Sydney Institute of Language and Commerce, Shanghai University.</p> <p>This course is only offered offshore.</p>",Engineering
C11266,2025.01,"<p>This course is designed to provide management knowledge which can be tailored to fit students&#39; needs. It is designed to provide practising engineers with extended knowledge beyond their first degree and to update knowledge and skills in recent advances in engineering, technology and business practice. The subjects offered follow an integrated approach to professional practice through a choice of professional engineering subjects and an elective.</p>",,"<p>This course is offered through the Sydney Institute of Language and Commerce, Shanghai University. </p> <p>This course is only offered offshore.</p>",Engineering
C04278,2025.01,"<p>This course provides an opportunity at master&#39;s level for professional engineers to explore specific aspects of engineering in depth by undertaking a substantial research study in their field of specialisation. Students undertake at least 48 credit points of coursework and a research project of 24, 36, or 48 credit points under the supervision of a member of academic staff.</p> <p>The course follows an integrated approach to professional practice through professional engineering subjects, subjects relating to the chosen major, an independent research project in at least one field of engineering, and a set of electives.</p>",,"<p>Admission to this course is restricted to students enrolled in the Master of Engineering (<a href=""/courses/c04271.html"">C04271</a>) or Master of Engineering (Extension) (<a href=""/courses/c04277.html"">C04277</a>) and is made by <a href=""https://www.uts.edu.au/current-students/managing-your-course/your-enrolment/enrolment-changes/internal-course-transfer"">internal course transfer</a>.</p>",Engineering
C04271,2025.01,"<p>This course provides an opportunity at master&#39;s level for professional engineers to deepen the knowledge and skills gained in their undergraduate studies while expanding their managerial and professional engineering knowledge.</p> <p>The course follows an integrated approach to professional practice through disciplinary and professional engineering subjects, subjects relating to the chosen major, an independent project, and a set of electives. Students who wish to undertake a more substantial research project have the opportunity to transfer to the Master of Engineering (Advanced) (<a href=""https://handbook.uts.edu.au/courses/c04278.html"">C04278</a>).</p>",,,Engineering
C04272,2025.01,"<p>This course is designed to enable engineers and other technical specialists to take a leadership role in the field of environmental engineering and management. The course deals with the broad aspects of environmental management relevant to practising professionals in engineering science, planning, architecture, law, surveying, health and building. Engineers, scientists, town planners and other professionals working in this field have a compelling duty to ensure that the adverse effects of development on the total environment are minimised.</p> <p>The duration of the course is one-and-a-half years; however, applicants with a recognised bachelor&#39;s degree in engineering or the natural and physical sciences are eligible for recognition of prior learning of up to four subjects and are thus able to complete the course in one year on a full-time basis.</p>",,,Engineering
C09070,2025.01,"<p>This combined degree is offered jointly by the Faculty of Engineering and Information Technology and the UTS Business School. It allows students to complete the core and major components of both the engineering and business degrees, producing engineers with skills in commercialisation of technology innovation and business graduates with professional-level competency in technology use.</p>","<p>The Bachelor of Engineering (Honours), majoring in Civil Engineering, Civil and Environmental Engineering, Electrical Engineering, Flexible Engineering, Mechanical Engineering, Mechanical and Mechatronic Engineering, or Mechatronic Engineering, is fully accredited by <a href=""http://www.engineersaustralia.org.au/"">Engineers Australia</a> at the level of Professional Engineer and is recognised internationally by signatories to the <a href=""http://www.ieagreements.org/accords/washington"">Washington Accord</a>. Biomedical Engineering, Data Science Engineering, Electrical and Electronic Engineering, Electronic Engineering, and Software Engineering majors are provisionally accredited with Engineers Australia, pending full accreditation. UTS is currently seeking provisional accreditation of the Chemical Process Engineering and Renewable Energy Engineering majors.</p> <p>Refer to the Bachelor of Business (<a href=""/courses/c10026.html"">C10026</a>) for details on professional recognition of that award.</p>",,Engineering
C09071,2025.01,"<p>This combined degree provides students with the opportunity to complete the core and major components of both the engineering and business degrees. This course is essentially the same as the Bachelor of Engineering (Honours) Bachelor of Business (<a href=""/courses/c09070.html"">C09070</a>) combined degree except for the additional requirement of two internships and the completion of the professional engineering practice program. The professional engineering practice program is integrated throughout the course.</p>","<p>The Bachelor of Engineering (Honours) Diploma in Professional Engineering Practice, majoring in Civil Engineering, Civil and Environmental Engineering, Electrical Engineering, Flexible Engineering, Mechanical Engineering, Mechanical and Mechatronic Engineering, or Mechatronic Engineering, is fully accredited by <a href=""http://www.engineersaustralia.org.au/"">Engineers Australia</a> at the level of Professional Engineer and is recognised internationally by signatories to the <a href=""http://www.ieagreements.org/accords/washington"">Washington Accord</a>. Biomedical Engineering, Data Science Engineering, Electrical and Electronic Engineering, Electronic Engineering, and Software Engineering majors are provisionally accredited with Engineers Australia, pending full accreditation. UTS is currently seeking provisional accreditation of the Chemical Process Engineering and Renewable Energy Engineering majors.</p> <p>Refer to the Bachelor of Business (<a href=""/courses/c10026.html"">C10026</a>) for details on professional recognition of that award.</p>","<p>Direct admission to this course via the Universities Admissions Centre is not available. Students currently enrolled in the Bachelor of Engineering (Honours) Bachelor of Business (<a href=""/courses/c09070.html"">C09070</a>) may apply via <a href=""https://www.uts.edu.au/current-students/managing-your-course/your-enrolment/enrolment-changes/internal-course-transfer"">Internal Course Transfer</a>.</p>",Engineering
C09123,2025.01,"<p>This combined degree, offered jointly by <a href=""http://www.eng.uts.edu.au"">UTS: Engineering</a> and <a href=""/intl/area/info.html"">UTS: International Studies</a>, links the Bachelor of Engineering (Honours) (<a href=""/courses/c09066.html"">C09066</a>) with the study of a language and culture other than English and the opportunity for students to study overseas for up to an academic year, pursuing a major research project in a field of their choice, depending on their chosen pathway.</p>","<p>The Bachelor of Engineering (Honours), majoring in Civil Engineering, Civil and Environmental Engineering, Electrical Engineering, Flexible Engineering, Mechanical Engineering, Mechanical and Mechatronic Engineering, or Mechatronic Engineering, is fully accredited by <a href=""http://www.engineersaustralia.org.au/"">Engineers Australia</a> at the level of Professional Engineer and is recognised internationally by signatories to the <a href=""http://www.ieagreements.org/accords/washington"">Washington Accord</a>. Biomedical Engineering, Data Science Engineering, Electrical and Electronic Engineering, Electronic Engineering, and Software Engineering majors are provisionally accredited with Engineers Australia, pending full accreditation. UTS is currently seeking provisional accreditation of the Chemical Process Engineering and Renewable Energy Engineering majors.</p>",,Engineering
C04277,2025.01,"<p>This course provides an opportunity at master&#39;s level for professional engineers to extend in depth and breadth the knowledge and skills gained in their undergraduate studies. The course is an extension of the traditional Master of Engineering (<a href=""https://handbook.uts.edu.au/courses/c04271.html"">C04271</a>) in that it also includes a sub-major in one of the fields offered as majors.</p> <p>The course follows an integrated approach to professional practice through professional engineering subjects, subjects relating to the major and sub-major, an independent project in at least one field of engineering, and a set of electives. Students who wish to undertake a more substantial research project have the opportunity to transfer to the Master of Engineering (Advanced) (<a href=""https://handbook.uts.edu.au/courses/c04278.html"">C04278</a>).</p>",,,Engineering
C09171,2025.01,,,,Engineering
C09072,2025.01,"<p>This combined degree is designed to provide opportunities for students interested in science, the scientific basis of engineering and technology, and the technology itself. Graduates of this course work as cutting-edge professionals where science and engineering interact dynamically.</p>","<p>The Bachelor of Engineering (Honours), majoring in Civil Engineering, Civil and Environmental Engineering, Electrical Engineering, Flexible Engineering, Mechanical Engineering, Mechanical and Mechatronic Engineering, or Mechatronic Engineering, is fully accredited by <a href=""http://www.engineersaustralia.org.au/"">Engineers Australia</a> at the level of Professional Engineer and is recognised internationally by signatories to the <a href=""http://www.ieagreements.org/accords/washington"">Washington Accord</a>. Biomedical Engineering, Data Science Engineering, Electrical and Electronic Engineering, Electronic Engineering, and Software Engineering majors are provisionally accredited with Engineers Australia, pending full accreditation. UTS is currently seeking provisional accreditation of the Chemical Process Engineering and Renewable Energy Engineering majors.</p>",,Engineering
C22100,2025.01,"<p>The Associate Degree of Advanced Manufacturing prepares students with a technical background or aptitude to excel in highly digitised and automated modern manufacturing industries. Managers and specialists need a blend of skills from across traditional fields to develop innovative and competitive manufacturing solutions. Advanced manufacturing sits at the nexus of automation, statistical learning, and the internet of things applied in production systems. Advanced manufacturing brings real-time data, automation, data analytics and intelligence to operations.</p>",,<p>This course is not offered to international students.</p>,Engineering
C09173,2025.01,,,,Engineering
C02095,2025.01,"<p>The PhD is a University-wide research degree which involves an intense period of supervised study and research, leading to an original and significant contribution to knowledge. This is a degree of the future and is a recognised path for those wishing to assume leadership positions in their field of specialisation. This course prepares graduates for a leadership role in the widely diverse range of industries and organisations that rely on research or research skills to solve real-world problems, including but not limited to academia, business, government, cultural and community organisations.</p> <p>All students are required to successfully complete the research training coursework subjects 42670 Research Foundations and 32931 Technology Research Methods which will develop research knowledge and skills.</p>",,,Engineering
C09147,2025.01,"<p>This combined degree, offered jointly by <a href=""http://www.eng.uts.edu.au"">UTS: Engineering</a> and <a href=""/intl/area/info.html"">UTS: International Studies</a>, links the Bachelor of Engineering (Honours) (<a href=""/courses/c09066.html"">C09066</a>) with the study of a language and culture other than English and the opportunity for students to study overseas for up to an academic year, pursuing a major research project in a field of their choice, depending on their chosen pathway.</p> <p>In the fourth year of the combined degree, International Honours students spend an academic year studying in the local language at a university in the country of their major and also complete an honours level research project under the supervision of a relevant UTS academic. Entry to the International Honours pathway is dependent on students maintaining a credit average (or higher) in both their International Studies and professional degree in their first three years of study, and on the availability of placements in particular majors.</p>","<p>The Bachelor of Engineering (Honours), majoring in Civil Engineering, Civil and Environmental Engineering, Electrical Engineering, Flexible Engineering, Mechanical Engineering, Mechanical and Mechatronic Engineering, or Mechatronic Engineering, is fully accredited by <a href=""http://www.engineersaustralia.org.au/"">Engineers Australia</a> at the level of Professional Engineer and is recognised internationally by signatories to the <a href=""http://www.ieagreements.org/accords/washington"">Washington Accord</a>. Biomedical Engineering, Data Science Engineering, Electrical and Electronic Engineering, Electronic Engineering, and Software Engineering majors are provisionally accredited with Engineers Australia, pending full accreditation. UTS is currently seeking provisional accreditation of the Chemical Process Engineering and Renewable Energy Engineering majors.</p>","<p>This is an exit-only course. There is no direct admission to it. Current UTS students may be able to submit an Internal Course Transfer (Graduating) application to exit with this course. See the <a href=""https://www.uts.edu.au/current-students/managing-your-course/your-enrolment/enrolment-changes/course-transfer"">Course transfer</a> page for further details.</p>",Engineering
C09073,2025.01,"<p>This combined degree is the same as the Bachelor of Engineering (Honours) Bachelor of Science (<a href=""/courses/c09072.html"">C09072</a>), except for the additional requirement of two internships and completion of the professional engineering practice program. Students can transfer to this program if they wish to complete the Diploma in Professional Engineering Practice.</p>","<p>The Bachelor of Engineering (Honours) Diploma in Professional Engineering Practice, majoring in Civil Engineering, Civil and Environmental Engineering, Electrical Engineering, Flexible Engineering, Mechanical Engineering, Mechanical and Mechatronic Engineering, or Mechatronic Engineering, is fully accredited by <a href=""http://www.engineersaustralia.org.au/"">Engineers Australia</a> at the level of Professional Engineer and is recognised internationally by signatories to the <a href=""http://www.ieagreements.org/accords/washington"">Washington Accord</a>. Biomedical Engineering, Data Science Engineering, Electrical and Electronic Engineering, Electronic Engineering, and Software Engineering majors are provisionally accredited with Engineers Australia, pending full accreditation. UTS is currently seeking provisional accreditation of the Chemical Process Engineering and Renewable Energy Engineering majors.</p>","<p>Direct admission to this course via the Universities Admissions Centre (UAC) is not available. Students currently enrolled in the Bachelor of Engineering (Honours) Bachelor of Science (<a href=""/courses/c09072.html"">C09072</a>) may apply via <a href=""https://www.uts.edu.au/current-students/managing-your-course/your-enrolment/enrolment-changes/internal-course-transfer"">Internal Course Transfer</a>.</p>",Engineering
C09074,2025.01,"<p>Engineers and Medical Scientists are the leaders of developing, engineering, and implementing solutions to health and medical problems having an impact globally on the health of society. This combined degree is designed to provide opportunities for students interested in medical science, the scientific basis of engineering and technology, and the technology itself.</p> <p>There is a strong interrelation between the progress of engineering and developments in science, and a demonstrated need for professionals with a strong understanding and experience in both areas. Engineers with Medical Scientist training have careers that are dynamic and involve an exciting range of professions from research and development, writing and implementing policy and practice in the medical and health sciences, to working in industry, government, and the innovation sector. This course allows choice or majors within both the Medical Scientist and Engineering programs, so students can specialise to their interests.</p> <p>The Bachelor of Engineering (Honours) program has a core taken by all engineering students which provides the foundation knowledge and skills required of every engineer. Students choose a major which is where they develop the technical knowledge specific to that field of practice. There is a choice of ten majors including Biomedical, Civil, Data, Electrical, Mechanical, Software, and a Flexible major that can be paired with the choice of major in the Bachelor of Medical Science to create a study trajectory that aligns with the student&rsquo;s interests and career ambitions.</p> <p>Medical Scientists at UTS can choose to major in Medical and Health-related Sciences or Pathology, allowing them to have speciality relevant to their career choices and interests. In the Medical and Health-related Science major students learn the body through the study of tissues, organs and cellular facets both in health and disease, medical devices, how medicines work, as well as public health policies and clinical trials. In the Pathology major students learn how diseases trigger biochemical or cellular changes in the body and how to best diagnose and treat these diseases. Students learn by applying and investigating scientific approaches in world class laboratories and studios with up-to-date scientific technologies and equipment in line with those used in the industry. This hands-on learning is accompanied by development of professional skills such as communication, problem solving, critical thinking, innovation and team-work to deliver impact across local and global communities.</p>","<p>The Bachelor of Engineering (Honours), majoring in Civil Engineering, Civil and Environmental Engineering, Electrical Engineering, Flexible Engineering, Mechanical Engineering, Mechanical and Mechatronic Engineering, or Mechatronic Engineering, is fully accredited by <a href=""http://www.engineersaustralia.org.au/"">Engineers Australia</a> at the level of Professional Engineer and is recognised internationally by signatories to the <a href=""http://www.ieagreements.org/accords/washington"">Washington Accord</a>. Biomedical Engineering, Data Science Engineering, Electrical and Electronic Engineering, Electronic Engineering, and Software Engineering majors are provisionally accredited with Engineers Australia, pending full accreditation. UTS is currently seeking provisional accreditation of the Chemical Process Engineering and Renewable Energy Engineering majors.</p>",,Engineering
C09075,2025.01,"<p>This combined degree is the same as the Bachelor of Engineering (Honours) Bachelor of Medical Science (<a href=""https://cis-admin.uts.edu.au/courses/c09074.html"">C09074</a>), except for the additional requirement of two internships and completion of the professional engineering practice program. Students can transfer to this program if they wish to complete the Diploma in Professional Engineering Practice.</p> <p>Engineers and Medical Scientists are the leaders of developing, engineering, and implementing solutions to health and medical problems having an impact globally on the health of society. This combined degree is designed to provide opportunities for students interested in medical science, the scientific basis of engineering and technology, and the technology itself.</p> <p>There is a strong interrelation between the progress of engineering and developments in science, and a demonstrated need for professionals with a strong understanding and experience in both areas. Engineers with Medical Scientist training have careers that are dynamic and involve an exciting range of professions from research and development, writing and implementing policy and practice in the medical and health sciences, to working in industry, government, and the innovation sector. This course allows choice or majors within both the Medical Scientist and Engineering programs, so students can specialise to their interests. </p> <p>The Bachelor of Engineering (Honours) program has a core taken by all engineering students which provides the foundation knowledge and skills required of every engineer. Students choose a major which is where they develop the technical knowledge specific to that field of practice. There is a choice of ten majors including Biomedical, Civil, Data, Electrical, Mechanical, Software, and a Flexible major that can be paired with the choice of major in the Bachelor of Medical Science to create a study trajectory that aligns with the student&rsquo;s interests and career ambitions. </p> <p>Medical Scientists at UTS can choose to major in Medical and Health-related Sciences or Pathology, allowing them to have speciality relevant to their career choices and interests. In the Medical and Health-related Sciences major students will learn the body through the study of tissues, organs and cellular facets both in health and disease, medical devices, how medicines work, as well as public health policies and clinical trials. In the Pathology major students will learn how diseases trigger biochemical or cellular changes in the body and how to best diagnose and treat these diseases. Students learn by applying and investigating scientific approaches in world class laboratories and studios with up-to-date scientific technologies and equipment in line with those used in the industry. This hands-on learning is accompanied by development of professional skills such as communication, problem solving, critical thinking, innovation and team-work to deliver impact across local and global communities.</p>","<p>The Bachelor of Engineering (Honours) Diploma in Professional Engineering Practice, majoring in Civil Engineering, Civil and Environmental Engineering, Electrical Engineering, Flexible Engineering, Mechanical Engineering, Mechanical and Mechatronic Engineering, or Mechatronic Engineering, is fully accredited by <a href=""http://www.engineersaustralia.org.au/"">Engineers Australia</a> at the level of Professional Engineer and is recognised internationally by signatories to the <a href=""http://www.ieagreements.org/accords/washington"">Washington Accord</a>. Biomedical Engineering, Data Science Engineering, Electrical and Electronic Engineering, Electronic Engineering, and Software Engineering majors are provisionally accredited with Engineers Australia, pending full accreditation. UTS is currently seeking provisional accreditation of the Chemical Process Engineering and Renewable Energy Engineering majors.</p>","<p>Direct admission to this course via the Universities Admissions Centre (UAC) is not available. Students currently enrolled in the Bachelor of Engineering (Honours) Bachelor of Medical Science (<a href=""/courses/c09074.html"">C09074</a>) may apply via <a href=""https://www.uts.edu.au/current-students/managing-your-course/your-enrolment/enrolment-changes/internal-course-transfer"">Internal Course Transfer</a>.</p>",Engineering
C09172,2025.01,,,,Engineering
C10066,2025.01,"<p>This course is an engineering technologist-level program which is similar in nature to the Bachelor of Engineering (Honours) (<a href=""/courses/c09066.html"">C09066</a>) but does not provide full professional engineering status.</p>",,"<p>This course is only offered to international students. Domestic students are advised to refer to the Bachelor of Engineering (Honours) Diploma in Professional Engineering Practice (<a href=""/courses/c09067.html"">C09067</a>), which includes industry experience and provides a comprehensive preparation for a career in the engineering profession.</p>",Engineering
C09148,2025.01,"<p>This combined degree, offered jointly by <a href=""https://www.uts.edu.au/future-students/engineering"">UTS: Engineering</a> and <a href=""https://handbook.uts.edu.au/intl/area/info.html"">UTS: International Studies</a>, links the Bachelor of Engineering (Honours) Diploma in Professional Engineering Practice (<a href=""https://handbook.uts.edu.au/courses/c09067.html"">C09067</a>) with the study of a language and culture other than English and the opportunity for students to study overseas for an academic year, pursuing a major research project in a field of their choice.</p> <p>In the fourth year of the combined degree, International Honours students spend an academic year studying in the local language at a university in the country of their major and also complete an honours level research project under the supervision of a relevant UTS academic. Entry to the International Honours pathway is dependent on students maintaining a credit average (or higher) in both their International Studies and professional degree in their first three years of study, and on the availability of placements in particular majors.</p>","<p>The Bachelor of Engineering (Honours) Diploma in Professional Engineering Practice, majoring in Civil Engineering, Civil and Environmental Engineering, Electrical Engineering, Flexible Engineering, Mechanical Engineering, Mechanical and Mechatronic Engineering, or Mechatronic Engineering, is fully accredited by <a href=""http://www.engineersaustralia.org.au/"">Engineers Australia</a> at the level of Professional Engineer and is recognised internationally by signatories to the <a href=""http://www.ieagreements.org/accords/washington"">Washington Accord</a>. Biomedical Engineering, Data Science Engineering, Electrical and Electronic Engineering, Electronic Engineering, and Software Engineering majors are provisionally accredited with Engineers Australia, pending full accreditation. UTS is currently seeking provisional accreditation of the Chemical Process Engineering and Renewable Energy Engineering majors.</p>","<p>This is an exit-only course. There is no direct admission to it. Current UTS students may be able to submit an Internal Course Transfer (Graduating) application to exit with this course. See the <a href=""https://www.uts.edu.au/current-students/managing-your-course/your-enrolment/enrolment-changes/course-transfer"">Course transfer</a> page for further details.</p>",Engineering
C50100,2025.01,,,<p>This course is not offered to international students.</p>,Engineering
C04274,2025.01,"<p>This course has been developed by the Faculty of Engineering and Information Technology and the UTS Business School to provide professional engineers with the advantages of a generalist Master of Business Administration alongside a focused program in engineering management. The course follows an integrated approach to professional practice through engineering management/professional engineering subjects, business administration subjects, and an independent project in engineering management.</p>",,,Engineering
C09174,2025.01,,,,Engineering
C03017,2025.01,"<p>This degree may be awarded to candidates who have completed an individual program of supervised work and submitted a thesis embodying the results. Topics which involve close cooperation with industry are strongly encouraged, and a majority of current candidates are engaged in topics which are actively supported by their employers.</p>",,,Engineering
C09067,2025.01,<p>This program is a comprehensive preparation for careers in the professional practice of engineering. Students learn to deal with complex systems and manage large-scale projects using the most appropriate emerging technologies.</p>,"<p>The Bachelor of Engineering (Honours) with Diploma in Professional Engineering Practice, majoring in Civil Engineering, Civil and Environmental Engineering, Electrical Engineering, Flexible Engineering, Mechanical Engineering, Mechanical and Mechatronic Engineering, or Mechatronic Engineering, is fully accredited by <a href=""http://www.engineersaustralia.org.au/"">Engineers Australia</a> at the level of Professional Engineer and is recognised internationally by signatories to the <a href=""http://www.ieagreements.org/accords/washington"">Washington Accord</a>. Biomedical Engineering, Data Science Engineering, Electrical and Electronic Engineering, Electronic Engineering, and Software Engineering majors are provisionally accredited with Engineers Australia, pending full accreditation. UTS is currently seeking provisional accreditation of the Chemical Process Engineering and Renewable Energy Engineering majors.</p>",,Engineering
C09066,2025.01,"<p>This course is identical to the Bachelor of Engineering (Honours) Diploma in Professional Engineering Practice (<a href=""/courses/c09067.html"">C09067</a>), with the exception that there is no Diploma in Professional Engineering Practice requirement.</p>","<p>The Bachelor of Engineering (Honours), majoring in Civil Engineering, Civil and Environmental Engineering, Electrical Engineering, Flexible Engineering, Mechanical Engineering, Mechanical and Mechatronic Engineering, or Mechatronic Engineering, is fully accredited by <a href=""http://www.engineersaustralia.org.au/"">Engineers Australia</a> at the level of Professional Engineer and is recognised internationally by signatories to the <a href=""http://www.ieagreements.org/accords/washington"">Washington Accord</a>. Biomedical Engineering, Data Science Engineering, Electrical and Electronic Engineering, Electronic Engineering, and Software Engineering majors are provisionally accredited with Engineers Australia, pending full accreditation. UTS is currently seeking provisional accreditation of the Chemical Process Engineering and Renewable Energy Engineering majors.</p>",,Engineering
C11233,2025.01,,,,Engineering
C10408,2025.01,"<p>This course is a technology degree which allows students to develop broad based engineering skills similar in nature to the Bachelor of Engineering Science (<a href=""https://handbook.uts.edu.au/courses/c09066.html"">C10066</a>) degree but without full engineering technologist status.</p>",,"<p>This course is only offered to domestic students. International students are advised to refer to the Bachelor of Engineering Science (<a href=""https://handbook.uts.edu.au/courses/c10066.html"">C10066</a>).</p> <p>This course is not offered to international students.</p>",Engineering
C09124,2025.01,"<p>This combined degree, offered jointly by <a href=""https://www.uts.edu.au/future-students/engineering"">UTS: Engineering</a> and <a href=""https://handbook.uts.edu.au/intl/area/info.html"">UTS: International Studies</a>, links the Bachelor of Engineering (Honours) Diploma in Professional Engineering Practice (<a href=""/courses/c09067.html"">C09067</a>) with the study of a language and culture other than English and the opportunity for students to study overseas for an academic year, pursuing a major research project in a field of their choice.</p>","<p>The Bachelor of Engineering (Honours) Diploma in Professional Engineering Practice, majoring in Civil Engineering, Civil and Environmental Engineering, Electrical Engineering, Flexible Engineering, Mechanical Engineering, Mechanical and Mechatronic Engineering, or Mechatronic Engineering, is fully accredited by <a href=""http://www.engineersaustralia.org.au/"">Engineers Australia</a> at the level of Professional Engineer and is recognised internationally by signatories to the <a href=""http://www.ieagreements.org/accords/washington"">Washington Accord</a>. Biomedical Engineering, Data Science Engineering, Electrical and Electronic Engineering, Electronic Engineering, and Software Engineering majors are provisionally accredited with Engineers Australia, pending full accreditation. UTS is currently seeking provisional accreditation of the Chemical Process Engineering and Renewable Energy Engineering majors.</p>","<p>Direct admission to this course via the Universities Admissions Centre (UAC) is not available. Students currently enrolled in the Bachelor of Engineering (Honours) Bachelor of International Studies (<a href=""https://handbook.uts.edu.au/courses/c09123.html"">C09123</a>) may apply via <a href=""https://www.uts.edu.au/current-students/managing-your-course/your-enrolment/enrolment-changes/course-transfer"">Internal Course Transfer</a>. </p>",Engineering
C42010,2025.01,,,,Information Technology
C41016,2025.01,,,,Information Technology
C11301,2025.01,"<p><strong>Gain skills to innovate and lead</strong></p> <p>Industries and organisations are being transformed by technology. This course gives students the multidisciplinary skills to equip them for this rapidly changing world by developing a set of capabilities, in technology and other areas that enable them to succeed in digitally disrupted organisations and industries.</p> <p><strong>Flexible, individualised learning</strong></p> <p>The Graduate Certificate in Technology combines practice-based subjects, called Studios, with elective subjects from across the university, to adapt the course to the needs of students. We understand that&#39;s a lot of freedom.</p> <p><strong>Practice-based learning</strong></p> <p>In the core Studio, students work with academics and professional peers in collaborative, intensive workshops - honing problem solving skills and critical thinking on professional development.</p> <p>The studio teaches a systems thinking framework for students to apply and synthesise their technical knowledge and skills. The studio provides mentorship and a collaborative practice-based learning environment to develop competencies.</p> <p>The course teach students to think in different ways that enable them to unravel problems, while building postgraduate level content knowledge in subject areas of their choice including postgraduate subjects focused on the intersection of technology and community, and scientific or technological processes or skills.</p>",,,Information Technology
C06137,2025.01,"<p><strong>Gain skills to innovate and lead</strong></p> <p>Industries and organisations are being transformed by technology. This course gives the students the multidisciplinary skills to tackle complex problems in this rapidly changing world by developing a set of capabilities, in technology and other areas that enable them to succeed in digitally disrupted organisations and industries.</p> <p><strong>Flexible, individualised learning</strong></p> <p>The Graduate Diploma in Technology combines practice-based subjects, called Studios, with elective subjects from across the university, to adapt the course to the needs of students. We understand that&rsquo;s a lot of freedom. </p> <p><strong>Practice-based learning</strong></p> <p>In Studios, students work with academics and professional peers in collaborative, intensive workshops on complex problems honing problem solving skills and critical thinking on sustainable development solutions.</p> <p>The studios teach design and systems thinking frameworks for students to apply and evaluate their technical knowledge and skills. The studios provide mentorship and a collaborative practice-based learning environment to develop competencies.</p> <p>The course teaches students to think in different ways that enable them to tackle complex problems, while building postgraduate level content knowledge in subject areas of their choice including postgraduate subjects focused on the intersection of technology and community, and scientific or technological processes or skills.</p>",,,Information Technology
C04295,2025.01,"<p>This course is designed to enable students to achieve a comprehensive and greater understanding of information technology in specialised technical or management areas. The wide range of specialisations allows students to tailor the course to satisfy their career development needs. Students with an undergraduate background in an information technology-related field are advised to consider the Master of Information Technology (Extension) (<a href=""/courses/c04296.html"">C04296</a>).</p>","<p>Graduates are eligible to apply for professional-level membership of the <a href=""https://www.acs.org.au"">Australian Computer Society</a>.</p>",,Information Technology
C04296,2025.01,<p>This course is designed to enable students to achieve a comprehensive and greater understanding of information technology in specialised technical or management areas for the IT professional. The wide range of specialisations allows students to tailor the course to satisfy and to broaden their career development needs.</p>,"<p>Graduates are eligible to apply for professional-level membership of the <a href=""https://www.acs.org.au"">Australian Computer Society</a>.</p>",,Information Technology
C04297,2025.01,<p>This course is designed to enable students to achieve a comprehensive and greater understanding of information technology in specialised technical or management areas for the IT professional. The wide range of specialisations allows students to tailor the course to satisfy and broaden their career development needs.</p>,,"<p>Admission to this course is restricted to students enrolled in the Master of Information Technology (Extension) (<a href=""/courses/c04296.html"">C04296</a>) and is made by <a href=""https://www.uts.edu.au/current-students/managing-your-course/your-enrolment/enrolment-changes/internal-course-transfer"">internal course transfer</a>.</p>",Information Technology
C20056,2025.01,"<p>The Diploma in Information Technology Professional Practice is not a separate course in its own right but is taken in conjunction with one of UTS: Information Technology&#39;s undergraduate courses.</p> <p>Students must obtain suitable employment and work for a minimum of nine months full time, and undertake the academic subjects related to their industrial training. International students can work full time for the duration of the diploma.</p>",,,Information Technology
C11142,2025.01,<p>This course enables those with an IT or related degree to undertake a specialised sequence of subjects to upskill or study subjects in an area not covered in their previous studies.</p>,,,Information Technology
C11272,2025.01,"<p>Interaction design is concerned with designing interactive digital products, digital environments, systems, and services that can satisfactorily meet the needs and desires of the intended users. The Graduate Certificate in Interaction Design prepares and equips students with up-to-date theoretical knowledge and requisite practical industry-standard skills in this rapidly advancing field.</p> <p>This is an entry-level course, part of an articulated postgraduate program in interaction design.</p>",,<p>This course is not offered to international students.</p>,Information Technology
C04222,2025.01,"<p>Interaction design is concerned with designing interactive digital products, digital environments, systems, and services that can satisfactorily meet the needs and desires of the intended users. The Master of Interaction Design prepares and equips students with up-to-date theoretical knowledge and requisite practical industry-standard skills in this rapidly advancing field.</p>",,,Information Technology
C11247,2025.01,<p>This course enables those with a non-IT or related degree to undertake an introductory sequence of subjects to upskill or study subjects in an area not covered in their previous studies.</p>,,,Information Technology
C06123,2025.01,"<p>Interaction design is concerned with designing interactive digital products, digital environments, systems, and services that can satisfactorily meet the needs and desires of the intended users. The Graduate Diploma in Interaction Design prepares and equips students with up-to-date theoretical knowledge and requisite practical industry-standard skills in this rapidly advancing field.</p>",,"<p>This is an exit-only course. There is no direct admission to it. Current UTS students may be able to submit an Internal Course Transfer (Graduating) application to exit with this course. See the <a href=""https://www.uts.edu.au/current-students/managing-your-course/your-enrolment/enrolment-changes/course-transfer"">Course transfer</a> page for further details.</p>",Information Technology
C06136,2025.01,"<p><strong>Become an agile leader in complexity</strong></p> <p>Technology, Industry 4.0, climate action, globalisation and more: we live and work in a time of unprecedented change that affects the ways we live and work. This degree gives students a multidisciplinary advantage to tackle complex issues in their organisation and the wider community, where a diverse range of skills is increasingly in demand.</p> <p><strong>Flexible, individualised learning</strong></p> <p>The Graduate Diploma in Professional Practice combines practice-based subjects, called Studios, with elective subjects from across the university, to adapt the course to the needs of students.</p> <p><strong>Practice-based learning</strong></p> <p>In Studios, students work with academics and professional peers in collaborative, intensive workshops on complex problems honing problem solving skills and critical thinking on sustainable development solutions.</p> <p>The studios teach design and systems thinking frameworks for students to apply and synthesise their technical knowledge and skills. The studios provide mentorship and a collaborative practice-based learning environment to develop competencies.</p> <p>The course teaches students to think in different ways that enable them to tackle complex problems, while building postgraduate level content knowledge in subject areas of their choice.</p>",,,Information Technology
C11298,2025.01,"<p><strong>Become an agile leader in complexity</strong></p> <p>Technology, Industry 4.0, climate action, globalisation and more: we live and work in a time of unprecedented change that affects the ways we live and work. This course gives students a multidisciplinary perspective on their roles in organisations and the wider community, where a diverse range of skills is increasingly in demand.</p> <p><strong>Flexible, individualised learning</strong></p> <p>The Graduate Certificate in Professional Practice combines practice-based subjects, called Studios, with elective subjects from across the university, to adapt the course to the student&#39;s needs.</p> <p><strong>Practice-based learning</strong></p> <p>In Studios, students work with academics and professional peers in collaborative, intensive workshops - honing problem solving skills and critical thinking on their professional development.</p> <p>The studio teach a systems thinking framework for students to apply and evaluate their technical knowledge and skills. The studio provide mentorship and a collaborative practice-based learning environment to develop competencies.</p> <p>The course teaches students to think in different ways that enable them to unravel problems, while building postgraduate level content knowledge in subject areas of their choice.</p>",,,Information Technology
C04406,2025.01,"<p><strong>Gain skills to innovate and lead</strong></p> <p>Industries and organisations are being transformed by technology. This course gives students the multidisciplinary skills to lead change in this rapidly changing world by developing a set of capabilities, in technology and other areas that enable them to succeed in digitally disrupted organisations and industries.</p> <p><strong>Flexible, individualised learning</strong></p> <p>The Master of Technology combines practice-based subjects, called Studios, with elective subjects from across the university, to adapt the course to the needs of students. </p> <p><strong>Practice-based learning</strong></p> <p>In Studios, students work with academics and professional peers in collaborative, intensive workshops on complex problems honing problem solving skills and critical thinking on sustainable development solutions.</p> <p>The studios teach design and systems thinking frameworks for students to research, apply and synthesise their technical knowledge and skills. The studios provide mentorship and a collaborative practice-based learning environment to develop competencies. The capstone studio enables students to apply their breadth and depth of knowledge in an industry project.</p> <p>The course teaches students to think in different ways that enable them to tackle complexity and unravel problems, while building postgraduate level content knowledge in subject areas of their choice including postgraduate subjects focused on the intersection of technology and community, and scientific or technological processes or skills.</p> <p>The Master of Technology studios enable students to explore, apply and integrate information, digital technology and design thinking.</p>",,,Information Technology
C04404,2025.01,"<p><strong>Become an agile leader in complexity</strong></p> <p>Technology, Industry 4.0, climate action, globalisation and more: we live and work in a time of unprecedented change that affects the ways we live and work. This course gives students a multidisciplinary advantage to lead in organisations and the wider community, where a diverse range of skills is increasingly in demand.</p> <p><strong>Flexible, individualised learning</strong></p> <p>The Master of Professional Practice combines practice-based subjects, called Studios, with elective subjects from across the university, to adapt the degree to the needs of the student.</p> <p><strong>Practice-based learning</strong></p> <p>In Studios, students work with academics and professional peers in collaborative, intensive workshops on complex problems honing problem solving skills and critical thinking on sustainable development solutions.</p> <p>The studios will teach design and systems thinking frameworks for students to research, apply and synthesise their technical knowledge and skills. The studios provide mentorship and a collaborative practice-based learning environment to develop competencies. The capstone studio enables students to apply their breadth and depth of knowledge in an industry project.</p> <p>The course teaches students to think in different ways that enable them to tackle complexity and unravel problems, while building postgraduate level content knowledge in subject areas of interest to students.</p> <p>The Master of Professional Practice studios enables students to explore, apply and integrate information, technology and human-centred design.</p>",,,Information Technology
C04430,2025.01,"<p>The Master of Cybersecurity is designed to meet the need for specialised industry professionals to help organisations and society manage the increasing challenges of creating and maintaining secure online systems. The course is aimed at computing science, information technology or computer engineering graduates, with or without cybersecurity experience, who wish to learn or extend their knowledge of cybersecurity in various contexts. </p>","<p>Graduates are eligible to apply for professional-level membership of the <a href=""https://www.acs.org.au/"">Australian Computer Society</a>.</p>",,Information Technology
C04431,2025.01,"<p>The Master of Cybersecurity (Extension) is designed to meet the need for well-rounded industry professionals to help organisations and society manage the increasing challenges of creating and maintaining secure online systems. The course is aimed at computing science, information technology or computer engineering graduates, with or without cybersecurity experience, who wish to learn or extend their knowledge of cybersecurity and supporting technologies. </p>","<p>Graduates are eligible to apply for professional-level membership of the <a href=""https://www.acs.org.au/"">Australian Computer Society</a>.</p>",,Information Technology
C09119,2025.01,<p>This course offers a sound education in all aspects of computing science and information technology. It is intended for students who aspire to become researchers or who want a career in a more scientific-oriented computing area. As such it provides a pathway to postgraduate research study.</p>,"<p>Graduates are eligible to apply for professional-level membership of the <a href=""https://www.acs.org.au"">Australian Computer Society</a>.</p>",,Information Technology
C11339,2025.01,"<p>Artificial Intelligence Management is for technical professionals working with artificial intelligence to inform enterprise decision making. Students develop abilities in analysing, planning and strategising around data and AI.</p> <p>Building an understanding of the legal regulation of data use and privacy, students examine data policy development, explore deficiencies and current state of data governance. In particular, students develop their skills applying techniques such as data analytics, data visualisation and machine learning and get the opportunity to develop their leadership in AI solutions.</p> <p>The <a href=""https://studyonline.uts.edu.au/online-courses/graduate-certificate-artificial-intelligence-management"">Graduate Certificate in Artificial Intelligence Management</a> is designed for future-focused professionals who aspire to become growth-oriented technology leaders and want to develop enterprise leadership and organisational acumen to enable a sustainable, technology-driven future.</p> <p>Delivered fully online, with part-time study, this course enables students to work full time while attaining the technology management skills to take control of their career. Customising learning to meet career goals, students can immediately apply what they learn to make a greater impact in their current role and prepare for a technology-driven future.</p>",,<p>This course is offered fully online.</p> <p>This course is not offered to international students.</p>,Information Technology
C04435,2025.01,"<p>The <a href=""https://studyonline.uts.edu.au/online-courses/executive-master-technology-management"">Executive Master of Technology Management</a> is designed for future-focused professionals who aspire to become growth-oriented technology leaders and want to develop enterprise leadership and organisational acumen to enable a sustainable, technology-driven future.</p> <p>The portfolio consists of masters level subjects focused on leadership and organisational-acumen, supporting skills and knowledge development in technology, data, and process management.</p> <p>The Masters students complete two industry-focused projects in which technological, leadership, business, and strategic thinking skills are applied to enterprise challenges and opportunities. Students build on the communication, critical thinking, and leadership skills that inform strategic thinking and change management in technology rich enterprises. They build capacity to lead the implementation of technology-lead initiatives, innovation, and transformation: solving problems in technological lag and designing technology solutions for enterprise operations. The program is also designed to enrich technical knowledge and understanding of how technologies interact with each other and are applied across business operations, empowering informed discourse and decision making in and across technical teams. The executive masters is suitable for a C-suite bound tech professional with advanced professional capability. This course offers an accelerated pathway and focuses on providing strategic and leadership skills within cutting edge leadership subjects focused on technology and enterprises.</p> <p>Delivered fully online, with part-time study, this course enables students to work full time while attaining the technology management skills to take control of their career. Customising learning to meet career goals, students can immediately apply what they learn to make a greater impact in their current role and prepare for a technology-driven future.</p>",,<p>This course is offered fully online.</p> <p>This course is not offered to international students.</p>,Information Technology
C06113,2025.01,<p>This course is an exit point in a program of study designed to enable students to achieve a comprehensive and greater understanding of information technology in specialised technical or management areas. The wide range of specialisations allows students to tailor the course to satisfy their career development needs.</p>,,"<p>This is an exit-only course. There is no direct admission to it. Current UTS students may be able to submit an Internal Course Transfer (Graduating) application to exit with this course. See the <a href=""https://www.uts.edu.au/current-students/managing-your-course/your-enrolment/enrolment-changes/course-transfer"">Course transfer</a> page for further details.</p>",Information Technology
C04234,2025.01,"<p>Interaction design is concerned with designing interactive digital products, digital environments, systems, and services that can satisfactorily meet the needs and desires of the intended users. The Master of Interaction Design (Extension) prepares and equips students with up-to-date theoretical knowledge and requisite practical industry-standard skills in this rapidly advancing field.</p>",,,Information Technology
C11326,2025.01,"<p>The <a href=""https://www.uts.edu.au/about/faculty-engineering-and-information-technology/animal-logic-academy/animal-logic-academy-courses/graduate-certificate-animation-and-visualisation"">Graduate Certificate in Animation and Visualisation</a> has been developed in partnership with the industry-leading digital animation studio <a href=""https://animallogic.com/"">Animal Logic</a> and is offered through the <a href=""https://www.uts.edu.au/about/faculty-engineering-and-information-technology/animal-logic-academy"">UTS Animal Logic Academy</a>. The course develops creative professional practice, conceptual skills and technical dexterity in animation and visualisation production. Under the guidance and mentorship of practitioners and leaders from the industry, learning takes place in a custom-built digital production studio modelled on real-world production work structure and engineered to the highest industry standards, with tools and technologies that are leading the animation and visualisation industries into the future.</p>",,<p>This course is offered on a full-time basis only.</p>,Information Technology
C04423,2025.01,"<p>The <a href=""https://www.uts.edu.au/about/faculty-engineering-and-information-technology/animal-logic-academy/animal-logic-academy-courses/master-animation-and-visualisation"">Master of Animation and Visualisation</a> has been developed in partnership with the industry-leading digital animation studio <a href=""https://animallogic.com/"">Animal Logic</a> and is offered through the <a href=""https://www.uts.edu.au/about/faculty-engineering-and-information-technology/animal-logic-academy"">UTS Animal Logic Academy</a>. The course develops creative professional practice, conceptual skills and technical dexterity in animation and visualisation production. Under the guidance and mentorship of practitioners and leaders from the industry, learning is modelled on real-world production work structures in a custom-built digital production studio, engineered to the highest industry standards with tools and technologies that are leading the animation and visualisation industries into the future.</p>",,"<p>This course has an early, pre-session start date in early February in the year of commencement.</p>",Information Technology
C09019,2025.01,"<p>This course provides the opportunity for students to develop research skills, and provides greater breadth and depth in a specific area of information technology.</p>",,,Information Technology
C11350,2025.01,,,<p>This course is not offered to international students.</p>,Information Technology
C10471,2025.01,"<p>The Bachelor of Cybersecurity educates and prepares graduates with specialist knowledge and skills in cybersecurity and its digital, physical and social impact.</p> <p>This course is offered both in Standard mode, and as part of the UTS Industry Degree Academy (IDeA). The IDeA Program utilises a <a href=""https://www.uts.edu.au/ideacadetship"">cadetship model</a> which integrates work and study throughout the degree. The Standard Program of the course offers the same academic content but without the cadetship component.</p>","<p>The Faculty of Engineering and Information Technology is seeking accreditation from the <a href=""https://www.acs.org.au/"">Australian Computer Society</a>.</p>",<p>The Bachelor of Cybersecurity is offered in both a Standard mode and as part of the UTS Industry Degree Academy (IDeA).</p> <p>The Bachelor of Cybersecurity &ndash; Standard Program is offered to both local and international students. The Standard Program is typically offered for both Autumn and Spring session intakes.</p> <p>The Bachelor of Cybersecurity &ndash; Industry Degree Academy (IDeA) Program is only offered to local students. The IDeA program is intended for domestic current school leavers. The IDeA program is not offered to international students. The IDeA program is offered for Autumn session intake only.</p>,Information Technology
C06147,2025.01,"<p>Artificial Intelligence (AI) is one of the most promising technologies, driven by big data and advancements in computing power and algorithms. It has huge potential to transform economies and uncover new societal and environmental values. This course enables students to broaden their knowledge and skills in Artificial Intelligence. Graduates of this course have a strong foundation in data analytics, visualisation, machine learning, and other aspects of AI. Students gain hands-on experience with a variety of AI projects, which will equip them to engage with challenges throughout a wide range of industries that utilise AI. The course is aimed at graduates from disciplines that are different from computing science, information technology or computer engineering, and who wish to upskill and enhance their knowledge in the area of AI.</p>",,,Information Technology
C04443,2025.01,"<p>Artificial Intelligence (AI) is one of the most promising technologies, driven by big data and advancements in computing power and algorithms. It has huge potential to transform economies and uncover new societal and environmental values. This course enables students to gain fundamental and advanced knowledge in data analytics and visualisation, machine learning, deep learning, and various aspects of AI. Students have opportunities to gain expertise in specialised areas such as Computer Vision or Natural Language Processing and to solve real-world problems. Hands-on experience with real-world research and industry projects enables graduates to manage the increasing challenges of creating and maintaining AI systems. Graduates from this course become socially responsible and technically competent as AI specialists, to help current and future industry across many sectors, such as banking and finance, healthcare, agriculture, infrastructure development, or natural resource management. This course is aimed at graduates from computing science, information technology or computer engineering, who wish to learn or extend their knowledge of AI in various contexts.</p>","<p>The Faculty of Engineering and Information Technology is seeking accreditation from the <a href=""http://www.acs.org.au/"">Australian Computer Society</a>.</p>",,Information Technology
C10474,2025.01,"<p>The Bachelor of Artificial Intelligence is designed to meet the need for specialised industry professionals to help organisations and society make sense of the abundance of data collected every second and build autonomous solutions for a variety of applications, such as self-driving cars, facial recognition, personalised learning or voice assistants. There is a strong industry demand for artificial intelligence professionals with sound technical capabilities and a good understanding of the challenges and opportunities in this rapidly evolving field.</p>","<p>The Faculty of Engineering and Information Technology is seeking accreditation from the <a href=""http://www.acs.org.au/"">Australian Computer Society</a>.</p>",,Information Technology
C10475,2025.01,"<p>The Bachelor of Artificial Intelligence program is designed to meet the need for specialised industry professionals to help organisations and society make sense of the abundance of data collected every second and build autonomous solutions for a variety of applications, such as self-driving cars, facial recognition, personalised learning or voice assistants. There is a strong industry demand for artificial intelligence professionals with sound technical capabilities and a good understanding of the challenges and opportunities in this rapidly evolving field.</p> <p>This degree combines a professional degree with language and culture studies, enhancing professional training and career options by providing students with the opportunity to undertake studies at an overseas University.</p>","<p>The Faculty of Engineering and Information Technology is seeking accreditation from the <a href=""http://www.acs.org.au/"">Australian Computer Society</a> for the Bachelor of Artificial Intelligence.</p>",,Information Technology
C09167,2025.01,"<p>This is an exit-point for students who have completed the International Honours pathway within the Bachelor of Artificial Intelligence Bachelor of International Studies (<strong>C10475</strong>).</p> <p>In the fourth year of the combined degree, International Honours students spend an academic year studying in the local language at a university in the country of their major and also complete an honours level research project under the supervision of a relevant UTS academic.</p> <p>Entry to the International Honours pathway is dependent on students maintaining a credit average (or higher) in both their International Studies and professional degree in their first three years of study, and on the availability of placements in particular majors.</p>","<p>The Faculty of Engineering and Information Technology is seeking accreditation from the <a href=""http://www.acs.org.au/"">Australian Computer Society</a> for the Bachelor of Artificial Intelligence.</p>","<p>This is an exit-only course. There is no direct admission to it. Current UTS students may be able to submit an Internal Course Transfer (Graduating) application to exit with this course. See the <a href=""https://www.uts.edu.au/current-students/managing-your-course/your-enrolment/enrolment-changes/course-transfer"">Course transfer</a> page for further details.</p>",Information Technology
C10229,2025.01,<p>This course offers a sound education in all aspects of information technology and develops the diverse skills necessary for a career in computer games development. </p>,"<p>Graduates are eligible to apply for professional-level membership of the <a href=""https://www.acs.org.au"">Australian Computer Society</a>.</p>",,Information Technology
C10473,2025.01,"<p>The Bachelor of Cybersecurity Bachelor of International Studies will educate and prepare graduates with knowledge and skills in cybersecurity and its digital, physical and social impact. There is strong industry demand for cybersecurity professionals with sound technical capabilities, awareness of the broader context surrounding cybersecurity, and who can respond to emerging risks and opportunities in this expanding field. </p>","<p>The Faculty of Engineering and Information Technology is seeking accreditation from the <a href=""http://www.acs.org.au/"">Australian Computer Society</a>.</p>",,Information Technology
C09166,2025.01,"<p>This is an exit-point for students who have completed the International Honours pathway within the Bachelor of Cybersecurity Bachelor of International Studies (<a href=""https://handbook.uts.edu.au/courses/c10473.html"">C10473</a>).</p> <p>In the fourth year of the combined degree, International Honours students spend an academic year studying in the local language at a university in the country of their major and also complete an honours level research project under the supervision of a relevant UTS academic.</p> <p>Entry to the International Honours pathway is dependent on students maintaining a credit average (or higher) in both their International Studies and professional degree in their first three years of study, and on the availability of placements in particular majors.</p> <p>Students in the course engage in practical, hands-on learning using technologies to create and manage secure networks, systems and devices. The course covers a broad range of current and emerging areas of cybersecurity, including system security, information security, network security, cloud security, mobile platform security, IoT security and privacy preservation. Learning is underpinned by a solid foundation in computing and information technology, preparing graduates to work in a variety of IT roles that draw on both their broad IT knowledge and cybersecurity specialist skillset.</p>","<p>The Faculty of Engineering and Information Technology is seeking accreditation from the <a href=""http://www.acs.org.au/"">Australian Computer Society</a>.</p>","<p>This is an exit-only course. There is no direct admission to it. Current UTS students may be able to submit an Internal Course Transfer (Graduating) application to exit with this course. See the <a href=""https://www.uts.edu.au/current-students/managing-your-course/your-enrolment/enrolment-changes/course-transfer"">Course transfer</a> page for further details.</p>",Information Technology
C02094,2025.01,"<p>The PhD is a University-wide research degree which involves an intense period of supervised study and research, leading to an original and significant contribution to knowledge. This is a degree of the future and is a recognised path for those wishing to assume leadership positions in their field of specialisation. This course prepares graduates for a leadership role in the widely diverse range of industries and organisations that rely on research or research skills to solve real-world problems, including but not limited to academia, business, government, cultural and community organisations.</p> <p>All students are required to successfully complete the research training coursework subjects 42670 Research Foundations and 32931 Technology Research Methods which will develop research knowledge and skills.</p>",,,Information Technology
C10143,2025.01,"<p>This is a cooperative education scholarship program in computer information systems, developed by UTS in cooperation with a group of leading organisations. It differs from other cooperative education courses in that, during the industry-based sessions, students follow a structured program designed jointly by UTS and the employer group, including formal coursework delivered by industry.</p>","<p>Graduates are eligible to apply for professional-level membership of the <a href=""https://www.acs.org.au"">Australian Computer Society</a>.</p>",<p>This course is intended for domestic current school leavers.</p> <p>This course is only offered to local students.</p> <p>This course is not offered to international students.</p>,Information Technology
C09162,2025.01,"<p>The Bachelor of Information Technology Bachelor of International Studies (Honours) is an exit-point for students who have completed the International Honours pathway within the Bachelor of Information Technology Bachelor of International Studies (<a href=""https://cis-admin.uts.edu.au/courses/c10239.html"">C10239</a>).</p> <p>This course integrates a professional degree in information technology with the study of a language and culture other than English and the opportunity for students to study overseas for up to an academic year, pursuing a major research project in a field of their choice, depending on their chosen pathway.</p> <p>The information technology component provides a sound education in all aspects of computing and information technology for a career in the profession.</p> <p>The international studies component offers an in-depth understanding of diverse cultures through academic learning at UTS and the host institution during study abroad.</p> <p>Students choose an IT major and are allocated to a country major as part of the Bachelor of International Studies.</p> <p>In the fourth year of the combined degree, International Honours students spend an academic year studying in the local language at a university in the country of their major and also complete an honours level research project under the supervision of a relevant UTS academic.</p> <p>Entry to the International Honours pathway is dependent on students maintaining a credit average (or higher) in both their International Studies and professional degree in their first three years of study, and on the availability of placements in particular majors.</p>","<p>Graduates are eligible to apply for professional-level membership of the <a href=""https://www.acs.org.au"">Australian Computer Society</a>.</p>","<p>This is an exit-only course. There is no direct admission to it. Current UTS students may be able to submit an Internal Course Transfer (Graduating) application to exit with this course. See the <a href=""https://www.uts.edu.au/current-students/managing-your-course/your-enrolment/enrolment-changes/course-transfer"">Course transfer</a> page for further details.</p>",Information Technology
C10476,2025.01,"<p>The Bachelor of Computing Science offers a full grounding in the central disciplines of IT and Computing Science, including both theory and professional practice. Utilising a <a href=""https://www.uts.edu.au/study/information-technology/courses/undergraduate-it-courses/bachelor-computing-science-industry-degree-academy-idea"">cadetship model of study</a>, the degree builds professional aptitude and workplace experience while studying. It is aimed at student with a passion for computer science, IT and related fields who are looking toward technically oriented industry positions.</p>","<p>The Faculty of Engineering and Information Technology is seeking accreditation from the <a href=""http://www.acs.org.au/"">Australian Computer Society</a>.</p>","<p>The Bachelor of Computing Science is offered in both a Standard mode and as part of the UTS Industry Degree Academy (IDeA).</p> <p><strong><a href=""https://www.uts.edu.au/study/find-a-course/bachelor-computing-science-honours"">C09119 Bachelor of Computing Science (Honours)</a></strong> &ndash; Standard Program is offered to both local and international students. The Standard Program is typically offered for both Autumn and Spring session intakes.</p> <p><strong>C10476</strong> Bachelor of Computing Science - Industry Degree Academy (IDeA) Program is only offered to local students. The IDeA program is intended for domestic current school leavers. The IDeA program is not offered to international students. The IDeA program is offered for Autumn session intake only.</p> <p>This course is not offered to international students.</p>",Information Technology
C03051,2025.01,"<p>UTS is at the forefront of analytics education in Australia with its focus on practice-based, interdisciplinary analytics and decision-making research. Big data in the internet age is very complex and growing exponentially, posing greater challenges for organisations.</p> <p>In this course, students can focus on real-world business problems in their own organisations and develop solutions as part of their research. This course enables graduates to extend and deepen their knowledge in a specialised area of analytics by undertaking research under the supervision of a member of academic staff.</p> <p>The core program is supplemented by short courses, seminars and projects. These courses provide academic rigour while using cutting-edge technologies.</p>",,,Information Technology
C06142,2025.01,"<p>The Graduate Diploma in Technology Management is an exit-only qualification for the Master of Technology Management (C04434). The course is designed for the future-focused professionals who aspire to be a sustainability focused technology leader. The portfolio consists of masters level subjects focused on leadership and organisational-acumen, supporting skills and knowledge development in technology, data and process management. Students build on the communication, critical thinking and leadership skills that inform strategic thinking and change management in technology rich enterprises. Students build capacity to lead the implementation of technology-lead initiatives, innovation and transformation: solving problems in technological lag and designing technology solutions for enterprise operations.</p>",,"<p>This is an exit-only course. There is no direct admission to it. Current UTS students may be able to submit an Internal Course Transfer (Graduating) application to exit with this course. See the <a href=""https://www.uts.edu.au/current-students/managing-your-course/your-enrolment/enrolment-changes/course-transfer"">Course transfer</a> page for further details.</p> <p>This course is not offered to international students.</p>",Information Technology
C11341,2025.01,"<p>The Graduate Certificate in Technology Management provides foundational knowledge and know-how across the major areas of technology leading business innovation, transformation, and competitiveness.</p> <p>Students are introduced to the terminology, key skills, and trends in information technology, and strategies for leading and governing IT solutions in enterprises and organisations. The learning in the Certificate provides the insights, tools, and conceptual learning that students need to progress as a professional working across technical teams and implementing business solutions.</p> <p>The Certificate provides a foundation for progressing their technology and digital transformation leadership in the Technology Management Masters program.</p> <p>The <a href=""https://studyonline.uts.edu.au/online-courses/graduate-certificate-technology-management"">Graduate Certificate in Technology Management</a> is designed for future-focused professionals who aspire to become growth-oriented technology leaders and want to develop enterprise leadership and organisational acumen to enable a sustainable, technology-driven future.</p> <p>Delivered fully online, with part-time study, this course enables students to work full time while attaining the technology management skills to take control of students career. Customising learning to meet career goals, students can immediately apply what they learn to make a greater impact in their current role and prepare for a technology-driven future.</p>",,<p>This course is offered fully online.</p> <p>This course is not offered to international students.</p>,Information Technology
C04450,2025.01,,,,Information Technology
C11340,2025.01,"<p>Cybersecurity Management is for technical professionals working with cybersecurity issues and challenges across an enterprise. Students develop abilities in analysing, planning, and strategising around cybersecurity incidents and solutions.</p> <p>Building an understanding of the legal regulation of cybersecurity and cybercrime, students examine cybersecurity policy development, explore deficiencies and the current state of cybersecurity governance. In particular, students develop their skills applying techniques such as data analytics for cybersecurity planning and get the opportunity to develop their leadership in managing cybersecurity.</p> <p>The <a href=""https://studyonline.uts.edu.au/online-courses/graduate-certificate-cybersecurity-management"">Graduate Certificate in Cybersecurity Management</a> is designed for future-focused professionals who aspire to become growth-oriented technology leaders and want to develop enterprise leadership and organisational acumen to enable a sustainable, technology-driven future.</p> <p>Delivered fully online, with part-time study, this course enables students to work full time while attaining the technology management skills to take control of their career. Customising learning to meet career goals, students can immediately apply what they learn to make a greater impact in their current role and prepare for a technology-driven future.</p>",,<p>This course is offered fully online.</p> <p>This course is not offered to international students.</p>,Information Technology
C04434,2025.01,"<p>The <a href=""https://studyonline.uts.edu.au/online-courses/master-technology-management"">Master of Technology Management</a> is designed for future-focused professionals who aspire to become growth-oriented technology leaders and want to develop enterprise leadership and organisational acumen to enable a sustainable, technology-driven future.</p> <p>Students build on the communication, critical thinking, and leadership skills that inform strategic thinking and change management in technology-rich enterprises. Students build capacity to lead the implementation of technology-lead initiatives, innovation, and transformation: solving problems in technological lag and designing technology solutions for enterprise operations.</p> <p>The program is also designed to enrich students&#39; technical knowledge and understanding of how technologies interact with each other and are applied across business operations, empowering informed discourse and decision making in and across technical teams.</p> <p>Delivered fully online, with part-time study, this course enables students to work full time while attaining the technology management skills to take control of their career. Customising learning to meet career goals, students can immediately apply what they learn to make a greater impact in their current role and prepare for a technology-driven future.</p>",,<p>This course is offered fully online</p> <p>This course is not offered to international students.</p>,Information Technology
C10484,2025.01,,,,Information Technology
C03025,2025.01,<p>This course enables graduates to extend and deepen their knowledge in a specialised area of computing by undertaking research under the supervision of a member of academic staff.</p>,,,Information Technology
C10148,2025.01,"<p>This course offers a sound education in all aspects of computing and information technology for students who intend to make a career in the profession, as well as providing a pathway to honours, postgraduate study or a research career.</p>","<p>Graduates are eligible to apply for professional-level membership of the <a href=""https://www.acs.org.au"">Australian Computer Society</a>.</p>","<p>Domestic applicants can apply for the Bachelor of Information Technology Diploma in Information Technology Professional Practice (<a href=""https://handbook.uts.edu.au/courses/c10345.html"">C10345</a>), which includes an industry training year and provides comprehensive preparation for a career in information technology.</p>",Information Technology
C10345,2025.01,"<p>This course offers a sound education in all aspects of computing and information technology for students who intend to make a career in the profession, as well as providing a pathway to honours, postgraduate study and a research career.</p>","<p>Graduates are eligible to apply for professional-level membership of the <a href=""https://www.acs.org.au"">Australian Computer Society</a>.</p>",,Information Technology
C10219,2025.01,"<p>This course is offered jointly by the Faculty of Engineering and Information Technology and the UTS Business School and is awarded with two testamurs. The information technology component provides a sound education in all aspects of computing and information technology for students who intend to make a career in the profession. The business component provides students with the knowledge, competencies and values necessary for fulfilling an effective career in business.</p>","<p>Graduates are eligible to apply for professional-level membership of the <a href=""http://www.acs.org.au"">Australian Computer Society</a>.</p> <p>Refer to the Bachelor of Business (<a href=""/courses/c10026.html"">C10026</a>) for details on professional recognition of that award.</p>",,Information Technology
C10239,2025.01,"<p>This course integrates a professional degree in information technology with the study of a language and culture other than English and the opportunity for students to study overseas for up to an academic year, pursuing a major research project in a field of their choice, depending on their chosen pathway.</p> <p>The information technology component provides a sound education in all aspects of computing and information technology for a career in the profession.</p> <p>The international studies component offers an in-depth understanding of diverse cultures through academic learning at UTS and the host institution during study abroad.</p> <p>Students choose an IT major and are allocated to a country major as part of the Bachelor of International Studies.</p>","<p>Graduates are eligible to apply for professional-level membership of the <a href=""https://www.acs.org.au"">Australian Computer Society</a>.</p>",<p><strong>This course information relates to students commencing a combined degree with the Bachelor of International Studies in 2022.</strong> Students who commenced a combined degree with the Bachelor of Arts in International Studies prior to 2022 should refer to the Handbook for the year they commenced their degree.</p>,Information Technology
C10485,2025.01,,,,Information Technology
C02096,2025.01,"<p>The PhD is a University-wide research degree which involves an intense period of supervised study and research, leading to an original and significant contribution to knowledge. This is a degree of the future and is a recognised path for those wishing to assume leadership positions in their field of specialisation. This course prepares graduates for a leadership role in the widely diverse range of industries and organisations that rely on research or research skills to solve real-world problems, including but not limited to academia, business, government, cultural and community organisations.</p> <p>All students are required to successfully complete the research training coursework subjects 42670 Research Foundations and 32931 Technology Research Methods which will develop research knowledge and skills.</p>",,,Information Technology
C10395,2025.01,"<p>The Bachelor of Information Systems (BIS) is an undergraduate coursework offering aimed at meeting emerging demands for a new generation of technology professionals ready to deal with the challenges of complex systems.</p> <p>Students study complex systems such as enterprises, their services for different stakeholders (customers/patients/citizens/other organisations and stakeholders), and their internal processes conducted by people (with knowledge, skills and social capital) using data, information and IT-enabled services.</p>","<p>Graduates are eligible to apply for professional-level membership of the <a href=""http://www.acs.org.au"">Australian Computer Society</a>.</p>",,Information Technology
C10278,2025.01,"<p>The Bachelor of Information Systems Bachelor of Business (BIS BBus) is a cross-faculty offering, leveraging the strengths of Information Systems and Business. The offering is aimed at meeting the emerging demands of a new generation of technology managers ready to deal with the challenges of complex systems.</p> <p>Students study complex systems such as enterprises, their services for different stakeholders (customers/patients/citizens/other organisations and stakeholders), and their internal processes conducted by people (with knowledge, skills and social capital) using data, information and IT-enabled services. The Business component provides students with the knowledge, competencies and values necessary for fulfilling an effective career in business.</p>","<p>Graduates are eligible to apply for professional-level membership of the <a href=""http://www.acs.org.au"">Australian Computer Society</a>.</p> <p>Refer to the Bachelor of Business (<a href=""https://cis-admin.uts.edu.au/courses/c10026.html"">C10026</a>) for details on professional recognition of that award.</p>",,Information Technology
C42009,2025.01,,,,Law
C41015,2025.01,,,,Law
C04251,2025.01,"<p>UTS has established expertise in and a reputation for providing courses relevant to the needs of the patent and trade mark professions. The UTS Master of Intellectual Property is the first course at an Australian university that fulfils the entire educational requirements for registration as a registered Trans-Tasman patent attorney in Australia and New Zealand under the <a href=""https://www.ttipattorney.gov.au/"">Trans-Tasman IP Attorneys Board</a>, as well as registration as an Australian trade marks attorney.</p>","<p>The educational requirements for registration as a patent attorney and trade marks attorney in Australia and New Zealand with the Trans-Tasman IP Attorneys Board for Patent and Trade Marks Attorneys can be fulfilled by completing all eight accredited subjects in this course.</p> <p>Prospective students should check with the <a href=""https://www.ttipattorney.gov.au/"">Trans-Tasman IP Attorneys Board</a> for specific subjects required to be completed for registration.</p>",<p>This course is only available by distance mode. International students are not eligible for a student visa to study this course in Australia.</p>,Law
C06099,2025.01,"<p>UTS has established expertise and a reputation for providing courses relevant to the needs of the patent and trade mark professions. The UTS Intellectual Property program is the first at an Australian university that fulfils the entire educational requirements for registration as a registered Trans-Tasman patent attorney in Australia and New Zealand under the Trans-Tasman IP Attorneys Board, as well as registration as an Australian trade marks attorney.</p>","<p>Subject to final board approval, where applicants have a requisite tertiary qualification as stipulated by the Trans-Tasman IP Attorneys Board for Patent and Trade Marks Attorneys, this course provides accredited subjects which satisfy the educational requirements necessary for registration as a Trade Marks Attorney or which lead to completing the educational requirements necessary for registration as a Patent Attorney in Australia and New Zealand.</p> <p>Prospective students should check with the <a href=""https://www.ttipattorney.gov.au/"">Trans-Tasman IP Attorneys Board</a> for specific subjects required to be completed for registration.</p>",<p>This course is only available by distance mode. International students are not eligible for a student visa to study this course in Australia.</p>,Law
C11130,2025.01,<p>UTS has established expertise and a reputation for providing courses relevant to the needs of the patent and trade marks professions. The course fulfils the entire educational requirements for registration as an Australian trade marks attorney under the knowledge requirements of the Trans-Tasman IP Attorneys Board.</p>,"<p>Subject to final board approval, where applicants have a requisite tertiary qualification as stipulated by the Trans-Tasman IP Attorneys Board for Patent and Trade Marks Attorneys, this course provides the accredited subjects which satisfy the educational requirements necessary for registration as a Trade Marks Attorney in Australia and New Zealand.</p> <p>Prospective students should check with the <a href=""https://www.ttipattorney.gov.au/"">Trans-Tasman IP Attorneys Board</a> for specific subjects required to be completed for registration.</p>",<p>This course is only available by distance mode. International students are not eligible for a student visa to study this course in Australia.</p>,Law
C11229,2025.01,"<p>UTS has established expertise and a reputation for providing courses relevant to the needs of the patent and trade mark professions. The UTS Intellectual Property program is the first at an Australian university that fulfils the entire educational requirements for registration as a registered Trans-Tasman patent attorney in Australia and New Zealand under the Trans-Tasman IP Attorneys Board, as well as registration as an Australian trade marks attorney.</p>","<p>Subject to final board approval, where applicants have a requisite tertiary qualification as stipulated by the Trans-Tasman IP Attorneys Board for Patent and Trade Marks Attorneys, this course provides accredited subjects which satisfy the educational requirements necessary for registration as a Trade Marks Attorney or which lead to completing the educational requirements necessary for registration as a Patent Attorney in Australia and New Zealand.</p> <p>Prospective students should check with the <a href=""https://www.ttipattorney.gov.au/"">Trans-Tasman IP Attorneys Board</a> for specific subjects required to be completed for registration.</p>",<p>This course is only available by distance mode. International students are not eligible for a student visa to study this course in Australia.</p>,Law
C11265,2025.01,"<p>This course gives students the opportunity to build specialist legal skills in their area of professional practice, as well as theoretical and practical research capabilities as they relate to the study of the law. </p>",,"<p>Students from a non-common law background are also required to enrol in the subject <a href=""/subjects/79708.html"">79708</a> Contemporary Business Law.</p>",Law
C11232,2025.01,<p>Practical legal training (PLT) is a mandatory requirement for admission to practise law in NSW and UTS was the first university in Sydney to offer a PLT qualification.</p>,<p>This course satisfies the requirements for admission as a lawyer to the Supreme Court of NSW.</p>,,Law
C07122,2025.01,"<p>This course gives non-law graduates an understanding of the legal and regulatory frameworks of their professional fields. Students come from a wide variety of professional backgrounds, such as insurance, human resources, banking, finance and education, and work in roles where knowledge of the legal landscape is critical to their work.</p>",,"<p>The Graduate Diploma in Legal Studies is not a professional legal qualification. Students seeking admission to practise as a lawyer should consider the Juris Doctor (<a href=""/courses/c04236.html"">C04236</a>) or the Bachelor of Laws (<a href=""/courses/c10124.html"">C10124</a>). Some subjects in the Graduate Diploma in Legal Studies may be credited towards these degrees. </p>",Law
C07073,2025.01,"<p>This course is for qualified lawyers from jurisdictions outside Australia who are seeking admission to practise law in NSW. Based on an assessment by the Legal Profession Admission Board (LPAB) of the Supreme Court of NSW, UTS builds a tailored program of study for each student. Upon successful completion, students meet the academic requirements for admission as a lawyer of the NSW Supreme Court.</p>",<p>This course may satisfy the requirements for admission to the Supreme Court of NSW. The Legal Profession Admission Board may recognise subjects attempted within this course. Applicants are advised to obtain written confirmation of the LPAB in recognition of subjects attempted within this course prior to enrolling.</p>,<p>This course is not appropriate for applicants who are already admitted to practise as a lawyer in NSW.</p>,Law
C04236,2025.01,"<p>The UTS Juris Doctor is an internationally recognised graduate-entry qualification for non-law graduates. As an Australian Qualifications Framework Level 9 master&#39;s qualification, this course meets the academic requirements for admission as a lawyer in NSW for graduates who have successfully completed a first degree.</p>","<p>This course satisfies the requirements for admission as a lawyer to the Supreme Court of NSW, provided students undertake a PLT program, such as the Graduate Certificate in Professional Legal Practice (<a href=""/courses/c11232.html"">C11232</a>).</p>","<p><a href=""https://www.uts.edu.au/current-students/managing-your-course/fees-and-payment/domestic-student-tuition-fees/commonwealth-supported"">Commonwealth Supported Places (CSP)</a> will be considered for applicants with a minimum Grade Point Average (GPA) of 5.5 out of 7 in their previous studies. Note that applicants with a GPA between 5.0 and 5.49 may be assessed for a CSP place depending on availability.</p> <p>Applicants are strongly encouraged to submit their full application by the following dates to be considered for a Commonwealth Supported Place.</p> <ul> <li>Autumn 2024: Sunday 26 November 2023</li> <li>Spring 2024: Sunday 26 May 2024 (TBC)</li> </ul>",Law
C11211,2025.01,"<p>This course is for qualified lawyers from <a href=""http://www.uts.edu.au/future-students/law/essential-information/professional-recognition/lawyers-overseas-jurisdictions"">common law jurisdictions outside Australia</a> who are seeking admission to practise law in NSW. Students complete 30 credit points of core subjects spanning ethics, property, constitutional and administrative law.</p>",<p>This course may satisfy the requirements for admission to the Supreme Court of NSW. The Legal Profession Admission Board may recognise subjects attempted within this course. Applicants are advised to obtain written confirmation to the LPAB in recognition of subjects attempted within this course prior to enrolling.</p>,<p>This course is not appropriate for applicants who are already admitted to practise as a lawyer in NSW.</p>,Law
C04264,2025.01,<p>This course gives non-law graduates an understanding of the legal and regulatory frameworks of the fields in which they work.</p>,,"<p>The Master of Legal Studies is not a professional legal qualification. Students seeking admission to practise as a lawyer should consider the Juris Doctor (<a href=""/courses/c04236.html"">C04236</a>) or the Bachelor of Laws (<a href=""/courses/c10124.html"">C10124</a>). Some subjects in the Master of Legal Studies may be credited towards these degrees.</p>",Law
C03024,2025.01,"<p>The Master of Laws (Research) provides an opportunity for graduates to develop their research skills, deepen their knowledge in some area of the law and undertake original research. The degree is awarded to candidates who demonstrate competence in research, an understanding of research methods and an ability to make an original contribution to knowledge.</p>",,,Law
C04320,2025.01,"<p>This course, also known as the JD Accelerate, is the only integrated law and Practical Legal Training (PLT) degree in Sydney, and meets both the academic and practical requirements for admission to practise law in NSW. Like the standard Juris Doctor, this course is an Australian Qualifications Framework Level 9 master&#39;s degree that builds knowledge and experience in fundamental legal theory.</p>",<p>This course is accredited by the Legal Profession Admission Board (LPAB) of the Supreme Court of NSW. The course satisfies both the academic and practical legal training requirements for admission as a lawyer to the Supreme Court of NSW.</p>,,Law
C10391,2025.01,"<p>In this combined degree, students learn to use science as a tool to enforce the law or to prepare for professional and specialist work in the world of forensic science.</p>","<p>This course satisfies the requirements for admission to the Supreme Court of NSW as a lawyer, provided students complete a practical legal training (PLT) program, such as the Graduate Certificate in Professional Legal Practice (<a href=""/courses/c11232.html"">C11232</a>).</p> <p>Graduates of the Bachelor of Forensic Science are eligible for membership of the Royal Australian Chemical Institute and the Australian and New Zealand Forensic Science Society.</p>",,Law
C09121,2025.01,"<p>The Bachelor of Forensic Science Bachelor of Laws is offered jointly by UTS Law and UTS Science.</p> <p>The Bachelor of Forensic Science prepares students for professional and specialist work in the discipline of forensic science. Students build a solid foundation of skills and knowledge in the enabling sciences, complemented by an in-depth understanding of forensic science in the context of their chosen discipline. Development of critical thinking and problem-solving skills is a focus of the degree, with graduates in high demand from a diverse range of industries and organisations.</p>","<p>This course satisfies the requirements for admission to the Supreme Court of NSW as a lawyer, provided students complete a practical legal training program, such as the Graduate Certificate in Professional Legal Practice (<a href=""/courses/c11232.html"">C11232</a>).</p> <p>Graduates of the Bachelor of Forensic Science are eligible for membership of the Royal Australian Chemical Institute and the Australian and New Zealand Forensic Science Society.</p>","<p>This is an exit-only course. There is no direct admission to it. Current UTS students may be able to submit an Internal Course Transfer (Graduating) application to exit with this course. See the <a href=""https://www.uts.edu.au/current-students/managing-your-course/your-enrolment/enrolment-changes/course-transfer"">Course transfer</a> page for further details.</p>",Law
C06122,2025.01,"<p>The Graduate Diploma in Migration Law and Practice develops subject expertise and practical skills in the niche field of migration law. This course is developed by migration experts and is offered entirely online, giving students the flexibility to study when and where they choose. All lectures, tutorials, course materials and assessments are available via a range of web-based technologies and electronic media.</p>","<p>The prescribed knowledge requirements for registration as a migration agent with the Office of the Migration Agents Registration Authority in Australia can be fulfilled by completing all accredited subjects in this course and passing an external capstone exam approved and facilitated externally by the Office of Migration Agents Registration Authority (<a href=""https://www.mara.gov.au/"">OMARA</a>).</p>","<p>This course is only available by distance mode in the Summer, Autumn and Spring sessions. International students are not eligible for a student visa to study this course in Australia.</p>",Law
C04363,2025.01,<p>UTS has established expertise in and a reputation for providing courses relevant to the needs of the patent and trade mark professions. The UTS Juris Doctor Master of Intellectual Property is the first at an Australian university that fulfils the entire educational requirements for registration as a registered trade marks attorney and patent attorney in Australia under the relevant regulations.</p>,"<p>The Juris Doctor component of the course satisfies the requirements for admission as a lawyer to the Supreme Court of NSW, provided students undertake a PLT program, such as the Graduate Certificate in Professional Legal Practice (<a href=""/courses/c11232.html"">C11232</a>).</p> <p>The intellectual property component of the course meets the educational requirements for registration as a patent attorney and trade marks attorney in Australia and New Zealand with the Australian Government&#39;s Trans-Tasman IP Attorneys Board for Patent and Trade Marks Attorneys can be fulfilled by completing all eight accredited subjects in this course.</p> <p>Prospective students should check with the Trans-Tasman IP Attorneys Board for specific subjects required to be completed for registration.</p>",<p>This course is not offered to international students.</p>,Law
C04364,2025.01,"<p>UTS has established expertise and a reputation for providing courses relevant to the needs of the patent and trade marks professions. This course reflects the range of topics required for registration as a trade marks attorney in Australia under the relevant regulations. The Juris Doctor (JD) is a graduate law degree that builds on the established reputation of UTS: Law to provide high-calibre, graduate-level education in the theory and practice of the law. It is specifically designed for graduates of disciplines other than law.</p>","<p>The Juris Doctor component of the course satisfies the requirements for admission as a lawyer to the Supreme Court of NSW, provided students undertake a PLT program, such as the Graduate Certificate in Professional Legal Practice (<a href=""/courses/c11232.html"">C11232</a>).</p> <p>Subject to final board approval, where applicants have a requisite tertiary qualification as stipulated by the Trans-Tasman IP Attorneys Board for Patent and Trade Marks Attorneys, this course provides the accredited subjects which satisfy the educational requirements necessary for registration as a Trade Marks Attorney in Australia and New Zealand. Prospective students should check with the Trans-Tasman IP Attorneys Board for specific subjects required to be completed for registration.</p>",<p>This course is not offered to international students.</p>,Law
C09085,2025.01,"<p>The Bachelor of Science Bachelor of Laws (Honours) is offered jointly by UTS Law and UTS Science. The law is of special importance in many areas of science, including research, industrial and commercial enterprise.</p> <p>Honours relates to the law component only and students must successfully complete both of the research subjects: <a href=""/subjects/76090.html"">76090</a> Research Methodology and <a href=""/subjects/76040.html"">76040</a> Research Thesis. Strong research skills are valued highly in contemporary professional practice.</p>","<p>This course satisfies the requirements for admission to the Supreme Court of NSW as a lawyer, provided students complete a practical legal training program, such as the Graduate Certificate in Professional Legal Practice (<a href=""/courses/c11232.html"">C11232</a>).</p> <p>Depending on the science specialisation and subjects chosen, graduates may be eligible for admission to the relevant scientific professional organisation.</p>","<p>This is an exit-only course. There is no direct admission to it. Current UTS students may be able to submit an Internal Course Transfer (Graduating) application to exit with this course. See the <a href=""https://www.uts.edu.au/current-students/managing-your-course/your-enrolment/enrolment-changes/course-transfer"">Course transfer</a> page for further details.</p>",Law
C11264,2025.01,<p>This course gives non-law graduates an understanding of the legal and regulatory frameworks of their professional fields. </p>,,"<p>The Graduate Certificate in Legal Studies is not a professional legal qualification. Students seeking admission to practice as a lawyer should consider the Juris Doctor (<a href=""/courses/c04236.html"">C04236</a>) or the Bachelor of Laws (<a href=""/courses/c10124.html"">C10124</a>). Some subjects in the Graduate Certificate in Legal Studies may be credited towards these degrees.</p>",Law
C04143,2025.01,"<p>This course gives students the opportunity to build specialist legal skills in their area of professional practice, as well as theoretical and practical research capabilities as they relate to the study of the law.</p>",,,Law
C09151,2025.01,"<p>The Bachelor of Laws (Honours) Bachelor of International Studies (Honours) is an exit-point for students who have completed the International Honours pathway within the Bachelor of Laws (Honours) Bachelor of International Studies (<a href=""https://cis-admin.uts.edu.au/courses/c10458.html"">C10458</a>).</p> <p>It is offered jointly by UTS Law and UTS International Studies. The course is designed for students who wish to provide specialised legal services to international organisations and to satisfy the demand for lawyers who can act for foreign investors.</p> <p>For the Law Honours component students must successfully complete both of the research subjects: <a href=""/subjects/76090.html"">76090</a> Research Methodology and <a href=""/subjects/76040.html"">76040</a> Research Thesis. Strong research skills are valued highly in contemporary professional practice.</p> <p>In the fourth year of the combined degree, International Honours students spend an academic year studying in the local language at a university in the country of their major and also complete an honours level research project under the supervision of a relevant UTS academic.</p> <p>Entry to the International Honours pathway is dependent on students maintaining a credit average (or higher) in both their International Studies and professional degree in their first three years of study, and on the availability of placements in particular majors.</p>","<p>This course satisfies the requirements for admission to the Supreme Court of NSW as a lawyer, provided students complete a practical legal training program, such as the Graduate Certificate in Professional Legal Practice (<a href=""/courses/c11232.html"">C11232</a>). </p>","<p>This is an exit-only course. There is no direct admission to it. Current UTS students may be able to submit an Internal Course Transfer (Graduating) application to exit with this course. See the <a href=""https://www.uts.edu.au/current-students/managing-your-course/your-enrolment/enrolment-changes/course-transfer"">Course transfer</a> page for further details.</p>",Law
C09152,2025.01,"<p>The The Bachelor of Laws Bachelor of International Studies (Honours) is an exit-point for students who have completed the International Honours pathway within the The Bachelor of Laws Bachelor of International Studies (Honours) (<a href=""https://cis-admin.uts.edu.au/courses/c10129.html"">C10129</a>).</p> <p>The course is offered jointly by UTS Law and UTS International Studies and is designed for students who wish to provide specialised legal services to international organisations and to satisfy the demand for lawyers who can act for foreign investors.</p> <p>In the fourth year of the combined degree, International Honours students spend an academic year studying in the local language at a university in the country of their major and also complete an honours level research project under the supervision of a relevant UTS academic.</p> <p>Entry to the International Honours pathway is dependent on students maintaining a credit average (or higher) in both their International Studies and professional degree in their first three years of study, and on the availability of placements in particular majors.</p>","<p>This course satisfies the requirements for admission to the Supreme Court of NSW as a lawyer, provided students complete a practical legal training program, such as the Graduate Certificate in Professional Legal Practice (<a href=""/courses/c11232.html"">C11232</a>). </p>","<p>This is an exit-only course. There is no direct admission to it. Current UTS students may be able to submit an Internal Course Transfer (Graduating) application to exit with this course. See the <a href=""https://www.uts.edu.au/current-students/managing-your-course/your-enrolment/enrolment-changes/course-transfer"">Course transfer</a> page for further details.</p>",Law
C09097,2025.01,"<p>The Bachelor of Laws (Honours) Bachelor of International Studies is offered jointly by UTS Law and UTS International Studies. The course is designed for students who wish to provide specialised legal services to international organisations and to satisfy the demand for lawyers who can act for foreign investors.</p> <p>Honours relates to the law component only and students must successfully complete both of the research subjects: <a href=""/subjects/76090.html"">76090</a> Research Methodology and <a href=""/subjects/76040.html"">76040</a> Research Thesis. Strong research skills are valued highly in contemporary professional practice.</p>","<p>This course satisfies the requirements for admission to the Supreme Court of NSW as a lawyer, provided students complete a practical legal training program, such as the Graduate Certificate in Professional Legal Practice (<a href=""/courses/c11232.html"">C11232</a>).</p>","<p><strong>This course information relates to students commencing a combined degree with the Bachelor of International Studies in 2022.</strong> Students who commenced a combined degree with the Bachelor of Arts in International Studies prior to 2022 should refer to the Handbook for the year they commenced their degree.</p> <p>This is an exit-only course. There is no direct admission to it. Current UTS students may be able to submit an Internal Course Transfer (Graduating) application to exit with this course. See the <a href=""https://www.uts.edu.au/current-students/managing-your-course/your-enrolment/enrolment-changes/course-transfer"">Course transfer</a> page for further details.</p>",Law
C04250,2025.01,<p>The Juris Doctor Master of Business Administration gives students exposure to theoretical learning and professional practice in the disciplines of law and business. It is an Australian Qualifications Framework Level 9 master&#39;s qualification that provides an alternative pathway to a legal career for graduates of disciplines other than law.</p>,"<p>This course satisfies the requirements for admission as a lawyer to the Supreme Court of NSW, provided students undertake a PLT program, such as the Graduate Certificate in Professional Legal Practice (<a href=""/courses/c11232.html"">C11232</a>).</p>",,Law
C09084,2025.01,"<p>This combined program is offered jointly by UTS Law and UTS Business. One of the most popular combined law degrees, this course combines foundational understanding of law and important aspects of business with a wide choice of business majors and sub-majors, as well as real-world experience to make students work-ready on graduation.</p> <p>Honours relates to the law component only and students must successfully complete both of the research subjects: <a href=""/subjects/76090.html"">76090</a> Research Methodology and <a href=""/subjects/76040.html"">76040</a> Research Thesis. Strong research skills are valued highly in contemporary professional practice.</p>","<p>This course satisfies the requirements for admission to the Supreme Court of NSW as a lawyer, provided students complete a practical legal training program, such as the Graduate Certificate in Professional Legal Practice (<a href=""/courses/c11232.html"">C11232</a>).</p> <p>Refer to the Bachelor of Business (<a href=""/courses/c10026.html"">C10026</a>) for details on professional recognition of that award.</p>","<p>This is an exit-only course. There is no direct admission to it. Current UTS students may be able to submit an Internal Course Transfer (Graduating) application to exit with this course. See the <a href=""https://www.uts.edu.au/current-students/managing-your-course/your-enrolment/enrolment-changes/course-transfer"">Course transfer</a> page for further details.</p>",Law
C09120,2025.01,"<p>This combined program is offered jointly by UTS Law and UTS Business. One of the most popular combined law degrees, this course brings together foundational understanding of law and how institutional rules and incentives shape economic outcomes as well as real-world experience to make students work-ready upon graduation.</p> <p>Honours relates to the law component only and students must successfully complete both of the research subjects: <a href=""/subjects/76090.html"">76090</a> Research Methodology and <a href=""/subjects/76040.html"">76040</a> Research Thesis. Strong research skills are valued highly in contemporary professional practice.</p>","<p>This course satisfies the requirements for admission to the Supreme Court of NSW as a lawyer, provided students complete a practical legal training program, such as the Graduate Certificate in Professional Legal Practice (<a href=""/courses/c11232.html"">C11232</a>).</p>","<p>This is an exit-only course. There is no direct admission to it. Current UTS students may be able to submit an Internal Course Transfer (Graduating) application to exit with this course. See the <a href=""https://www.uts.edu.au/current-students/managing-your-course/your-enrolment/enrolment-changes/course-transfer"">Course transfer</a> page for further details.</p>",Law
C10125,2025.01,"<p>The combined Bachelor of Business Bachelor of Laws equips students with skills in the highly marketable disciplines of business and law. Students build fundamental knowledge of the law and its application in a range of business environments, as well as an understanding of the legal frameworks that support key business disciplines.</p>","<p>This course satisfies the requirements for admission to the Supreme Court of NSW as a lawyer, provided students complete a practical legal training program, such as the Graduate Certificate in Professional Legal Practice (<a href=""/courses/c11232.html"">C11232</a>).</p> <p>Refer to the Bachelor of Business (<a href=""/courses/c10026.html"">C10026</a>) for details on professional recognition of that award.</p>",,Law
C10129,2025.01,"<p>The Bachelor of Laws Bachelor of International Studies takes a global approach to the study of law and culture, offering students the opportunity to spend up to an academic year overseas, depending on their chosen pathway. Years 1&ndash;3 of the course are conducted at UTS, and encompass legal studies core subjects and electives/majors, including the new Legal Futures and Technology major.</p>","<p>This course satisfies the requirements for admission to the Supreme Court of NSW as a lawyer, provided students complete a practical legal training program, such as the Graduate Certificate in Professional Legal Practice (<a href=""/courses/c11232.html"">C11232</a>).</p>",<p><strong>This course information relates to students commencing a combined degree with the Bachelor of International Studies in 2022.</strong> Students who commenced a combined degree with the Bachelor of Arts in International Studies prior to 2022 should refer to the Handbook for the year they commenced their degree.</p>,Law
C10380,2025.01,<p>Journalism operates within a complex set of ethical and legal boundaries. Understanding the law and how it impacts professional journalistic practice is essential to both journalism and media-specific legal careers.</p>,"<ul> <li>This course satisfies the requirements for admission to the Supreme Court of NSW as a lawyer, provided students complete a practical legal training program, such as the Graduate Certificate in Professional Legal Practice (<a href=""/courses/c11232.html"">C11232</a>).</li> <li>Graduates are eligible to apply for professional level membership of the Media, Entertainment and Arts Alliance (MEAA).</li> <li>Students are eligible for student membership of the MEAA and access to the MEAA, Women in Media and Walkley Foundation network which provides skill development programs.</li> <li>The Bachelor of Communications (Journalism) is recognised by the MEAA and the Australian Press Council.</li> </ul>",,Law
C10383,2025.01,"<p>This degree combines expertise in social and political sciences with fundamental knowledge of the law. Students study sociology, social policy, politics, public history and international studies in the context of legal and social science practice. They simultaneously engage with an exploration of the law that meets the academic requirements for admission to practise in NSW.</p>","<p>This course satisfies the requirements for admission to the Supreme Court of NSW as a lawyer, provided students complete a practical legal training program, such as the Graduate Certificate in Professional Legal Practice (<a href=""/courses/c11232.html"">C11232</a>).</p>",,Law
C09098,2025.01,"<p>This course is for enterprising individuals who wish to develop the ability to turn ideas into action. It gives students the skills, perspectives and strategies to bring ideas to reality. Within this course, creativity is viewed as the driver of innovation, realised through the processes of design. Students are able to generate and test ideas within diverse disciplinary contexts and gauge the value of those ideas through hands-on experimental practice, rigorous processes of interpretation and analysis.</p> <p>Taking a transdisciplinary approach, the Bachelor of Creative Intelligence and Innovation utilises multiple perspectives from diverse fields, integrating a range of industry experiences, real-world projects and self-initiated proposals, equipping graduates to address the wicked problems, complex challenges and untapped opportunities in today&#39;s world.</p> <p>Honours relates to the law component only and students must successfully complete both of the research subjects: <a href=""/subjects/76090.html"">76090</a> Research Methodology and <a href=""/subjects/76040.html"">76040</a> Research Thesis. Strong research skills are valued highly in contemporary professional practice.</p>","<p>This course satisfies the requirements for admission to the Supreme Court of NSW as a lawyer, provided students complete a practical legal training program, such as the Graduate Certificate in Professional Legal Practice (<a href=""/courses/c11232.html"">C11232</a>).</p>","<p>This is an exit-only course. There is no direct admission to it. Current UTS students may be able to submit an Internal Course Transfer (Graduating) application to exit with this course. See the <a href=""https://www.uts.edu.au/current-students/managing-your-course/your-enrolment/enrolment-changes/course-transfer"">Course transfer</a> page for further details.</p>",Law
C10338,2025.01,<p>The Bachelor of Laws Bachelor of Creative Intelligence and Innovation is an innovative UTS degree with a focus on creating new value through transdisciplinary problem solving.</p>,"<p>This course satisfies the requirements for admission to the Supreme Court of NSW as a lawyer, provided students complete a practical legal training (PLT) program, such as the Graduate Certificate in Professional Legal Practice (<a href=""/courses/c11232.html"">C11232</a>).</p>",,Law
C09083,2025.01,"<p>This course provides students with a coherent and advanced knowledge of the underlying principles and concepts in the discipline of law and equips them with advanced research skills. UTS Law graduates are increasingly in demand in the legal profession and in other employment sectors where legal knowledge and skills are valued. Today&#39;s law graduates are employed in a wide range of roles and responsibilities, including to advise and counsel parties, act as negotiators, manage project teams and resolve disputes. Students must successfully complete both of the research subjects: <a href=""/subjects/76090.html"">76090</a> Research Methodology and <a href=""/subjects/76040.html"">76040</a> Research Thesis. Strong research skills are valued highly in contemporary professional practice.</p>","<p>This course satisfies the requirements for admission to the Supreme Court of NSW as a lawyer provided students undertake the optional practical legal training program as part of the course or at the completion of the course. Check with the <a href=""http://www.lpab.justice.nsw.gov.au"">Legal Profession Admission Board</a> (LPAB) for time constraints.</p>","<p>This is an exit-only course. There is no direct admission to it. Current UTS students may be able to submit an Internal Course Transfer (Graduating) application to exit with this course. See the <a href=""https://www.uts.edu.au/current-students/managing-your-course/your-enrolment/enrolment-changes/course-transfer"">Course transfer</a> page for further details.</p>",Law
C10245,2025.01,<p>A combined qualification in IT and law can prepare students to leverage technology for professional gain. This combined degree emphasises practice-based IT skills that can be integrated into a legal career or comprehensive legal skills that can prepare students for the competitive world of IT.</p>,"<p>This course satisfies the requirements for admission to the Supreme Court of NSW as a lawyer, provided students complete a practical legal training (PLT) program, such as the Graduate Certificate in Professional Legal Practice (<a href=""/courses/c11232.html"">C11232</a>).</p> <p>Graduates are eligible to apply for professional-level membership of the Australian Computer Society.</p>",,Law
C10126,2025.01,<p>This degree addresses the increasing need for scientific expertise among lawyers.</p>,"<p>This course satisfies the requirements for admission to the Supreme Court of NSW as a lawyer, provided students complete a practical legal training program, such as the Graduate Certificate in Professional Legal Practice (<a href=""/courses/c11232.html"">C11232</a>).</p> <p>Depending on the science specialisation and subjects chosen, graduates may be eligible for admission to the relevant scientific professional organisation.</p>",,Law
C09088,2025.01,"<p>The primary goal of this combined degree is to prepare lawyers with an expert knowledge of IT qualifying them to work as IT professionals in a legal environment.</p> <p>The law component of this course provides a thorough grounding in Australian legal practice. The information technology component offers a sound education in all aspects of computing and information technology and allows students to gain a specialisation with an IT major.</p> <p>Honours relates to the law component only and students must successfully complete both of the research subjects: <a href=""/subjects/76090.html"">76090</a> Research Methodology and <a href=""/subjects/76040.html"">76040</a> Research Thesis. Strong research skills are valued highly in contemporary professional practice.</p>","<p>This course satisfies the requirements for admission to the Supreme Court of NSW as a lawyer, provided students complete a practical legal training program, such as the Graduate Certificate in Professional Legal Practice (<a href=""/courses/c11232.html"">C11232</a>).</p> <p>The IT component qualifies for professional-level membership of the Australian Computer Society.</p>","<p>This is an exit-only course. There is no direct admission to it. Current UTS students may be able to submit an Internal Course Transfer (Graduating) application to exit with this course. See the <a href=""https://www.uts.edu.au/current-students/managing-your-course/your-enrolment/enrolment-changes/course-transfer"">Course transfer</a> page for further details.</p>",Law
C11354,2025.01,"<p>The Graduate Certificate in Employment Law and Practice is a specialist course for law and non-law professionals that seeks to develop subject expertise and practical skills in the field of labour law. The course is intended to educate professionals in the general area of employment law as well as specialist themes, including workplace culture and work health and safety.</p>",,"<p>Students from a non-common law background are also required to enrol in the subject <a href=""https://handbook.uts.edu.au/subjects/79708.html"">79708</a> Contemporary Business Law.</p> <p>Autumn intake is available for international students, Spring intake is not available for international students.</p>",Law
C09089,2025.01,"<p>This course is offered jointly by UTS Law and UTS Communication. The course assists students to develop practical experience of and theoretical engagement in contemporary writing and publishing and the intersection of law and creative production. Students are prepared for a broad range of careers, including professional and legal practice, through an emphasis on critical skills to develop independent writing, editing and publishing skills and foundational law studies.</p> <p>The program provides full-time study for students wishing to obtain a professional legal qualification that satisfies the academic requirements for admission as a lawyer together with the study of writing and publishing as a professional practice. Honours relates to the law component only and students must successfully complete both of the research subjects: <a href=""/subjects/76090.html"">76090</a> Research Methodology and <a href=""/subjects/76040.html"">76040</a> Research Thesis. Strong research skills are valued highly in contemporary professional practice.</p>","<p>This course satisfies the requirements for admission to the Supreme Court of NSW as a lawyer, provided students complete a practical legal training program, such as the Graduate Certificate in Professional Legal Practice (<a href=""/courses/c11232.html"">C11232</a>).</p>","<p>This is an exit-only course. There is no direct admission to it. Current UTS students may be able to submit an Internal Course Transfer (Graduating) application to exit with this course. See the <a href=""https://www.uts.edu.au/current-students/managing-your-course/your-enrolment/enrolment-changes/course-transfer"">Course transfer</a> page for further details.</p>",Law
C09096,2025.01,"<p>This course is offered jointly by UTS Law and UTS Communication. It provides students with a range of professional and analytical skills grounded in sociology, social policy, politics, public history and international studies, for either legal or social science practice. It is designed for students who want to use their professional legal qualification together with social research, policy development and political advocacy.</p> <p>Honours relates to the law component only and students must successfully complete both of the research subjects: <a href=""/subjects/76090.html"">76090</a> Research Methodology and <a href=""/subjects/76040.html"">76040</a> Research Thesis. Strong research skills are valued highly in contemporary professional practice.</p>","<p>This course satisfies the requirements for admission to the Supreme Court of NSW as a lawyer, provided students complete a practical legal training program, such as the Graduate Certificate in Professional Legal Practice (<a href=""/courses/c11232.html"">C11232</a>).</p>","<p>This is an exit-only course. There is no direct admission to it. Current UTS students may be able to submit an Internal Course Transfer (Graduating) application to exit with this course. See the <a href=""https://www.uts.edu.au/current-students/managing-your-course/your-enrolment/enrolment-changes/course-transfer"">Course transfer</a> page for further details.</p>",Law
C09087,2025.01,"<p>The Bachelor of Engineering Science Bachelor of Laws (Honours) is offered jointly by UTS Law and UTS Engineering, and is awarded with two testamurs. The course is developed in response to growing demand for legal services in areas where an in-depth appreciation of complex technical matters is essential. It provides an overview of the legal system as a whole as well as detailed knowledge of an engineering specialisation.</p> <p>Honours relates to the law component only and students must successfully complete both of the research subjects: <a href=""/subjects/76090.html"">76090</a> Research Methodology and <a href=""/subjects/76040.html"">76040</a> Research Thesis. Strong research skills are valued highly in contemporary professional practice.</p>","<p>This course satisfies the requirements for admission to the Supreme Court of NSW as a lawyer, provided students complete a practical legal training (PLT) program, such as the Graduate Certificate in Professional Legal Practice (<a href=""/courses/c11232.html"">C11232</a>).</p> <p>Students wishing to obtain full recognition as graduate engineers have the option of articulating to the Bachelor of Engineering (Honours) (<a href=""/courses/c09066.html"">C09066</a>) or Bachelor of Engineering (Honours) Diploma in Engineering Practice (<a href=""/courses/c09067.html"">C09067</a>) depending on entry requirements.</p>","<p>This is an exit-only course. There is no direct admission to it. Current UTS students may be able to submit an Internal Course Transfer (Graduating) application to exit with this course. See the <a href=""https://www.uts.edu.au/current-students/managing-your-course/your-enrolment/enrolment-changes/course-transfer"">Course transfer</a> page for further details.</p>",Law
C10456,2025.01,"<p>This course is offered jointly by UTS Law and UTS Communication. It provides students with interdisciplinary knowledge of business and management skills for the creative industries, together with studies in law. It allows students to graduate with the separate degrees of Bachelor of Communication (Media Business) and Bachelor of Laws (Honours).</p> <p>Honours relates to the law component only and students must successfully complete both of the research subjects: <a href=""/subjects/76090.html"">76090</a> Research Methodology and <a href=""/subjects/76040.html"">76040</a> Research Thesis. Strong research skills are valued highly in contemporary professional practice.</p>","<p>This course satisfies the requirements for admission to the Supreme Court of NSW as a lawyer, provided students complete a practical legal training program, such as the Graduate Certificate in Professional Legal Practice (<a href=""/courses/c11232.html"">C11232</a>).</p>",<p>This is an exit-only course. There is no direct admission to it. Current UTS students may be able to submit an Internal Course Transfer (Graduating) application to exit with this course. Check with the UTS Student Centre. </p>,Law
C10131,2025.01,"<p>Medical and health practice, medical and biological research, and industrial and commercial enterprise are all areas of medical science where legal expertise is of crucial importance.</p> <p>Medical Scientists with Law training have careers that are dynamic and involve an exciting range of professions from research and development, policy and practice in the medical and Health and Sciences, government, industrial and commercial applications of medical science and law. Medical Scientists at UTS can chose to major in Medical and Health-related Sciences or Pathology, allowing them to have a speciality relevant to their career choices and interests. In the Medical and Health-related Science major students learn the body through the study of tissues, organs and cellular facets both in health and disease, medical devices, how medicines work, as well as public health policies and clinical trials. In the Pathology major students learn how diseases trigger biochemical or cellular changes in the body and how to best diagnose and treat these diseases. Students also learn how to identify infectious agents and the latest approaches to prevent, treat infections and limit their impact on society. Students learn by applying and investigating scientific approaches in world class laboratories with up-to-date scientific technologies and equipment in line with those used in the industry. This hands-on learning is accompanied by development of professional skills such as communication, problem solving, critical thinking, and innovation.</p>","<p>This course satisfies the requirements for admission to the Supreme Court of NSW as a lawyer, provided students complete a practical legal training program, such as the Graduate Certificate in Professional Legal Practice (<a href=""/courses/c11232.html"">C11232</a>).</p>",,Law
C10136,2025.01,"<p>This course combines the technical demands of engineering with the theoretical and analytical foundations involved in studying law, preparing students to develop fundamental legal expertise that is underpinned by technical knowledge.</p>","<p>This course satisfies the requirements for admission to the Supreme Court of NSW as a lawyer, provided students complete a practical legal training (PLT) program, such as the Graduate Certificate in Professional Legal Practice (<a href=""/courses/c11232.html"">C11232</a>).</p> <p>Students wishing to obtain full recognition as graduate engineers have the option of articulating to the Bachelor of Engineering (Honours) (<a href=""/courses/c09066.html"">C09066</a>) or Bachelor of Engineering (Honours) Diploma in Professional Engineering Practice (<a href=""/courses/c09067.html"">C09067</a>) depending on entry requirements.</p>",,Law
C10124,2025.01,"<p>The Bachelor of Laws is one of Sydney&#39;s leading law degrees. It has been developed to help students build foundational knowledge in the practice of law, as well as the &#39;soft&#39; skills (problem solving, analytical thinking, spoken and written communication) required to succeed in a legal career.</p>","<p>This course satisfies the requirements for admission to the Supreme Court of NSW as a lawyer provided students undertake the optional practical legal training program as part of the course or at the completion of the course. Check with the <a href=""http://www.lpab.justice.nsw.gov.au"">NSW Legal Profession Admission Board</a> (LPAB) for time constraints.</p>",,Law
C09091,2025.01,"<p>This course aims to develop digital communications practitioners or lawyers who can produce high-quality outcomes in complex collaborative digital environments, especially social media contexts. It examines a communications environment where diverse media converge, and mobile and social platforms are ubiquitous, and success for individuals and organisations depends largely on their capacity to creatively adapt to the challenges of continuous transformation.</p> <p>The course provides full-time study for students wishing to obtain a professional legal qualification that satisfies the academic requirements for admission as a lawyer together with the study of creative writing as a professional practice. Honours relates to the law component only and students must successfully complete both of the research subjects: <a href=""/subjects/76090.html"">76090</a> Research Methodology and <a href=""/subjects/76040.html"">76040</a> Research Thesis. Strong research skills are valued highly in contemporary professional practice.</p>","<p>This course satisfies the requirements for admission to the Supreme Court of NSW as a lawyer, provided students complete a practical legal training program, such as the Graduate Certificate in Professional Legal Practice (<a href=""/courses/c11232.html"">C11232</a>).</p>","<p>This is an exit-only course. There is no direct admission to it. Current UTS students may be able to submit an Internal Course Transfer (Graduating) application to exit with this course. See the <a href=""https://www.uts.edu.au/current-students/managing-your-course/your-enrolment/enrolment-changes/course-transfer"">Course transfer</a> page for further details.</p>",Law
C09093,2025.01,"<p>This course is offered jointly by UTS Law and UTS Communication. It aims to produce journalists with the knowledge and analytical skills of lawyers, and lawyers with the communication skills of professional journalists. It develops a broad range of professional skills and knowledge for either legal or media practice.</p> <p>Honours relates to the law component only and students must successfully complete both of the research subjects: <a href=""/subjects/76090.html"">76090</a> Research Methodology and <a href=""/subjects/76040.html"">76040</a> Research Thesis. Strong research skills are valued highly in contemporary professional practice.</p>","<ul> <li>This course satisfies the requirements for admission to the Supreme Court of NSW as a lawyer, provided students complete a practical legal training program, such as the Graduate Certificate in Professional Legal Practice (<a href=""/courses/c11232.html"">C11232</a>).</li> <li>Graduates are eligible to apply for professional level membership of the Media, Entertainment and Arts Alliance (MEAA).</li> <li>Students are eligible for student membership of the MEAA and access to the MEAA, Women in Media and Walkley Foundation network which provides skill development programs.</li> <li>The Bachelor of Communications (Journalism) is recognised by the MEAA and the Australian Press Council.</li> </ul>","<p>This is an exit-only course. There is no direct admission to it. Current UTS students may be able to submit an Internal Course Transfer (Graduating) application to exit with this course. See the <a href=""https://www.uts.edu.au/current-students/managing-your-course/your-enrolment/enrolment-changes/course-transfer"">Course transfer</a> page for further details.</p>",Law
C09094,2025.01,"<p>This course is offered jointly by UTS Law and UTS Communication. It aims to develop a broad range of professional skills and knowledge for either legal or media practice and provides advanced hands-on conceptual and technical skills in film, video, sound and new media. It allows students to graduate with the separate degrees of Bachelor of Arts in Communication (Media Arts and Production) and Bachelor of Laws.</p> <p>Honours relates to the law component only and students must successfully complete both of the research subjects: <a href=""/subjects/76090.html"">76090</a> Research Methodology and <a href=""/subjects/76040.html"">76040</a> Research Thesis. Strong research skills are valued highly in contemporary professional practice.</p>","<p>This course satisfies the requirements for admission to the Supreme Court of NSW as a lawyer, provided students complete a practical legal training program, such as the Graduate Certificate in Professional Legal Practice (<a href=""/courses/c11232.html"">C11232</a>).</p>","<p>This is an exit-only course. There is no direct admission to it. Current UTS students may be able to submit an Internal Course Transfer (Graduating) application to exit with this course. See the <a href=""https://www.uts.edu.au/current-students/managing-your-course/your-enrolment/enrolment-changes/course-transfer"">Course transfer</a> page for further details.</p>",Law
C09086,2025.01,"<p>Laws are of special importance in many areas of medical science, including medical and health practice, medical and biological research, and industrial and commercial enterprise. The Bachelor of Medical Science Bachelor of Laws (Honours) is offered jointly by UTS Law and UTS Science. Honours relates to the law component only and students must successfully complete both of the research subjects: <a href=""/subjects/76090.html"">76090</a> Research Methodology and <a href=""/subjects/76040.html"">76040</a> Research Thesis. Strong research skills are valued highly in contemporary professional practice.</p> <p>Medical Scientists with Law training have careers that are dynamic and involve an exciting range of professions from research and development, policy and practice in the medical and Health and Sciences, government, industrial and commercial applications of medical science and law. Medical Scientists at UTS can chose to major in Medical and Health-related Sciences or Pathology, allowing them to have a speciality relevant to their career choices and interests. In the Medical and Health-related Science major students learn the body through the study of tissues, organs and cellular facets both in health and disease, medical devices, how medicines work, as well as public health policies and clinical trials. In the Pathology major students learn how diseases trigger biochemical or cellular changes in the body and how to best diagnose and treat these diseases. Students also learn how to identify infectious agents and the latest approaches to prevent, treat infections and limit their impact on society. Students learn by applying and investigating scientific approaches in world class laboratories with up-to-date scientific technologies and equipment in line with those used in the industry. This hands-on learning is accompanied by development of professional skills such as communication, problem solving, critical thinking, and innovation.</p>","<p>This course satisfies the requirements for admission to the Supreme Court of NSW as a lawyer, provided students complete a practical legal training program, such as the Graduate Certificate in Professional Legal Practice (<a href=""/courses/c11232.html"">C11232</a>).</p>","<p>This is an exit-only course. There is no direct admission to it. Current UTS students may be able to submit an Internal Course Transfer (Graduating) application to exit with this course. See the <a href=""https://www.uts.edu.au/current-students/managing-your-course/your-enrolment/enrolment-changes/course-transfer"">Course transfer</a> page for further details.</p>",Law
C04432,2025.01,"<p>This course, open to law and non-law graduates, gives students the opportunity to build specialist legal skills in the area of commercial and business law in a global context, as well as theoretical and practical research capabilities as they relate to the study of the law.</p>",,,Law
C04433,2025.01,"<p>The Master of International Commercial and Business Law Master of Business Administration gives students exposure to theoretical learning and professional practice in the disciplines of law and business. It is an Australian Qualifications Framework Level 9 master&#39;s qualification that provides an alternative pathway to a legal career for graduates of disciplines other than law.</p> <p>This course, open to law and non-law graduates, gives students the opportunity to build specialist legal skills in the area of commercial and business law in a global context, as well as theoretical and practical research capabilities as they relate to the study of the law.</p>",,,Law
C10386,2025.01,"<p>This course equips students with an understanding of the interconnected relationship between financial systems and the law. Course content emphasises skills and knowledge in legal theory and practice, as well as the analytical and quantitative capabilities required to respond effectively to economic challenges.</p>","<p>This course satisfies the requirements for admission to the Supreme Court of NSW as a lawyer, provided students complete a practical legal training program, such as the Graduate Certificate in Professional Legal Practice (<a href=""/courses/c11232.html"">C11232</a>).</p>",,Law
C09095,2025.01,"<p>This course is offered jointly by UTS Law and UTS Communication. It provides students with interdisciplinary knowledge of strategic communication processes and industries &ndash; such as advertising and public relations &ndash; and their social, economic and political contexts, together with studies in law. It allows students to graduate with the separate degrees of Bachelor of Communication (Strategic Communication) and Bachelor of Laws (Honours).</p> <p>Honours relates to the law component only and students must successfully complete both of the research subjects: <a href=""/subjects/76090.html"">76090</a> Research Methodology and <a href=""/subjects/76040.html"">76040</a> Research Thesis. Strong research skills are valued highly in contemporary professional practice.</p>","<p>This course satisfies the requirements for admission to the Supreme Court of NSW as a lawyer, provided students complete a practical legal training program, such as the Graduate Certificate in Professional Legal Practice (<a href=""/courses/c11232.html"">C11232</a>).</p> <p>This course has professional recognition from the Public Relations Institute of Australia.</p>","<p>This is an exit-only course. There is no direct admission to it. Current UTS students may be able to submit an Internal Course Transfer (Graduating) application to exit with this course. See the <a href=""https://www.uts.edu.au/current-students/managing-your-course/your-enrolment/enrolment-changes/course-transfer"">Course transfer</a> page for further details.</p>",Law
C10379,2025.01,<p>This course responds to the changing digital communication landscape. </p>,"<p>This course satisfies the requirements for admission to the Supreme Court of NSW as a lawyer, provided students complete a practical legal training program, such as the Graduate Certificate in Professional Legal Practice (<a href=""/courses/c11232.html"">C11232</a>).</p>",,Law
C10378,2025.01,"<p>This combined degree equips students with a legal foundation for their creative practice or a creative foundation for a legal career. Students are immersed in the theory and practice of contemporary writing, editing and publishing, exploring and creating key storytelling forms, and building vocational experiences in print and digital publishing and editing.</p>","<p>This course satisfies the requirements for admission to the Supreme Court of NSW as a lawyer, provided students complete a practical legal training program, such as the Graduate Certificate in Professional Legal Practice (<a href=""/courses/c11232.html"">C11232</a>).</p>",,Law
C10381,2025.01,"<p>In this degree, students engage with the fundamentals of the legal system and the legal frameworks that underpin a range of creative ventures, as well as the conceptual, theoretical and production skills required for a successful media career.</p> <p>Communication course content spans film, video, sound and new media; students develop a creative portfolio in their chosen discipline that details project work produced throughout the course.</p> <p>Law content encompasses fundamental legal theory and practice and meets the academic requirements for admission to practise law in NSW. Elective choices include cross-discipline studies in history, communication, media and country studies; specialist legal subjects, such as media, entertainment and intellectual property law; and the Legal Futures and Technology major.</p>","<p>This course satisfies the requirements for admission to the Supreme Court of NSW as a lawyer, provided students complete a practical legal training program, such as the Graduate Certificate in Professional Legal Practice (<a href=""/courses/c11232.html"">C11232</a>).</p>",,Law
C10382,2025.01,"<p>Strategic communicators are responsible for a range of public-facing communication initiatives, such as digital, traditional and social media and marketing campaign design and production, advertising, media liaison or the development and implementation of large-scale communication strategies. As such, a fundamental understanding of the law as it relates to public engagement is a valuable tool for professionals in this field.</p>","<p>This course has professional recognition from the Public Relations Institute of Australia.</p> <p>This course satisfies the requirements for admission to the Supreme Court of NSW as a lawyer, provided students complete a practical legal training program, such as the Graduate Certificate in Professional Legal Practice (<a href=""/courses/c11232.html"">C11232</a>).</p>",,Law
C10455,2025.01,"<p>Graduates of the new Media Business course have developed management skills to lead contemporary media businesses. Students learn the core business skills to drive business success in creative industries of media production such as film and TV, advertising, music and online content. A fundamental understanding of the law as it relates to media businesses is a valuable tool for professionals in this field. </p>","<p>This course satisfies the requirements for admission to the Supreme Court of NSW as a lawyer, provided students complete a practical legal training program, such as the Graduate Certificate in Professional Legal Practice (<a href=""/courses/c11232.html"">C11232</a>).</p>",,Law
C11344,2025.01,"<p>This is a specialist postgraduate qualification in restructuring and turnaround. The course provides a way for insolvency practitioners, turnaround professionals and practitioners advising on restructuring and turnaround to increase their knowledge and skills by undertaking elective subjects across areas of corporate and commercial practice. </p>",,<p>This course is not offered to international students.</p>,Law
C10300,2025.01,<p>The Bachelor of Sport and Exercise Science meets the demand for professionals able to provide physical activity services to all sectors of the community.</p>,"<p>Accreditation with Exercise and Sports Science Australia (ESSA) for those who select the Exercise Science major or enrol in the Exercise Therapy major; the Australian Physiotherapy Council for those who go on to complete Master of Physiotherapy. Please note that ESSA requires all individuals seeking initial accreditation to meet the <a href=""https://www.essa.org.au/Public/Professional_Standards/English_Language_Requirements.aspx"">English Language Requirements</a>.</p>",,Health
C09057,2025.01,<p>The honours program is designed to provide students with the resources to further develop and apply their research skills and to pursue focused areas of interest within sport and exercise science.</p>,,,Health
C42008,2025.01,,,,Health
C41013,2025.01,,,,Health
C04365,2025.01,"<p>Designed for health professionals looking to extend their palliative care capabilities to work at an advanced level, this interdisciplinary course equips students with the clinical performance capabilities and critical decision-making and leadership skills required to become a palliative care expert.</p> <p>Developed and delivered in collaboration with leading contemporary experts in palliative care, each of the 12 subjects comprises a mix of theory, evidence-based and clinical practice. Subjects include a range of current healthcare contexts (including complex communication, social justice, law and ethics, public health, advanced pharmacology and physical assessment) so students can practise safely and proficiently to provide person-centred health care and contribute to quality outcomes for those in their care.</p>",,"<p>This course offers a mid-year intake for local students.</p> <p>All subjects in the course are delivered by distance (online).</p> <p><strong>Commonwealth Supported Places</strong></p> <p>There are a limited number of <a href=""https://www.uts.edu.au/current-students/managing-your-course/fees-and-payment/domestic-student-tuition-fees/commonwealth-supported"">Commonwealth Supported Places (CSPs)</a> within this course that are competitive and allocated on merit. Applicants must indicate on their application if they wish to be considered for a CSP.</p> <p>As applications are assessed progressively, applicants are strongly encouraged to apply early to be considered. Eligible applicants must accept their offer by the lapse date to retain their place.</p> <ul> <li>Autumn 2024 closing dates: <ul> <li>Round 1: Sunday 26 November 2023</li> <li>Round 2: Sunday 21 January 2024 (if places are available)</li> </ul> </li> <li>Spring 2024 closing dates: <ul> <li>Round 1: Sunday 26 May 2024</li> <li>Round 2: Sunday 30 June 2024 (if places are available)</li> </ul> </li> </ul> <p>Refer to <a href=""https://www.uts.edu.au/study/postgraduate/postgraduate-courses-commonwealth-supported-places-csp"">Postgraduate courses with Commonwealth Supported Places</a> for more information.</p> <p>This course is not offered to international students.</p>",Health
C04447,2025.01,"<p>This comprehensive Masters of Women&rsquo;s and Children&rsquo;s Health prepares nurses, midwives and allied health practitioners to advance their careers in a range of diverse and challenging roles. Developed in close consultation with experts and industry stakeholders, core subjects in women&rsquo;s health provide contemporary and responsive content that is industry aligned, evidence-based and research-informed, ensuring that graduates are well prepared to meet the current and future needs of women&rsquo;s health. </p>",,,Health
C11362,2025.01,<p>This course is aimed at students who wish to further develop their career in a health field that intersects with women&rsquo;s and children&#39;s health. Students begin their journey at the graduate certificate level in either child and family health or women&rsquo;s and children&#39;s health and may advance to graduate diploma or master&#39;s level. </p>,,,Health
C04409,2025.01,"<p>This is a comprehensive course in health services management and aims to expand students&#39; knowledge and future career opportunities. The course develops students&#39; knowledge and skills, leading to an enhanced capacity to manage health services in a diverse range of health settings.</p>",,<p>This course is not offered to international students.</p>,Health
C11268,2025.01,"<p>The Graduate Certificate in Palliative Care is designed for registered health professionals with substantial clinical, policy or educational health experience who are looking to extend their palliative care capabilities to become future palliative care experts in their field.</p> <p>This course provides sustainable, high-quality interdisciplinary education, developed and delivered in collaboration with leading contemporary experts in the field. Each of the four subjects comprises a mix of theory, evidence-based and clinical practice, and can be completed in part-time mode. Subjects include a range of current healthcare contexts (including complex communication, social justice, law and ethics, and public health) so students can practise safely and proficiently to provide person-centred health care and contribute to quality outcomes for those in their care.</p>",,<p>This course is not offered to international students.</p>,Health
C07131,2025.01,"<p>The Graduate Diploma in Palliative Care is designed for registered health professionals with substantial clinical, policy or educational health experience who are looking to extend their palliative care capabilities to become future palliative care experts in their field.</p> <p>This course delivers sustainable, high-quality interdisciplinary education, developed and delivered in collaboration with leading contemporary experts in the field. Each of the eight subjects comprises a mix of theory, evidence-based and clinical practice, and can be completed in part-time mode. Subjects include a range of current healthcare contexts (including complex communication, social justice, law and ethics, and public health) so students can practise safely and proficiently to provide person-centred health care and contribute to quality outcomes for those in their care.</p> <p>The course prepares students for advanced practice as registered health professionals with skills in palliative care clinical performance capabilities, and critical decision-making and leadership skills.</p>",,<p>This course is not offered to international students.</p>,Health
C03050,2025.01,"<p>This degree is designed for health service professionals wanting to develop research skills that have practical application for innovations and policy in the healthcare sector, and scholarly understanding of health services provision. It enables informed participation in research endeavours and health services innovation and improvement. Students extend and deepen their knowledge of a specialised area in health services through a program of supervised research.</p>",,"<p>Research degrees are offered on a sponsored, scholarship or full-fee-paying basis. Contact UTS: Health or the UTS Graduate Research School for further details.</p>",Health
C03048,2025.01,"<p>This degree is designed for registered nurses wanting to develop research skills that have practical application for innovations in the health care industry and scholarly understanding of nursing practice. It enables informed participation in research endeavours and clinical practice innovation and improvement. In this degree, students extend and deepen their knowledge of a specialised area in nursing through a program of supervised research.</p>",,"<p>Research degrees are offered on a sponsored, scholarship or full-fee-paying basis. Contact UTS: Health or the UTS Graduate Research School for further details.</p>",Health
C09018,2025.01,<p>This course provides the opportunity for eligible graduates of the Bachelor of Nursing to extend their skills and understanding of the research process. It emphasises the reciprocal relationship between nursing research and the contexts of nursing practice.</p>,,,Health
C11267,2025.01,"<p>The Graduate Certificate in High Performance Sport is designed for students from diverse backgrounds and delivered using flexible learning methods suitable for working professionals, domestic students and international students. The course structure enables full-time or part-time study where students can commence in either Autumn or Spring session to complete four subjects. This nested course structure provides a solid grounding of the knowledge and skills required in any high performance sport career whilst offering the opportunity to advance and tailor knowledge and skills development at an advanced level. The course is developed and delivered in collaboration with industry experts from the field, with each subject comprising of a mix of theory and evidence-based practice. Research-inspired course content is delivered by world-leading academics and industry partners, which allows students to apply an advanced level of knowledge and understanding to a range of areas that meets the diverse needs of the high performance sport industry. Graduates enter the workforce as effective professionals capable of leading, managing and inspiring in the field.</p> <p>In the Graduate Certificate in High Performance Sport, students may undertake a professional internship with an organisation in the sport industry. This allows students to apply their knowledge, develop professionally and network with industry partners. Students are encouraged to develop their ideas and test these in real world environments with practical relevance. Current workplace employment may also be considered for supplemental credit towards this internship.</p>",,<p>International students can study this course in online mode only and thus are not eligible for a student visa to study this course in Australia.</p>,Health
C07130,2025.01,"<p>The Graduate Diploma in High Performance Sport is designed for students from diverse backgrounds and delivered using flexible learning methods suitable for working professionals, domestic students and international students. The course structure enables full-time or part-time study where students can commence in either Autumn or Spring session to complete eight subjects. This nested course structure provides a solid grounding of the knowledge and skills required in a variety of high performance sport careers whilst offering the opportunity to advance and tailor knowledge and skills development at an advanced level.</p> <p>The course is developed and delivered in collaboration with industry experts from the field, with each subject comprising of a mix of theory and evidence-based practice. Research-inspired course content is delivered by world-leading academics and industry partners, which allows students to apply an advanced level of knowledge and understanding to a range of areas that meets the diverse needs of the high performance sport industry. Graduates enter the workforce as autonomous, collaborative and responsive professionals capable of leading, managing and inspiring in the field.</p> <p>In the Graduate Diploma in High Performance Sport, students undertake up to two professional internships with organisations in the sport industry. This allows students to apply their knowledge, develop professionally and network with industry partners. Students are encouraged to develop their ideas and test these in real world environments with practical relevance. Current workplace employment may also be considered for supplemental credit towards these internships.</p>",,<p>International students can study this course in online mode only and thus are not eligible for a student visa to study this course in Australia.</p>,Health
C03049,2025.01,<p>This degree is designed for registered midwives wanting to develop research skills that have practical application for innovations in the healthcare industry and scholarly understanding of midwifery practice. It enables informed participation in research endeavours and clinical practice innovation and improvement. Students extend and deepen their knowledge of a specialised area in midwifery through a program of supervised research.</p>,,"<p>Research degrees are offered on a sponsored, scholarship or full-fee-paying basis. Contact the UTS: Health or the UTS Graduate Research School for further details.</p>",Health
C09051,2025.01,"<p>This course provides the opportunity for eligible graduates of the Bachelor of Midwifery (<a href=""/courses/c10225.html"">C10225</a>) to extend their skills and understanding of the research process. It emphasises the reciprocal relationship between midwifery research and the contexts of midwifery practice.</p>",,<p>This course is not offered to international students.</p>,Health
C11329,2025.01,"<p>Public health is a non-clinical field of health that aims to prevent disease and injury, reduce health inequities and promote health across populations. Rather than working with individual patients, public health professionals are focused on enhancing health outcomes and improving health care solutions on a population level in developing and developed countries. In this course, students study approaches to analysing health data to improve the health of populations.</p> <p>Delivered in a flexible and convenient way, students can learn online. Course content is based on contemporary research and has been developed in close consultation with industry. The curriculum comprises subjects that provide a solid grounding of knowledge and skills required in any public health career. Students learn and are supported by academic staff who are highly experienced experts and researchers, recognised as leaders in epidemiology, biostatistics and health analytics.</p>",,<p>This course is not offered to international students.</p>,Health
C07150,2025.01,"<p>This comprehensive Graduate Diploma in of Women&rsquo;s and Children&rsquo;s Health prepares midwives, nurses and allied health practitioners to advance their careers in a range of diverse and challenging roles. Developed in close consultation with experts and industry stakeholders, core subjects in women&rsquo;s health provide contemporary and responsive content that is industry aligned, evidence-based and research-informed, ensuring that graduates are well prepared to meet the current and future needs of women&rsquo;s health.</p>",,"<p>This is an exit-only course. There is no direct admission to it. Current UTS students may be able to submit an Internal Course Transfer (Graduating) application to exit with this course. See the <a href=""https://www.uts.edu.au/current-students/managing-your-course/your-enrolment/enrolment-changes/course-transfer"">Course transfer</a> page for further details.</p>",Health
C11115,2025.01,"<p>Open to all health professionals, this multi-disciplinary course develops appropriately qualified students for work as health professionals in the area of diabetes education and management in a variety of settings.</p>","<p>Practitioners from the disciplines listed below are eligible to proceed with the credentialling process through the Australian Diabetes Educators Association (<a href=""https://www.adea.com.au/Home"">ADEA</a>) to gain authorisation as a credentialled diabetes educator once they have completed this accredited course (a compulsory prerequisite of the credentialling process). Eligible disciplines include: registered nurses (RN or division one); accredited practising dieticians; registered medical practitioners; registered pharmacists; podiatrists; accredited exercise physiologists; physiotherapists; and registered midwives.</p>","<p>This course has an Autumn intake only</p> <p><strong>Commonwealth Supported Places</strong></p> <p>There are a limited number of <a href=""https://www.uts.edu.au/current-students/managing-your-course/fees-and-payment/domestic-student-tuition-fees/commonwealth-supported"">Commonwealth Supported Places (CSPs)</a> within this course that are competitive and allocated on merit. Applicants must indicate on their application if they wish to be considered for a CSP.</p> <p>As applications are assessed progressively, applicants are strongly encouraged to apply early to be considered. Eligible applicants must accept their offer by the lapse date to retain their place.</p> <ul> <li>Autumn 2024 closing dates: <ul> <li>Round 1: Sunday 26 November 2023</li> <li>Round 2: Sunday 21 January 2024 (if places are available)</li> </ul> </li> <li>Spring 2024 closing dates: <ul> <li>Round 1: Sunday 26 May 2024</li> <li>Round 2: Sunday 30 June 2024 (if places are available)</li> </ul> </li> </ul> <p>Refer to <a href=""https://www.uts.edu.au/study/postgraduate/postgraduate-courses-commonwealth-supported-places-csp"">Postgraduate courses with Commonwealth Supported Places</a> for more information.</p> <p>This course is not offered to international students.</p>",Health
C04425,2025.01,"<p>Public health is a non-clinical field of health care that aims to prevent disease and injury, reduce health inequities and promote health across populations. Rather than working with individual patients, public health professionals are focused on enhancing health outcomes and improving health care solutions on a population level in developing and developed countries. A postgraduate public health degree is recognised worldwide as being invaluable for a career in public health. Whether students are just starting out or looking to enhance their career prospects, the Master of Public Health provides them with a grounding in public health that spans health data, education, promotion and policy. They develop specialist knowledge and skills and graduate ready to develop public health programs at a local, national or global level.</p>",,<p>This course is not offered to international students.</p>,Health
C07144,2025.01,"<p>This is an intermediate-level course in health services management and aims to expand students' knowledge and future career opportunities. The course develops students' knowledge and skills, which leads to an enhanced capacity to plan and manage health services.</p>",,"<p>This is an exit-only course. There is no direct admission to it. Current UTS students may be able to submit an Internal Course Transfer (Graduating) application to exit with this course. See the <a href=""https://www.uts.edu.au/current-students/managing-your-course/your-enrolment/enrolment-changes/course-transfer"">Course transfer</a> page for further details.</p> <p>This course is not offered to international students.</p>",Health
C11304,2025.01,"<p>This course is an introduction to health services management and aims to expand students' knowledge and future career opportunities. The program develops students' knowledge and skills, which leads to an enhanced capacity to manage health services.</p>",,<p>This course is not offered to international students.</p>,Health
C10225,2025.01,"<p>This course incorporates midwifery theory, science and clinical practice in a range of health facilities. Graduates of the course are competent midwives who have the skills, knowledge and confidence to practise midwifery according to the international definition of the role and scope of practice of the midwife.</p>","<p>Provides eligibility to apply for registration as a midwife with the Nursing and Midwifery Board of Australia. See the <a href=""/health/area/ug.html#rules"">faculty rules</a> for more information.</p>",<p>This course is only offered to local students.</p> <p>This course is not offered to international students.</p>,Health
C10122,2025.01,"<p>The UTS Bachelor of Nursing course prepares students for the exciting and challenging role of the Registered Nurse. This course is comprised of a comprehensive range of theoretical and clinical nursing subjects that together provide the knowledge, skills and professional values graduates require to provide safe, effective and compassionate nursing care. Our graduates are well prepared for clinical practice and are highly sought after for employment in a wide range of healthcare settings across Australian and internationally.</p>","<p>This course is accredited by the Australian Nursing and Midwifery Accreditation Council (ANMAC) and approval by the Nursing and Midwifery Board of Australia (NMBA). See the <a href=""/health/area/ug.html#rules"">faculty rules</a> for more information.</p>","<p>Students admitted to the Bachelor of Nursing (standard and accelerated program) before 2022 should refer to the <a href=""https://www.handbook.uts.edu.au/2020_1/courses/c10122.html"">course description</a> in the 2020 handbook or the <a href=""https://www.handbook.uts.edu.au/2021_1/courses/c10122.html"">course description</a> in the 2021 handbook.</p> <p>Bachelor of Nursing course is accredited by the Australian Nursing and Midwifery Accreditation Council (ANMAC) and approval by the Nursing and Midwifery Board of Australia (NMBA). See the<a href=""http://www.handbook.uts.edu.au/health/area/ug.html""> </a><a href=""https://www.handbook.uts.edu.au/health/area/ug.html"">faculty rules</a><a href=""https://www.handbook.uts.edu.au/health/area/ug.html""> </a>for more information</p> <p>For course specific information see the <a href=""https://www.handbook.uts.edu.au/files/Inherent_Requirements_Statement-Bachelor_of_Nursing_2022.pdf"">Nursing Inherent (Essential) Requirements Statement</a>.</p>",Health
C07070,2025.01,"<p>This course is designed to meet the graduate needs of registered nurses wishing to gain registration to practise in the area of midwifery. It provides a broad theoretical and clinical study in midwifery, and includes a discussion of professional, sociopolitical and ethico-legal issues related to the family, and research skills that enhance midwifery practice and interpersonal processes. Students undertake concurrent employment as a midwifery student in an accredited midwifery unit.</p>",<p>Nursing and Midwifery Board of Australia. See the faculty rules for more information.</p>,"<p>Applications are open for 2023 Summer commencement.</p> <p>The subjects <a href=""https://handbook.uts.edu.au/subjects/92385.html"">92385</a> Promoting, supporting and protecting Breastfeeding (3cp) and <a href=""https://handbook.uts.edu.au/subjects/92384.html"">92384</a> Midwifery as Primary Healthcare: A public health strategy (3cp) will commence on 1 December 2023. Both subjects will be delivered through online modules and students will be expected to attend two (2) face-to-face workshops timetabled for late January and early February.</p> <p>Limited commonwealth-supported places are available.</p> <p>This course is not offered to international students.</p>",Health
C10302,2025.01,<p>The Bachelor of Sport and Exercise Science Bachelor of International Studies is offered jointly by UTS: Health and UTS: International Studies. The degree integrates sport and exercise science studies with a major in the language and culture of another country.</p>,"<p>Accreditation with Exercise and Sports Science Australia (ESSA) for those who select the Exercise Science major; the Australian Physiotherapy Council for those who go on to complete Master of Physiotherapy. Please note that ESSA requires all individuals seeking initial accreditation to meet the <a href=""https://www.essa.org.au/Public/Professional_Standards/English_Language_Requirements.aspx"">English Language Requirements</a>.</p>",<p><strong>This course information relates to students commencing a combined degree with the Bachelor of International Studies in 2022.</strong> Students who commenced a combined degree with the Bachelor of Arts in International Studies prior to 2022 should refer to the Handbook for the year they commenced their degree.</p>,Health
C11349,2025.01,,,<p>This course is not offered to international students.</p>,Health
C04362,2025.01,"<p>The Master in High Performance Sport is designed for students from diverse backgrounds and delivered using flexible learning methods suitable for working professionals, domestic and international students. The course structure enables full-time or part-time study where students can enter or exit at a Graduate Certificate (4 subjects), Graduate Diploma (8 subjects) or Master&rsquo;s (12 subjects) level. This nested course structure provides a solid grounding of the knowledge and skills required in a variety of high performance sport careers whilst offering the opportunity to advance and tailor knowledge and skills development at an advanced level.</p> <p>The course is developed and delivered in collaboration with industry experts from the field, with each subject comprising of a mix of theory and evidence-based practice. Research-inspired course content is delivered by world-leading academics and industry partners, which allows students to apply an expert level of knowledge and understanding to a range of areas that meets the diverse needs of the high performance sport industry. Graduates enter the workforce as expert and collaborative problem solvers, who are capable of leading, managing and inspiring in the field of high performance sport.</p> <p>In the Master in High Performance Sport students undertake up to three professional internships with organisations in the sport industry. This allows students to apply their knowledge, develop professionally, and network with industry partners. Students are encouraged to develop their ideas and test these in real world environments with practical relevance. Current workplace employment may also be considered for supplemental credit towards these internships. With the completion of three internships, students may be eligible for individual professional accreditation with Exercise and Sport Science Australia (ESSA), the peak national professional association for sport and exercise scientists.</p>",,<p>International students can study this course in online mode only and thus are not eligible for a student visa to study this course in Australia.</p>,Health
C04449,2025.01,"<p>The Master of Clinical Exercise Physiology (MCEP) equips students with everything they need to become a recognised allied health professional and clinical Accredited Exercise Physiologist (AEP) with Exercise and Sport Science Australia (ESSA). Delivered at the state-of-the-art UTS Moore Park Precinct, the Master of Clinical Exercise Physiology is an evidence-informed and practice-based course embedded within the School of Sport, Exercise and Rehabilitation (Faculty of Health), which has a strong national reputation for teaching excellence, world-class facilities, and graduate employability across the exercise professions.</p> <p>In this course, students are provided with high-quality teaching and extensive work-integrated learning opportunities by experienced clinical educators who are established leaders in their field. Students are afforded with the clinical knowledge, tools, and applied experience to become highly regarded and well-rounded clinical exercise physiologists. Underpinned by a world-leading research program with strong links to industry, students are supported to develop and expand their professional networks. Students develop and test their clinical skills across diverse clinical conditions in a supportive and nurturing environment within our purpose-built UTS exercise medicine clinic. These clinical skills are then refined in real clinical settings with our clinical educator partners and affiliates within public and private healthcare and community settings, culminating in at least 360 hours of clinical placements.</p> <p>Students consolidate prior expertise and develop a deeper understanding of advanced principles and practices of clinical exercise medicine supported by health behaviour change theory to deliver and optimise person-centred care in a professional and interprofessional environment. Students also engage with research in the course curriculum to learn how to critically analyse, reflect, and synthesise scientific research to better support evidence-informed clinical reasoning.</p> <p>Upon graduation, students confidently manage people presenting with diverse ranges of acute and chronic conditions, injuries or disabilities across musculoskeletal, neurological, neuromuscular, mental health, occupational, cardiovascular, respiratory, pulmonary, metabolic, renal, and cancer conditions culminating in a capstone subject where complex interactions among these diverse health problems are addressed. Upon graduation, students are eligible to apply for health provider numbers with Medicare Australia, Department of Veteran Affairs, and other compensable funds and schemes as an Accredited Exercise Physiologist allied health professional.</p>",<p>The Master of Clinical Exercise Physiology is provisionally accredited with Exercise and Sports Science Australia (ESSA) as a qualification leading to registration as an Accredited Exercise Physiologist.</p>,"<p>Applications close 28 January 2024. However, applications may close earlier (without notice) based on the volume of applications received. It is recommended to apply early as applications and eligibility will be assessed on a rolling basis.</p> <p>Applicants are welcome to apply in the final session of their qualifying degree. If successful, applicants may receive a conditional offer pending the successful completion of their qualifying degree and/or any other conditions.</p> <p>It is important to note that meeting the eligibility requirements does not guarantee an offer of a place in the course.</p> <p><strong>Commonwealth Supported Places</strong></p> <p>There are a limited number of <a href=""https://www.uts.edu.au/current-students/managing-your-course/fees-and-payment/domestic-student-tuition-fees/commonwealth-supported"">Commonwealth Supported Places (CSPs)</a> within this course that are competitive and allocated on merit. Applicants must indicate on their application if they wish to be considered for a CSP.</p> <p>As applications are assessed progressively, applicants are strongly encouraged to apply early to be considered. Eligible applicants must accept their offer by the lapse date to retain their place.</p> <ul> <li>Autumn 2024 closing dates: <ul> <li>Round 1: Sunday 26 November 2023</li> <li>Round 2: Sunday 21 January 2024 (if places are available)</li> </ul> </li> <li>Spring 2024 closing dates: <ul> <li>Round 1: Sunday 26 May 2024</li> <li>Round 2: Sunday 30 June 2024 (if places are available)</li> </ul> </li> </ul> <p>Refer to <a href=""https://www.uts.edu.au/study/postgraduate/postgraduate-courses-commonwealth-supported-places-csp"">Postgraduate courses with Commonwealth Supported Places</a> for more information.</p>",Health
C10123,2025.01,"<p>The Bachelor of Nursing Bachelor of Arts in International Studies combines preparation for the role of the registered nurse with immersion in another language and culture, enhancing professional education and career options. This course is comprised of a comprehensive range of theoretical and clinical nursing subjects that together provide the knowledge, skills and professional values graduates require to provide safe, effective and compassionate nursing care. Our graduates are well prepared for clinical practice and are highly sought after for employment in a wide range of healthcare settings across Australian and internationally.</p>","<p>Nursing and Midwifery Board of Australia. See the <a href=""/health/area/ug.html#rules"">faculty rules</a> for more information.</p>","<p>Students admitted to the Bachelor of Nursing Bachelor of Arts in International Studies before 2021 should refer to the <a href=""https://handbook.uts.edu.au/courses/c10123.html"">course description</a> in the 2020 handbook.</p> <p>For course specific information see the <a href=""https://www.handbook.uts.edu.au/files/Inherent_Requirements_Statement-Bachelor_of_Nursing_2022.pdf"">Nursing Inherent (Essential) Requirements Statement</a>.</p>",Health
C04408,2025.01,"<p>This course prepares nurses to advance their careers in a range of diverse and challenging roles. Developed in close consultation with industry stakeholders, our course is contemporary and responsive, ensuring that graduates are well prepared to meet the current and future needs of the healthcare system. Specialisations in leadership, quality and safety, acute care and chronic and complex care, along with a renewed range of other subjects which incorporate up-to-the-minute evidence and content, are all intended to positively impact outcomes for health care consumers.</p>",,,Health
C10301,2025.01,"<p>This course develops graduates who possess a sound knowledge of the biophysical, behavioural and sociocultural foundations of sport and exercise, combined with the management skills and knowledge increasingly necessary in sport and exercise professions.</p>",,,Health
C09158,2025.01,"<p>Bachelor of Nursing Bachelor of International Studies (Honours) is an exit-point for students who have completed the International Honours pathway within the Bachelor of Nursing Bachelor of Arts in International Studies (C10123)</p> <p>In the fourth year of the combined degree, International Honours students spend an academic year studying in the local language at a university in the country of their major and also complete an honours level research project under the supervision of a relevant UTS academic.</p> <p>Entry to the International Honours pathway is dependent on students maintaining a credit average (or higher) in both their International Studies and professional degree in their first three years of study, and on the availability of placements in particular majors.</p>",,"<p>This is an exit-only course. There is no direct admission to it. Current UTS students may be able to submit an Internal Course Transfer (Graduating) application to exit with this course. See the <a href=""https://www.uts.edu.au/current-students/managing-your-course/your-enrolment/enrolment-changes/course-transfer"">Course transfer</a> page for further details.</p>",Health
C11331,2025.01,"<p>The Graduate Certificate in Critical Care is an innovative, contemporary program of fully online study designed for nurses working in the Critical Care setting who wish to expand their knowledge and skills in one of healthcare&rsquo;s most unique environments. Critical care nursing requires a wide range of advanced level skills and abilities to deliver safe and effective culturally capable care, whether it be in the highly controlled and technologically sophisticated realm of intensive care or the unpredictability of emergency departments and retrieval. Developed in consultation with industry stakeholders and an expert advisory panel, the Graduate Certificate in Critical Care covers content is mapped to the Australian College of Critical Care Nurses and The College of Emergency Nursing Australasia practice standards.</p>",,<p>This course is offered fully online.</p> <p>This course is not offered to international students.</p>,Health
C11333,2025.01,"<p>The Graduate Certificate in Mental Health is an interdisciplinary course designed to support learners who wish to expand their knowledge and understanding in mental healthcare. Students develop skills and strategies in supporting people who are impacted by mental health issues, including consumers, their families, carers, and communities. The course provides the opportunity to share and reflect upon personal perspectives and experiences and critically examine their application to principles, frameworks and evidence that underlie contemporary mental health care. The course encourages students to apply their learning to their own professional practice contexts while working through authentic and engaging content and assessments that challenge them to develop their own evidence informed practice.</p>",,<p>This course is not offered to international students.</p>,Health
C06141,2025.01,"<p>Public health is a non-clinical field of health care that aims to prevent disease and injury, reduce health inequities and promote health across populations. Rather than working with individual patients, public health professionals are focused on enhancing health outcomes and improving health care solutions on a population level in developing and developed countries. A postgraduate public health degree is recognised worldwide as being invaluable for a career in public health. Whether students are just starting out or looking to upskill in a certain area, the Graduate Diploma in Public Health provides students with a grounding in public health that spans health data, education, promotion and policy. Students develop specialist knowledge and skills and become graduate ready to develop public health programs at a local, national or global level.</p>",,<p>This course is not offered to international students.</p>,Health
C11328,2025.01,"<p>Public health is a non-clinical field of health care that aims to prevent disease and injury, reduce health inequities and promote health across populations. Rather than working with individual patients, public health professionals are focused on enhancing health outcomes and improving health care solutions on a population level in developing and developed countries. A postgraduate public health degree is recognised worldwide as being invaluable for a career in public health. Whether students are just starting out or looking to upskill in a certain area, the Graduate Certificate in Public Health provide them with a grounding in public health that spans health data, education, promotion and policy. Students develop specialist knowledge and skills and become graduate ready to develop public health programs at a local, national or global level.</p>",,<p>This course is not offered to international students.</p>,Health
C07151,2025.01,,,,Health
C10467,2025.01,"<p>This course is an exit degree for the Bachelor of Nursing. It is run by the School of Nursing and Midwifery in the Faculty of Health. It is intended for students who have completed at least 2 years study in the Bachelor of Nursing program (standard) and who are unable to progress in the clinical component of their studies due to extenuating circumstances, for example ill health. Students study 2 years of the Bachelor of Nursing program. Their final year includes the 3rd year nursing theory subjects and electives from the Bachelor of Health Science program. They complete the requisite number of subjects to reach 144 credit points.</p>",,"<p>This is an exit-only course. There is no direct admission to it. Current UTS students may be able to submit an Internal Course Transfer (Graduating) application to exit with this course. See the <a href=""https://www.uts.edu.au/current-students/managing-your-course/your-enrolment/enrolment-changes/course-transfer"">Course transfer</a> page for further details.</p> <p>This course is not offered to international students.</p>",Health
C11357,2025.01,"<p>The Graduate Certificate in Acute Care Nursing is a contemporary, accelerated and fully online program of study designed for Registered Nurses wanting to expand and future proof their specialist knowledge and professional capabilities in acute care nursing. The Graduate Certificate in Acute Care Nursing consists of four subjects: 96320 Specialty Clinical Practice, 96314 Evidence for Informing Practice, 96324 Nursing - Sensitive Indicators in Acute Care and 96315 Recognising and Responding to Acute Deterioration.</p>",,,Health
C03055,2025.01,"<p>The Master of Sport and Exercise (Research) program is for graduates who wish to enhance their knowledge of an area, address policy or management issues, or pursue a research/academic career.</p>",,"<p>Research degrees are offered on a sponsored, scholarship or full-fee-paying basis. Contact the UTS: Health or the UTS Graduate Research School for further details.</p>",Health
C09163,2025.01,"<p>Bachelor of Sport and Exercise Management Bachelor of International Studies (Honours) is an exit-point for students who have completed the International Honours pathway within the Bachelor of Sport and Exercise Management Bachelor of International Studies (Honours) (<a href=""https://cis-admin.uts.edu.au/courses/c10303.html"">C10303</a>).</p> <p>In the fourth year of the combined degree, International Honours students spend an academic year studying in the local language at a university in the country of their major and also complete an honours level research project under the supervision of a relevant UTS academic.</p> <p>Entry to the International Honours pathway is dependent on students maintaining a credit average (or higher) in both their International Studies and professional degree in their first three years of study, and on the availability of placements in particular majors.</p>",,"<p>This is an exit-only course. There is no direct admission to it. Current UTS students may be able to submit an Internal Course Transfer (Graduating) application to exit with this course. See the <a href=""https://www.uts.edu.au/current-students/managing-your-course/your-enrolment/enrolment-changes/course-transfer"">Course transfer</a> page for further details.</p>",Health
C10303,2025.01,<p>This course is offered jointly by UTS: Health and UTS: International Studies. It integrates the study of sport and exercise management with a major in the language and culture of another country.</p>,,<p><strong>This course information relates to students commencing a combined degree with the Bachelor of International Studies in 2022.</strong> Students who commenced a combined degree with the Bachelor of Arts in International Studies prior to 2022 should refer to the Handbook for the year they commenced their degree.</p>,Health
C10396,2025.01,"<p>The Bachelor of Public Health is a flexible and innovative degree that equips graduates with qualifications to help improve the health of individuals and populations. It is a broad field of practice, based on the application of scientific principles in governmental and non-governmental health services and the wider industry. Combined dwith the Bachelor of International Studies, the course offers the flexibility and innovation of public health with immersion in another language and culture, enhancing professional education and career options.</p>",,<p>The course name will be changing to Bachelor of Public Health Bachelor of International Studies for 2024 admission. The UTS website will reflect this name change in August. Applications via UAC are already updated with the new course name.</p> <p><strong>This course information relates to students commencing a combined degree with the Bachelor of International Studies in 2022.</strong> Students who commenced a combined degree with the Bachelor of Arts in International Studies prior to 2022 should refer to the Handbook for the year they commenced their degree.</p>,Health
C10469,2025.01,"<p>The Bachelor of Public Health Bachelor of Management is a combined program jointly offered by the Faculty of Health and the UTS Business School. The program provides students with a foundational understanding of public health with important managerial concepts and innovative, entrepreneurial thinking. It is designed to prepare graduates with qualifications to help improve the health of individuals and populations from both public health and business perspectives. Graduates are equipped for a broad field of practice, based on the application of management and public health principles in both governmental and non-governmental health services, as well as the wider industry.</p>",,,Health
C10466,2025.01,"<p>The Bachelor of Public Health Bachelor of Creative Intelligence and Innovation is a flexible and innovative degree that equips graduates with qualifications to help improve the health of individuals and populations. It is a broad field of practice, based on the application of scientific principles in governmental and non-governmental health services and the wider industry.</p> <p>Taking a transdisciplinary approach, the Bachelor of Creative Intelligence and Innovation utilises multiple perspectives from diverse fields, integrating a range of industry experiences, real-world projects and self-initiated proposals, equipping graduates to address the problems, complex challenges and untapped opportunities today&#39;s world experiences.</p>",,,Health
C09049,2025.01,"<p>This course provides the opportunity for eligible graduates of the Bachelor of Public Health (<a href=""/courses/c10360.html"">C10360</a>) to extend their skills and understanding of the research process. It emphasises the reciprocal relationship between health research and the contexts of local and global health.</p> <p>This course provides Bachelor of Health Science graduates with the opportunity to develop skills in clinically focused research. The course deepens students&#39; understanding of the importance of research in health.</p>",,,Health
C09164,2025.01,"<p>Bachelor of Sport and Exercise Science Bachelor of International Studies (Honours) is an exit-point for students who have completed the International Honours pathway within the Bachelor of Sport and Exercise Science Bachelor of International Studies (<a href=""https://cis-admin.uts.edu.au/courses/c10302.html"">C10302</a>).</p> <p>In the fourth year of the combined degree, International Honours students spend an academic year studying in the local language at a university in the country of their major and also complete an honours level research project under the supervision of a relevant UTS academic.</p> <p>Entry to the International Honours pathway is dependent on students maintaining a credit average (or higher) in both their International Studies and professional degree in their first three years of study, and on the availability of placements in particular majors.</p>","<p>C09164v1 Bachelor of Sport and Exercise Science Bachelor of International Studies (Honours) is NOT currently accredited with Exercise and Sports Science Australia (ESSA). However, it may be possible for students to gain membership by completing an <a href=""https://www.essa.org.au/Public/APPLY_NOW/Accreditation/Exercise_Science_Accreditation.aspx"" target=""_blank"">individual non NUCAP application</a> (look for the application form for NON-ESSA ACCREDITED COURSE).</p>","<p>This is an exit-only course. There is no direct admission to it. Current UTS students may be able to submit an Internal Course Transfer (Graduating) application to exit with this course. See the <a href=""https://www.uts.edu.au/current-students/managing-your-course/your-enrolment/enrolment-changes/course-transfer"">Course transfer</a> page for further details.</p>",Health
C11377,2025.01,,,<p>This course is not offered to international students.</p>,Health
C04457,2025.01,,,,Health
C04458,2025.01,,,,Health
C11330,2025.01,"<p>Public health is a non-clinical field of health that aims to prevent disease and injury, reduce health inequities and promote health across populations. Rather than working with individual patients, public health professionals are focused on enhancing health outcomes and improving health care solutions on a population level in developing and developed countries. A postgraduate public health degree is recognised worldwide as being invaluable for a career in public health. Students study the public health approach to enhancing health, public health research methods, including epidemiology and biostatistics, and the control of communicable diseases.<br /> Delivered in a flexible and convenient way, students learn online. Course content is based on contemporary research and has been developed in close consultation with industry. The curriculum comprises subjects that provide a solid grounding of knowledge and skills required in any public health career. Students learn and are supported by academic staff who are highly experienced experts and researchers, recognised as leaders in their chosen fields of public health.</p>",,<p>This course is not offered to international students.</p>,Health
C10410,2025.01,"<p>The Bachelor of Public Health Bachelor of Sustainability and Environment is a flexible and innovative degree that equips graduates with qualifications to make a difference across diverse health settings with a distinct focus on sustainability in practice, ecological health impacts and planetary health.</p>",,,Health
C10470,2025.01,"<p>The Bachelor of Public Health Bachelor of Economics is a combined program jointly offered by the Faculty of Health and the UTS Business School. The program provides students with a foundational understanding of public health with important aspects of financial systems. It is designed to prepare graduates with a qualification to help improve the health of individuals and populations and to respond effectively to economic challenges. Graduates are equipped for a broad field of practice, based on the application of business and public health principles in governmental and non-governmental health services and the wider industry.</p>",,,Health
C10468,2025.01,"<p>The Bachelor of Public Health Bachelor of Business is a combined program jointly offered by the Faculty of Health and the UTS Business School. The program provides students with a foundational understanding of public health with important aspects of business. It is designed to prepare graduates with qualifications to help improve the health of individuals and populations from a public health and business perspective. Graduates are equipped for a broad field of practice, based on the application of business and public health principles in governmental and non-governmental health services and the wider industry.</p>",,,Health
C03068,2025.01,"<p>This course is intended for Indigenous health professionals, or others who have completed a relevant undergraduate degree and wish to pursue a career that includes research or gain a competitive advantage in their career by completing an additional postgraduate qualification. Students gain research skills and expertise in their area of research interest, and demonstrate their outstanding academic ability and commitment to their field through the completion of the degree.</p>",,,Health
C11351,2025.01,"<p>The Graduate Certificate in Nursing Education is an innovative, contemporary and accelerated program of fully online study designed for nurses who want to move beyond discipline specific ways of teaching and learning and experience education as transdisciplinary. Students have the opportunity to develop their teaching and learning knowledge and skills and the capacity to influence patient and education outcomes in their workplace.</p> <p>Students learn with experienced clinicians, educators, academics and researchers from nursing and education disciplines. Upon successful completion of the Graduate Certificate in Nursing Education, students have the opportunity to progress to the Master of Advanced Nursing or the Master of Education (Learning and Leadership).</p>",,<p>This course is offered fully online.</p>,Health
C10360,2025.01,"<p>The Bachelor of Public Health is a flexible and innovative degree that equips graduates with qualifications to help improve the health of individuals and populations. It is a broad field of practice, based on the application of scientific principles in governmental and non-governmental health services and the wider industry.</p>",,,Health
C11367,2025.01,,,,Health
C11303,2025.01,"<p>This course prepares nurses to advance their careers in a range of diverse and challenging roles. Developed in close consultation with industry stakeholders, our course is contemporary and responsive, ensuring that graduates are well prepared to meet the current and future needs of the healthcare system. Subjects incorporate up-to-the-minute evidence and content, and are all intended to positively impact outcomes for health care consumers.</p>",,,Health
C11358,2025.01,"<p>This program of study is designed to build on the knowledge and skills of registered nurses and midwives to develop capacity to work in a primary health care setting with young children and their families. The comprehensive study program focuses on infant care and child health, and the promotion of maternal and family health and wellbeing. The accompanying clinical experience program provides placements in community child and family health services as well as Tresillian Family Care Centres.</p>",,<p>This course is offered fully online.</p> <p>This course is not offered to international students.</p>,Health
C02099,2025.01,"<p>The PhD is a University-wide research degree which involves an intense period of supervised study and research, leading to an original and significant contribution to knowledge. This is a degree of the future and is a recognised path for those wishing to assume leadership positions in their field of specialisation.</p>",,"<p>Research degrees are offered on a research training scheme, scholarship or full-fee-paying basis (international). Contact UTS: Health or the UTS Graduate Research School for further details.</p>",Health
C07143,2025.01,"<p>This course provides registered nurses with the knowledge and skills for a specialist role as an advanced nurse at a graduate diploma level. Students can tailor the diploma to their area of specialty or role. There is a large selection of elective subjects that encompass the areas of clinical, chronic and complex care (ageing and palliation); primary health care; education; management; and research.</p>",,"<p>This is an exit-only course. There is no direct admission to it. Current UTS students may be able to submit an Internal Course Transfer (Graduating) application to exit with this course. See the <a href=""https://www.uts.edu.au/current-students/managing-your-course/your-enrolment/enrolment-changes/course-transfer"">Course transfer</a> page for further details.</p>",Health
C09150,2025.01,"<p>The Bachelor of Public Health Bachelor of International Studies (Honours) is an exit-point for students who have completed the International Honours pathway within the Bachelor of Public Health Bachelor of International Studies (<a href=""https://cis-admin.uts.edu.au/courses/c10396.html"">C10396</a>).</p> <p>In the fourth year of the combined degree, International Honours students spend an academic year studying in the local language at a university in the country of their major and also complete an honours level research project under the supervision of a relevant UTS academic.</p> <p>Entry to the International Honours pathway is dependent on students maintaining a credit average (or higher) in both their International Studies and professional degree in their first three years of study, and on the availability of placements in particular majors.</p>",,"<p>The course name will be changing to Bachelor of Public Health Bachelor of International Studies (Honours) for 2024 admission. The UTS website will reflect this name change in August. Applications via UAC are already updated with the new course name.</p> <p>This is an exit-only course. There is no direct admission to it. Current UTS students may be able to submit an Internal Course Transfer (Graduating) application to exit with this course. See the <a href=""https://www.uts.edu.au/current-students/managing-your-course/your-enrolment/enrolment-changes/course-transfer"">Course transfer</a> page for further details.</p>",Health
C41018,2025.01,,,,Science
C11216,2025.01,"<p>The Graduate Certificate in Science is a four-subject qualification that draws on the world-class curriculum of the UTS<a href=""https://www.uts.edu.au/study/find-a-course/master-science""> Master of Science</a>. It equips students with both professional and discipline-specific expertise without the commitment of a longer degree.</p> <p>This qualification has been designed for students taking the first steps into postgraduate science, those looking for a rigorous professional development opportunity in an existing scientific career, or those seeking an alternative entry pathway into the master&rsquo;s degree.</p> <p><strong>Explore the Master of Science</strong><br /> The UTS <a href=""https://www.uts.edu.au/study/find-a-course/master-science"">Master of Science</a> is an advanced science degree designed to propel students into senior roles in their chosen scientific discipline. Students who complete the Graduate Certificate in Science can progress into the master&rsquo;s degree and receive recognition of prior learning for all four subjects.</p>",,,Science
C42012,2025.01,,,,Science
C04393,2025.01,<p>The Master of Philosophy in Forensic Science provides students with a unique opportunity to undertake original research and gain in-depth knowledge in their chosen area of forensic science. Students have access to staff that are leading researchers and experts in their field. Undertaking this course allows students to explore their research potential and develop research skills. It is designed to provide a scholarship pathway to the UTS PhD program.</p>,,<p>This course is not offered by direct entry. Admission is via Course Transfer with faculty approval. </p>,Science
C03026,2025.01,<p>The Master of Science (Research) in Mathematical Sciences provides an opportunity to acquire research skills and to deepen knowledge in one of the areas of mathematics. The aim of the program is the professional development of candidates through mastery of a substantial body of mathematical literature together with original research work under the guidance of a supervisor.</p>,,"<p>Research degrees are offered on a sponsored, scholarship, faculty part-sponsored or full-fee-paying basis. Contact UTS: Science or the UTS: Graduate Research School for further details.</p>",Science
C10399,2025.01,"<p>The Bachelor of Science Bachelor of Sustainability &amp; Environment combines a focus on ecosystem protection and management with broad knowledge and professional skills to work within the social, economic and regulatory systems that intersect with and impact ecosystems. Students choose a major in either environmental or marine biology. Studies focus on the foundational components of natural systems, how these systems work, and how detrimental impacts on them can be assessed and recovered.</p>",,<p>This is a new course from 2021. Students may use the 2020 selection rank for the Bachelor of Science as a guide. The lowest selection rank for Autumn 2020 intake for the Bachelor of Environmental Biology was 73.40 and the Bachelor of Marine Biology was 79.90. </p>,Science
C11308,2025.01,<p>The Quantitative Finance program provides the opportunity to acquire the detailed specialised knowledge and the professional competency required to work as a quantitative finance analyst in the modern finance industry.</p>,,"<p>This is an exit-only course. There is no direct admission to it. Current UTS students may be able to submit an Internal Course Transfer (Graduating) application to exit with this course. See the <a href=""https://www.uts.edu.au/current-students/managing-your-course/your-enrolment/enrolment-changes/course-transfer"">Course transfer</a> page for further details.</p>",Science
C03029,2025.01,<p>The Master of Science (Research) provides an opportunity for students to acquire research skills and deepen their knowledge in an area of science.</p>,,"<p>Research degrees are offered on a sponsored, scholarship, faculty part-sponsored or full-fee-paying basis. Contact UTS: Science or the UTS: Graduate Research School for further details.</p>",Science
C22033,2025.01,"<p>The Undergraduate Certificate in Science is a six month program designed to build foundational knowledge and skills in science. Students can acquire new skills that boost their employability or provide an alternative pathway to UTS Science degree programs and training in much needed STEM areas. The course gives students the opportunity to study first year Science subjects that match their area of scientific interest. They can then articulate their certificate into a UTS undergraduate degree in science in either the Life Sciences (e.g. in medical sciences, biotechnology, environmental sciences) or the Physical Sciences (e.g. physics, chemistry, mathematics, forensics). The Undergraduate Certificate in Science constitutes 24 credit points of study in either Autumn or Spring session first year subjects. Students are enrolled alongside full degree students and experience the same blend of online and on campus learning activities, have the same access to University resources such as the library, social clubs, student services and participate in orientation activities. Students engage in a personalised learning experience which stimulates their interest in further study and lifelong learning. Students who graduate from the course receive recognition of prior learning (RPL) in their course of choice should they choose to follow a pathway to continue their studies. If students choose not to pursue further studies, they already have developed important employability skills such as critical and scientific thinking, problem solving, basic communication and practical skills. </p>",,<p>This course offers a pathway to the science undergraduate degrees.</p> <p>This course is not offered to international students.</p>,Science
C11287,2025.01,"<p>The Graduate Certificate in Forensic Science is suitable for those seeking a scientific qualification to assist them to gain entry into further forensic science studies, as well as for those who are already employed in a scientific field but wish to gain new specialised skills to advance their area of expertise.</p>",,,Science
C07137,2025.01,<p>The Graduate Diploma in Forensic Science prepares students for professional and specialist work in the discipline of forensic science and is designed for professional scientists wishing to update their industry-related skills for career advancement.</p>,,,Science
C10163,2025.01,"<p>The Bachelor of Medical Science Bachelor of Business is designed to produce graduates who are prepared for scientific practice or business and management in health and medical businesses or institutions. Medical Scientists with Business strengths are the leaders of creating, and developing and taking to the public or market, solutions to health and medical problems. Medical Scientists careers are dynamic and involve an exciting range of professions from research and development, business, writing and implementing policy and practice in the medical and health sciences, and communicating science. In the medical scientists component of this degree students choose to major in Medical and Health-related Sciences or Pathology, allowing them to have speciality relevant to their career choices and interests. In the Medical and Health-related Science major students learn the body through the study of tissues, organs and cellular facets both in health and disease, medical devices, how medicines work, as well as public health policies and clinical trials. In the Pathology major students learn how diseases trigger biochemical or cellular changes in the body and how to best diagnose and treat these diseases. Students learn by applying and investigating scientific approaches in world class laboratories with up-to-date scientific technologies and equipment in line with those used in the industry. This hands-on learning is accompanied by development of professional skills such as communication, problem solving, critical thinking, and innovation that means the students are ideally placed for a range of professions.</p>","<p>Depending on disciplines chosen, students may be eligible for entry to the relevant professional associations. Refer to the Bachelor of Business (<a href=""https://www.handbook.uts.edu.au/courses/c10026.html"">C10026</a>) for details on professional recognition of that award.</p>",,Science
C09100,2025.01,"<p>As the first forensic science degree in Australia, the world-class <a href=""https://www.uts.edu.au/study/find-a-course/bachelor-forensic-science"">UTS Bachelor of Forensic Science</a> is recognised for producing future leaders in this compelling field of practice. More than just a theoretical science degree, this course delivers a comprehensive learning experience at the intersection of STEM, information technology, law, criminology and social impact.</p> <p>The honours degree contains an additional year of study on top of the standard Bachelor of Forensic Science curriculum. This year is dedicated to the acquisition of high-level research skills under the guidance of leading academics and industry practitioners from the acclaimed UTS Centre for Forensic Science.</p> <p><strong>Why UTS Science?</strong><br /> UTS Science, one of Australia&rsquo;s leading university science faculties, is committed to scientific advancement that creates a more sustainable world. When students study with UTS, they join a university that delivers global impact in STEM education and research and a faculty that produces scientists with the power to transform the profession.</p>",<p>Graduates from this course are eligible to become members of the Royal Australian Chemical Institute and the Australian and New Zealand Forensic Science Society.</p>,,Science
C10223,2025.01,"<p>Climate change is the singular issue of our time &ndash; today, the planet is facing its ultimate test. Become part of the solution with a degree that prepares students to protect and manage the critical species and ecosystems that hold the key to the future.</p> <p>Like most degrees of its kind, the UTS Bachelor of Environmental Biology combines theoretical and lab-based learning, but it&rsquo;s what happens outside the classroom that really sets it apart. The extensive fieldwork program challenges students to test their skills in a variety of aquatic and terrestrial environments, while professional internship offerings can help kickstart their career with placements in leading university, government, and industry labs.</p> <p><strong>Why UTS Science?</strong></p> <p>UTS Science, one of Australia&rsquo;s leading university science faculties, is committed to scientific advancement that creates a more sustainable world. When students study with UTS, they join a university that delivers global impact in STEM education and research and a faculty that produces scientists with the power to transform the profession.</p>","<p>Australian Institute for Biology, Australian Ecological Society, Australian Society for Plant Physiology, Australasian Society for Ecotoxicology, Australasian Marine Science Association.</p>",,Science
C11210,2025.01,<p>The Graduate Certificate in Mathematics is a four-subject course. The flexible course structure allows for study programs designed to suit different university graduates who require a mathematical foundation for further studies.</p>,,,Science
C04391,2025.01,"<p>The Master of Forensic Science is one of Australia&rsquo;s leading qualifications in this niche scientific discipline, combining hands-on advanced forensic science practice with high-level professional and research skills acquisition. Our research-informed curriculum is focused on highly practical, case-based activities that take place in world-class facilities designed to replicate real forensic science environments. These include our acclaimed Crime Scene Simulation Labs and other professional laboratories stocked with the latest industry-standard equipment.</p> <p>As a master&rsquo;s degree, this course is focused on developing students for leadership roles in forensic science. Curriculum is informed by leading academics and practitioners in the internationally acclaimed UTS Centre for Forensic Science, as well as by real-world organisations. As such, course content reflects the needs and priorities of the global forensic science profession.</p> <p><strong>Explore the Master of Forensic Science (Extension)</strong><br /> Students with an interest in the Master of Forensic Science should also consider the UTS <a href=""https://www.uts.edu.au/study/find-a-course/master-forensic-science-extension"">Master of Forensic Science (Extension)</a> a two-year program of full-time study that includes an additional 24 credit points on top of the standard Master of Forensic Science curriculum. High-performing Master of Forensic Science Extension students with an interest in research can transfer into the <a href=""https://www.uts.edu.au/study/find-a-course/master-philosophy-forensic-science"">Master of Philosophy in Forensic Science</a>, which provides a direct pathway to the UTS PhD program..</p>",,"<p><strong>Commonwealth Supported Places</strong></p> <p>There are a limited number of <a href=""https://www.uts.edu.au/current-students/managing-your-course/fees-and-payment/domestic-student-tuition-fees/commonwealth-supported"">Commonwealth Supported Places (CSPs)</a> within this course that are competitive and allocated on merit. Applicants must indicate on their application if they wish to be considered for a CSP.</p> <p>As applications are assessed progressively, applicants are strongly encouraged to apply early to be considered. Eligible applicants must accept their offer by the lapse date to retain their place.</p> <ul> <li>Autumn 2024 closing dates: <ul> <li>Round 1: Sunday 26 November 2023</li> <li>Round 2: Sunday 21 January 2024 (if places are available)</li> </ul> </li> <li>Spring 2024 closing dates: <ul> <li>Round 1: Sunday 26 May 2024</li> <li>Round 2: Sunday 30 June 2024 (if places are available)</li> </ul> </li> </ul> <p>Refer to <a href=""https://www.uts.edu.au/study/postgraduate/postgraduate-courses-commonwealth-supported-places-csp"">Postgraduate courses with Commonwealth Supported Places</a> for more information.</p> <p><strong>25% Academic Merit Scholarship</strong></p> <p>There is a 25% Academic Merit Scholarship available in 2024. Eligible students must commence a Master&#39;s or Master (extension) postgraduate course program in the Faculty of Science.</p> <p>For more details, refer to the <a href=""https://www.uts.edu.au/sites/default/files/2023-11/CoA_UTS%20Science%20PG%20Acad%20Merit%20Scholarship_v1.00%20PUBLISHED.pdf"" style=""box-sizing: border-box"">UTS Science Postgraduate Academic Merit Scholarship</a>.</p>",Science
C04392,2025.01,"<p>The Master of Forensic Science (Extension) is one of Australia&rsquo;s leading qualifications in this niche scientific discipline, combining hands-on advanced forensic science practice with high-level professional and research skills acquisition. Our research-informed curriculum is focused on highly practical, case-based activities that take place in world-class facilities designed to replicate real forensic science environments. These include our acclaimed Crime Scene Simulation Labs and other professional laboratories stocked with the latest industry-standard equipment.</p> <p>As an extension degree, this course includes an additional 24 credit points of electives beyond the standard Master of Forensic Science curriculum and can be completed in two years of full-time study. It is focused on developing students for leadership roles in forensic science. Curriculum is informed by leading academics and practitioners in the internationally acclaimed UTS Centre for Forensic Science, as well as by real-world organisations. As such, course content reflects the needs and priorities of the global forensic science profession.</p> <p><strong>Explore the Master of Philosophy in Science</strong></p> <p>Students who achieve a credit average in their first year of study can apply to transfer into the <a href=""https://www.uts.edu.au/study/find-a-course/master-philosophy-forensic-science"">Master of Philosophy in Forensic Science</a>. This highly specialised degree combines coursework subjects with an immersive research project, providing a direct pathway to the UTS PhD program. Students seeking a shorter course of study should consider the <a href=""https://www.uts.edu.au/study/find-a-course/master-forensic-science"">UTS Master of Forensic Science</a>.</p>",,"<p><strong>Commonwealth Supported Places</strong></p> <p>There are a limited number of <a href=""https://www.uts.edu.au/current-students/managing-your-course/fees-and-payment/domestic-student-tuition-fees/commonwealth-supported"">Commonwealth Supported Places (CSPs)</a> within this course that are competitive and allocated on merit. Applicants must indicate on their application if they wish to be considered for a CSP.</p> <p>As applications are assessed progressively, applicants are strongly encouraged to apply early to be considered. Eligible applicants must accept their offer by the lapse date to retain their place.</p> <ul> <li>Autumn 2024 closing dates: <ul> <li>Round 1: Sunday 26 November 2023</li> <li>Round 2: Sunday 21 January 2024 (if places are available)</li> </ul> </li> <li>Spring 2024 closing dates: <ul> <li>Round 1: Sunday 26 May 2024</li> <li>Round 2: Sunday 30 June 2024 (if places are available)</li> </ul> </li> </ul> <p>Refer to <a href=""https://www.uts.edu.au/study/postgraduate/postgraduate-courses-commonwealth-supported-places-csp"">Postgraduate courses with Commonwealth Supported Places</a> for more information.</p> <p><strong>25% Academic Merit Scholarship</strong></p> <p>There is a 25% Academic Merit Scholarship available in 2024. Eligible students must commence a Master&#39;s or Master (extension) postgraduate course program in the Faculty of Science.</p> <p>For more details, refer to the <a href=""https://www.uts.edu.au/sites/default/files/2023-11/CoA_UTS%20Science%20PG%20Acad%20Merit%20Scholarship_v1.00%20PUBLISHED.pdf"" style=""box-sizing: border-box"">UTS Science Postgraduate Academic Merit Scholarship</a>.</p>",Science
C11307,2025.01,"<p>The Graduate Certificate in Data Science in Quantitative Finance is designed to meet the evolving &ldquo;modelling needs&rdquo; of the quantitative finance industry in data science and analysis. The program, comprising of machine learning theory and applications and advanced quantitative methods, provides participants with additional specialised skill sets &ndash; specifically in data science &ndash; that are in high demand, even among the more traditional financial organisations.</p> <p>This data science program also enables Master of Quantitative Finance graduates to extend the specialist skills and expertise of the quantitative finance specialisation through completion of the Graduate Certificate in Data Science in Quantitative Finance as a standalone graduate certificate.</p>",,,Science
C04373,2025.01,"<p>Major regulatory changes and the emergence of new types of financial risks mean that skilled quantitative finance professionals are more in demand than ever. The UTS postgraduate Quantitative Finance program is recognised in Australia and overseas as a leading qualification for aspiring and established quantitative finance professionals.</p> <p>Designed by industry experts and leading UTS quantitative finance academics, it combines the theoretical learning, hands-on experience and professional competencies required to perform at the cutting edge of this specialist discipline. Whether students are just starting out or looking to deepen their quantitative expertise, this course will equip them with the knowledge and skills to measure and manage risk in today&rsquo;s complex financial markets.</p> <p><strong>Explore our quantitative finance degrees</strong><br /> UTS offers a suite of postgraduate quantitative finance degrees, each with a different area of focus. Students considering the Master of Quantitative Finance may also be interested in the following courses:</p> <ul> <li><a href=""https://www.uts.edu.au/study/find-a-course/master-data-science-quantitative-finance"">Master of Data Science in Quantitative Finance</a></li> <li><a href=""https://www.uts.edu.au/study/find-a-course/master-mathematics-and-quantitative-finance"">Master of Mathematics and Quantitative Finance</a></li> </ul>",,"<p><strong>Commonwealth Supported Places</strong></p> <p>There are a limited number of <a href=""https://www.uts.edu.au/current-students/managing-your-course/fees-and-payment/domestic-student-tuition-fees/commonwealth-supported"">Commonwealth Supported Places (CSPs)</a> within this course that are competitive and allocated on merit. Applicants must indicate on their application if they wish to be considered for a CSP.</p> <p>As applications are assessed progressively, applicants are strongly encouraged to apply early to be considered. Eligible applicants must accept their offer by the lapse date to retain their place.</p> <ul> <li>Autumn 2024 closing dates: <ul> <li>Round 1: Sunday 26 November 2023</li> <li>Round 2: Sunday 21 January 2024 (if places are available)</li> </ul> </li> <li>Spring 2024 closing dates: <ul> <li>Round 1: Sunday 26 May 2024</li> <li>Round 2: Sunday 30 June 2024 (if places are available)</li> </ul> </li> </ul> <p>Refer to <a href=""https://www.uts.edu.au/study/postgraduate/postgraduate-courses-commonwealth-supported-places-csp"">Postgraduate courses with Commonwealth Supported Places</a> for more information.</p> <p><strong>30% Postgraduate Scholarship</strong></p> <p>There is a 30% Postgraduate Scholarship available in 2024. Eligible students must commence one of the Master&#39;s postgraduate quantitative finance courses in the Faculty of Science:</p> <ul> <li>C04373 - Master of Quantitative Finance; or</li> <li>C04418 - Master of Data Science in Quantitative Finance; or</li> <li>C04419 - Master of Mathematics and Quantitative Finance.</li> </ul> <p>For more details, refer to the <a href=""https://www.uts.edu.au/sites/default/files/2023-11/CoA_UTS%20Quantitative%20Finance%20PG%20Scholarship%20v1.00%20PUBLISHED.pdf"">UTS Quantitative Finance Postgraduate Scholarship.</a></p>",Science
C07132,2025.01,<p>The Quantitative Finance program provides the opportunity to acquire the detailed specialised knowledge and the professional competency required to work as a quantitative finance analyst in the modern finance industry.</p>,,"<p>This is an exit-only course. There is no direct admission to it. Current UTS students may be able to submit an Internal Course Transfer (Graduating) application to exit with this course. See the <a href=""https://www.uts.edu.au/current-students/managing-your-course/your-enrolment/enrolment-changes/course-transfer"">Course transfer</a> page for further details.</p>",Science
C09129,2025.01,"<p>The Bachelor of Mathematical Sciences (Honours) is an introduction into research training and advanced study in the areas of mathematics, statistics, data science, finance, and industrial optimisation. There is a focus on independent learning fostering professional skills such as effective time management through the hands-on experience of managing a creative project. The course challenges students to exercise more initiative and independence, and to develop greater depth of knowledge and advanced analytical skills, all attributes that are highly sought after by employers.</p>",,,Science
C10347,2025.01,"<p>The Bachelor of Advanced Science is no ordinary science degree. Designed for high achievers, it equips students with expertise in one of three disciplines at the forefront of contemporary scientific endeavour. Whether they&rsquo;re working towards careers in medicine, or they want to learn at the cutting edge of pharmaceutical or quantum sciences, students emerge ready to respond to the complex challenges that are shaping their future profession.</p> <p><strong>Why UTS Science? </strong></p> <p>UTS Science, one of Australia&rsquo;s leading university science faculties, is committed to scientific advancement that creates a more sustainable world. When students study with UTS, they join a university that delivers global impact in STEM education and research and a faculty that produces scientists with the power to transform the profession.</p>",,,Science
C09156,2025.01,"<p>The Bachelor of Medical Science Bachelor of International Studies (Honours) is an exit-point for students who have completed the International Honours pathway within the Bachelor of Medical Science Bachelor of International Studies (<a href=""https://cis-admin.uts.edu.au/courses/c10167.html"">C10167</a>).</p> <p>The Bachelor of Medical Science Bachelor of International Studies (Honours) is a combined degree that integrates medical science with the immersion in another language and culture. The medical science program is designed to educate and train graduates for careers in medical and health-related sciences or pathology depending on their major choice. In the Medical and Health-related Science major students learn the body through the study of tissues, organs and cellular facets both in health and disease, medical devices, how medicines work, as well as public health policies and clinical trials. In the Pathology major students learn how diseases trigger biochemical or cellular changes in the body and how to best diagnose and treat these diseases. Students learn by applying and investigating scientific approaches in world class laboratories with up-to-date scientific technologies and equipment in line with those used in the industry. This hands-on learning is accompanied by development of professional skills such as communication, problem solving, critical thinking, and innovation that means the students are ideally placed for a range of professions.</p> <p>In the fourth year of the combined degree, International Honours students spend an academic year studying in the local language at a university in the country of their major and also complete an honours level research project under the supervision of a relevant UTS academic.</p> <p>Entry to the International Honours pathway is dependent on students maintaining a credit average (or higher) in both their International Studies and professional degree in their first three years of study, and on the availability of placements in particular majors.</p>",,"<p>This is an exit-only course. There is no direct admission to it. Current UTS students may be able to submit an Internal Course Transfer (Graduating) application to exit with this course. See the <a href=""https://www.uts.edu.au/current-students/managing-your-course/your-enrolment/enrolment-changes/course-transfer"">Course transfer</a> page for further details.</p>",Science
C10387,2025.01,"<p>As the first forensic science degree in Australia, the world-class UTS Bachelor of Forensic Science is recognised for producing future leaders in this compelling field of practice. More than just a theoretical science degree, this course delivers a comprehensive learning experience at the intersection of STEM, information technology, law, criminology and social impact coupled with specialist expertise in a choice of four in-demand forensic science disciplines: biology, chemistry, crime scene investigation, and digital forensic science.</p> <p><strong>Why UTS Science?</strong></p> <p>UTS Science, one of Australia&rsquo;s leading university science faculties, is committed to scientific advancement that creates a more sustainable world. When students study with UTS, they join a university that delivers global impact in STEM education and research and a faculty that produces scientists with the power to transform the profession.</p>",<p>Graduates of the Chemistry major are eligible for membership of the Royal Australian Chemical Institute and the Australian and New Zealand Forensic Science Society.</p>,,Science
C10481,2025.01,,,,Science
C10457,2025.01,"<p>Mathematics sits at the foundation of everyday life. The Bachelor of Mathematical Sciences prepares students to harness the power of mathematics to drive quantifiable change in the wider world. More than just a theoretical degree, it equips students with in-demand skills that are highly sought after not only in fields traditionally aligned with mathematics but in contemporary industries seeking insights from increasingly complex numerical information.</p> <p>Students can choose from one of two majors:</p> <ul> <li>Statistics and Data Science</li> <li>Pure and Applied Mathematics</li> </ul>",,,Science
C10389,2025.01,"<p>The Bachelor of Forensic Science Bachelor of Creative Intelligence and Innovation prepares students for professional and specialist work in the discipline of forensic science. Students build a solid foundation of skills and knowledge in the enabling sciences, complemented by an in-depth understanding of forensic science in the context of their chosen discipline. Development of critical thinking and problem-solving skills is a focus of the degree, with graduates in high demand from a diverse range of industries and organisations.</p> <p>Creative intelligence and innovation training utilises multiple perspectives from diverse fields, integrating a range of industry experiences, real-world projects and self-initiated proposals, equipping graduates to address the wicked problems, complex challenges and untapped opportunities in today&#39;s world.</p>",<p>Graduates of the Chemistry major are eligible for membership of the Royal Australian Chemical Institute and the Australian and New Zealand Forensic Science Society.</p>,,Science
C07123,2025.01,"<p>The Graduate Diploma in Science is designed for two distinct groups of students, namely the professional scientists wishing to update their industry-related skills for career advancement and students considering a research degree or further education who wish to first undertake a smaller study program.</p>",,"<p>This is an exit-only course. There is no direct admission to it. Current UTS students may be able to submit an Internal Course Transfer (Graduating) application to exit with this course. See the <a href=""https://www.uts.edu.au/current-students/managing-your-course/your-enrolment/enrolment-changes/course-transfer"">Course transfer</a> page for further details.</p>",Science
C04453,2025.01,<p>Sustainable energy technologies are key to Australia achieving net zero goals and mitigating further impacts on the environment. The Master of Sustainable Energy is for individuals seeking career progression within the field and those looking to gain up-to-date knowledge about the latest innovations in sustainable energy and the impact these have across policy and practice. </p>,,,Science
C11368,2025.01,"<p>Clean and renewable energy technologies are catalysts for the current energy transformation towards a more sustainable future. The Graduate Certificate in Sustainable Energy Technologies is an advanced program for individuals who want to be equipped with the knowledge of the latest advances in clean energy, sustainability and how policies can shape the future of the sector. </p>",,,Science
C10169,2025.01,<p>The Bachelor of Molecular Biotechnology Bachelor of Business is designed to produce graduates who are prepared for scientific practice in the biotechnology industry or who are equipped for entry into business and management in science-based businesses or institutions.</p>,"<p>Depending on disciplines chosen, students may be eligible for entry to the relevant professional associations. Refer to the Bachelor of Business (<a href=""https://www.handbook.uts.edu.au/courses/c10026.html"">C10026</a>) for details on professional recognition of that award.</p>",,Science
C10482,2025.01,,,,Science
C10352,2025.01,"<p>The Bachelor of Advanced Science is no ordinary science degree. Designed for high achievers, it equips students with expertise in one of three disciplines at the forefront of contemporary scientific endeavour. Whether they&rsquo;re working towards careers in medicine, or they want to learn at the cutting edge of pharmaceutical or quantum sciences, students emerge ready to respond to the complex challenges that are shaping their future profession.</p> <p>Taking a transdisciplinary approach, the Bachelor of Creative Intelligence and Innovation utilises multiple perspectives from diverse fields, integrating a range of industry experiences, real-world projects and self-initiated proposals, equipping graduates to address the wicked problems, complex challenges and untapped opportunities in today&#39;s world.</p>",,,Science
C07136,2025.01,"<p>The Graduate Diploma in Medical Biotechnology is designed for two distinct groups of students, namely the professional scientists wishing to update their industry-related skills for career advancement and students considering a research degree.</p>",,,Science
C04388,2025.01,"<p>The Master of Medical Biotechnology (Extension) is for two distinct groups of students, namely the professional scientists wishing to update their industry-related skills for career advancement and students considering a research degree.</p>",,"<p><strong>Commonwealth Supported Places</strong></p> <p>There are a limited number of <a href=""https://www.uts.edu.au/current-students/managing-your-course/fees-and-payment/domestic-student-tuition-fees/commonwealth-supported"">Commonwealth Supported Places (CSPs)</a> within this course that are competitive and allocated on merit. Applicants must indicate on their application if they wish to be considered for a CSP.</p> <p>As applications are assessed progressively, applicants are strongly encouraged to apply early to be considered. Eligible applicants must accept their offer by the lapse date to retain their place.</p> <ul> <li>Autumn 2024 closing dates: <ul> <li>Round 1: Sunday 26 November 2023</li> <li>Round 2: Sunday 21 January 2024 (if places are available)</li> </ul> </li> <li>Spring 2024 closing dates: <ul> <li>Round 1: Sunday 26 May 2024</li> <li>Round 2: Sunday 30 June 2024 (if places are available)</li> </ul> </li> </ul> <p>Refer to <a href=""https://www.uts.edu.au/study/postgraduate/postgraduate-courses-commonwealth-supported-places-csp"">Postgraduate courses with Commonwealth Supported Places</a> for more information.</p> <p><strong>25% Academic Merit Scholarship</strong></p> <p>There is a 25% Academic Merit Scholarship available in 2024. Eligible students must commence a Master&#39;s or Master (extension) postgraduate course program in the Faculty of Science.</p> <p>For more details, refer to the <a href=""https://www.uts.edu.au/sites/default/files/2023-11/CoA_UTS%20Science%20PG%20Acad%20Merit%20Scholarship_v1.00%20PUBLISHED.pdf"" style=""box-sizing: border-box"">UTS Science Postgraduate Academic Merit Scholarship</a>.</p>",Science
C11285,2025.01,<p>The Graduate Certificate in Medical Biotechnology is suitable for those seeking a scientific qualification to assist them to gain entry into science as well as for those who are already employed but wish to gain new specialised skills to advance their area of expertise.</p>,,,Science
C04389,2025.01,<p>The Master of Phillosophy in Medical Biotechnology provides students with a unique opportunity to undertake original research and gain in-depth knowledge in their particular scientific field. Students have access to staff that are leading researchers and experts in their field. Undertaking this course allows students to explore their research potential and develop research skills. This course is designed to provide a scholarship pathway to the UTS PhD program.</p>,,<p>This course is not offered by direct entry. Admission is via Course Transfer with faculty approval.</p>,Science
C04390,2025.01,"<p>The medical biotechnology field has already transformed the way we prevent, diagnose and treat complex diseases across the globe. From biomarker discovery to the development of assays to detect disease, this rapidly growing field sits at the intersection of medical, science and engineering innovation.</p> <p>At UTS, the Master of Medical Biotechnology draws on the professional methodologies used in the university&rsquo;s world-class microscopy, mass spectrometry, proteomics and biomolecular analysis facilities. It combines theoretical learning and extensive hands-on practice with a range of professional and leadership subjects that prepare students to deliver enhanced value to future employers. For those with an interest in academia or industry-facing research, extensive elective choices enable the acquisition of high-level research and research administration skills, as well as the opportunity to contribute to a real-world research project in a UTS lab.</p> <p><strong>Explore the Master of Medical Biotechnology (Extension)</strong><br /> Students with an interest in the Master of Medical Biotechnology should also consider the UTS <a href=""https://www.uts.edu.au/study/find-a-course/master-medical-biotechnology-extension"">Master of Medical Biotechnology (Extension)</a>, a two-year program of full-time study that includes an additional 24 credit points on top of the standard Master of Medical Biotechnology curriculum. Students who complete 48 credit points of biotechnology study, including core biotechnology and professional subjects, can transfer into the <a href=""https://www.uts.edu.au/study/find-a-course/master-philosophy-medical-biotechnology"">Master of Philosophy in Medical Biotechnology</a>, which provides a direct pathway to the UTS PhD program.</p>",,"<p><strong>Commonwealth Supported Places</strong></p> <p>There are a limited number of <a href=""https://www.uts.edu.au/current-students/managing-your-course/fees-and-payment/domestic-student-tuition-fees/commonwealth-supported"">Commonwealth Supported Places (CSPs)</a> within this course that are competitive and allocated on merit. Applicants must indicate on their application if they wish to be considered for a CSP.</p> <p>As applications are assessed progressively, applicants are strongly encouraged to apply early to be considered. Eligible applicants must accept their offer by the lapse date to retain their place.</p> <ul> <li>Autumn 2024 closing dates: <ul> <li>Round 1: Sunday 26 November 2023</li> <li>Round 2: Sunday 21 January 2024 (if places are available)</li> </ul> </li> <li>Spring 2024 closing dates: <ul> <li>Round 1: Sunday 26 May 2024</li> <li>Round 2: Sunday 30 June 2024 (if places are available)</li> </ul> </li> </ul> <p>Refer to <a href=""https://www.uts.edu.au/study/postgraduate/postgraduate-courses-commonwealth-supported-places-csp"">Postgraduate courses with Commonwealth Supported Places</a> for more information.</p> <p><strong>25% Academic Merit Scholarship</strong></p> <p>There is a 25% Academic Merit Scholarship available in 2024. Eligible students must commence a Master&#39;s or Master (extension) postgraduate course program in the Faculty of Science.</p> <p>For more details, refer to the <a href=""https://www.uts.edu.au/sites/default/files/2023-11/CoA_UTS%20Science%20PG%20Acad%20Merit%20Scholarship_v1.00%20PUBLISHED.pdf"" style=""box-sizing: border-box"">UTS Science Postgraduate Academic Merit Scholarship</a>.</p>",Science
C04265,2025.01,"<p>The world-class UTS Master of Science (Extension) is an advanced science degree designed to propel students into senior roles in their chosen scientific discipline. Supported by teaching excellence, industry collaboration and access to cutting-edge facilities and technologies, students gain the theoretical, practical and professional expertise to deliver meaningful impact in the global science sector. The Master of Science (Extension) includes an additional 24 credit points of electives beyond the standard Master of Science curriculum and can be completed in two years of full-time study.</p> <p>This leading qualification supports students to further deepen or broaden their existing expertise or to tailor their learning to meet personal or professional goals. Course content combines high-level scientific skills development with professional and research opportunities, a choice of six industry-aligned majors that reflect priority areas of scientific advancement in Australia overseas, and a vast choice of elective options that includes subjects in business, intellectual property and leadership. Students work under the guidance of acclaimed scientists and mathematicians in their chosen discipline and benefit from flexible learning options that help them balance study, work and life.</p> <p><strong>Explore the Master of Science in Philosophy</strong><br /> Students who achieve a credit average in their first year of study can apply to transfer into the<a href=""https://www.uts.edu.au/study/find-a-course/master-philosophy-science""> Master of Philosophy in Science</a>. This highly specialised degree combines coursework subjects with an immersive research project, providing a direct pathway to the UTS PhD program. Students seeking a shorter course of study should consider the UTS <a href=""https://www.uts.edu.au/study/find-a-course/master-science"">Master of Science</a>.</p>",,"<p><strong>Commonwealth Supported Places</strong></p> <p>There are a limited number of <a href=""https://www.uts.edu.au/current-students/managing-your-course/fees-and-payment/domestic-student-tuition-fees/commonwealth-supported"">Commonwealth Supported Places (CSPs)</a> within this course that are competitive and allocated on merit. Applicants must indicate on their application if they wish to be considered for a CSP.</p> <p>As applications are assessed progressively, applicants are strongly encouraged to apply early to be considered. Eligible applicants must accept their offer by the lapse date to retain their place.</p> <ul> <li>Autumn 2024 closing dates: <ul> <li>Round 1: Sunday 26 November 2023</li> <li>Round 2: Sunday 21 January 2024 (if places are available)</li> </ul> </li> <li>Spring 2024 closing dates: <ul> <li>Round 1: Sunday 26 May 2024</li> <li>Round 2: Sunday 30 June 2024 (if places are available)</li> </ul> </li> </ul> <p>Refer to <a href=""https://www.uts.edu.au/study/postgraduate/postgraduate-courses-commonwealth-supported-places-csp"">Postgraduate courses with Commonwealth Supported Places</a> for more information.</p> <p><strong>25% Academic Merit Scholarship</strong></p> <p>There is a 25% Academic Merit Scholarship available in 2024. Eligible students must commence a Master&#39;s or Master (extension) postgraduate course program in the Faculty of Science.</p> <p>For more details, refer to the <a href=""https://www.uts.edu.au/sites/default/files/2023-11/CoA_UTS%20Science%20PG%20Acad%20Merit%20Scholarship_v1.00%20PUBLISHED.pdf"" style=""box-sizing: border-box"">UTS Science Postgraduate Academic Merit Scholarship</a>.</p>",Science
C04267,2025.01,<p>The Master of Philosophy in Science provides students with a unique opportunity to undertake original research and gain in-depth knowledge in their particular scientific field. Students have access to staff that are leading researchers and experts in their field. Undertaking this course allows students to explore their research potential and develop research skills. This course is designed to provide a pathway to the UTS PhD program.</p>,,<p>This course is not offered by direct entry. Admission is via Internal Course Transfer with faculty approval.</p>,Science
C10483,2025.01,,,,Science
C02104,2025.01,"<p>The PhD is a University-wide research degree which involves an intense period of supervised study and research, leading to an original and significant contribution to knowledge. This is a degree of the future and is a recognised path for those wishing to assume leadership positions in their field of specialisation.</p>",,"<p>Research degrees are offered on a sponsored, scholarship, faculty part-sponsored or full-fee-paying basis. Contact UTS: Science or the UTS: Graduate Research School for further details.</p>",Science
C04452,2025.01,"<p>The global supply of energy is one of the greatest challenges facing the world today with impacts across social, technological and economic sectors. The Master of Sustainable Leadership focuses on equipping graduates with the knowledge and skills to address sustainability challenges and develop the capabilities to lead change and innovation across industries. </p>",,,Science
C11369,2025.01,"<p>Sustainable practice is a priority across all facets of operations for industry, government, and non-profit organisations alike. The program builds skills and advanced knowledge of sustainability practice including policy, climate science, sustainable practices, and energy sources.</p>",,,Science
C11370,2025.01,"<p>The Graduate Certificate in Sustainable Leadership is for existing or future leaders who want to ensure sustainability is at the forefront of their profession. The program is designed for individuals seeking career progression or those looking to equip themselves with contemporary knowledge about advancements and how to report and present sustainability initiatives and outcomes. Topics include science data, policies, climate change and sustainability practice to develop an all-encompassing skill set for leaders, or emerging leaders, who have sustainability as one of their priorities.</p>",,,Science
C04241,2025.01,"<p>The world-class UTS Master of Science is an advanced science degree designed to propel students into senior roles in their chosen scientific discipline. Supported by teaching excellence, industry collaboration and access to cutting-edge facilities and technologies, students gain the theoretical, practical and professional expertise to deliver meaningful impact in the global science sector.</p> <p>This leading qualification combines high-level scientific skills development with professional and research opportunities and a vast choice of elective options. Students can choose from six industry-aligned majors that reflect priority areas of scientific advancement in both Australia and overseas. They study under the guidance of acclaimed scientists and mathematicians in their chosen discipline and benefit from flexible learning options that help them balance study, work and life.</p> <p>Explore the Master of Science (Extension)<br /> Students with an interest in the Master of Science should also consider the <a href=""https://www.uts.edu.au/study/find-a-course/master-science-extension"">UTS Master of Science (Extension)</a>, a two-year program of full-time study that includes an additional 24 credit points on top of the standard Master of Science curriculum. High-performing Master of Science Extension students with an interest in research can transfer into the <a href=""https://www.uts.edu.au/study/find-a-course/master-philosophy-science#:~:text=The%20Master%20of%20Philosophy%20in,and%20experts%20in%20their%20field."">Master of Philosophy in Science</a>, which provides a direct pathway to the UTS PhD program.</p>",,"<p><strong>Commonwealth Supported Places</strong></p> <p>There are a limited number of <a href=""https://www.uts.edu.au/current-students/managing-your-course/fees-and-payment/domestic-student-tuition-fees/commonwealth-supported"">Commonwealth Supported Places (CSPs)</a> within this course that are competitive and allocated on merit. Applicants must indicate on their application if they wish to be considered for a CSP.</p> <p>As applications are assessed progressively, applicants are strongly encouraged to apply early to be considered. Eligible applicants must accept their offer by the lapse date to retain their place.</p> <ul> <li>Autumn 2024 closing dates: <ul> <li>Round 1: Sunday 26 November 2023</li> <li>Round 2: Sunday 21 January 2024 (if places are available)</li> </ul> </li> <li>Spring 2024 closing dates: <ul> <li>Round 1: Sunday 26 May 2024</li> <li>Round 2: Sunday 30 June 2024 (if places are available)</li> </ul> </li> </ul> <p>Refer to <a href=""https://www.uts.edu.au/study/postgraduate/postgraduate-courses-commonwealth-supported-places-csp"">Postgraduate courses with Commonwealth Supported Places</a> for more information.</p> <p><strong>25% Academic Merit Scholarship </strong></p> <p>There is a 25% Academic Merit Scholarship available in 2024. Eligible students must commence a Master&#39;s or Master (extension) postgraduate course program in the Faculty of Science.</p> <p>For more details, refer to the <a href=""https://www.uts.edu.au/sites/default/files/2023-11/CoA_UTS%20Science%20PG%20Acad%20Merit%20Scholarship_v1.00%20PUBLISHED.pdf"">UTS Science Postgraduate Academic Merit Scholarship</a>.</p>",Science
C11364,2025.01,<p>Technologies and practices in Medical Science are innovating at a rapid rate. The UTS Graduate Certificate in Medical Science Innovation is an advanced program designed for individuals seeking career progression or those looking to equip themselves with contemporary knowledge about advancements in the sector. </p>,,,Science
C11365,2025.01,<p>Research is an important driver of the continued advancement of Medical Science. The UTS Graduate Certificate in Medical Research and Development Management is an advanced program designed to extend medical research capabilities and the leadership of research and development across industry and government environments in the medical and technology sector.</p>,,,Science
C11366,2025.01,<p>The UTS Graduate Certificate in Science Leadership is for existing or future leaders in the Medical Science sector. The program extends students&rsquo; strategic thinking and professional capabilities within a curriculum that is complemented with advanced scientific experience.</p>,,,Science
C09160,2025.01,"<p>The Bachelor of Science Bachelor of International Studies (Honours) is an exit-point for students who have completed the International Honours pathway within the Bachelor of Science Bachelor of International Studies (Honours) (<a href=""https://cis-admin.uts.edu.au/courses/c10243.html"">C10243</a>).</p> <p>The Bachelor of Science Bachelor of International Studies (Honours) is a combined degree in the sciences, language and culture. In the science component, students may select any one of the six different majors leading to the award of a science degree with the chosen major. Students can also opt not to choose a major but select a range of science subjects to tailor their study according to their interests.</p> <p>In the fourth year of the combined degree, International Honours students spend an academic year studying in the local language at a university in the country of their major and also complete an honours level research project under the supervision of a relevant UTS academic.</p> <p>Entry to the International Honours pathway is dependent on students maintaining a credit average (or higher) in both their International Studies and professional degree in their first three years of study, and on the availability of placements in particular majors.</p>",,"<p>This is an exit-only course. There is no direct admission to it. Current UTS students may be able to submit an Internal Course Transfer (Graduating) application to exit with this course. See the <a href=""https://www.uts.edu.au/current-students/managing-your-course/your-enrolment/enrolment-changes/course-transfer"">Course transfer</a> page for further details.</p>",Science
C10243,2025.01,"<p>The Bachelor of Science Bachelor of International Studies is a combined degree in the sciences, language and culture. In the science component, students may select any one of the six different majors leading to the award of a science degree with the chosen major. Students can also opt not to choose a major but select a range of science subjects to tailor their study according to their interests.</p> <p>In the International Studies component, students select one of six languages (Chinese, French, German, Italian, Japanese, or Spanish) and one of the following three pathways: Language, Culture &amp; the Professional World, Language; Culture &amp; Global Exchange; and International Honours.</p>",,<p><strong>This course information relates to students commencing a combined degree with the Bachelor of International Studies in 2023 and after. </strong>Students who commenced a combined degree with the Bachelor of Arts in International Studies prior to 2022 should refer to the Handbook for the year they commenced their degree.</p>,Science
C10330,2025.01,"<p>In the science component of this combined degree, students may select any one of nine different specialised programs leading to the award of a science degree naming the chosen discipline, or students may select a range of science subjects to tailor their study according to their interests.</p> <p>Taking a transdisciplinary approach, the Bachelor of Creative Intelligence and Innovation utilises multiple perspectives from diverse fields, integrating a range of industry experiences, real-world projects and self-initiated proposals, equipping graduates to address the wicked problems, complex challenges and untapped opportunities in today&#39;s world.</p>",,,Science
C06143,2025.01,"<p>The Graduate Diploma in Medical Laboratory Science encompasses a broad range of biomedical science disciplines and is designed to open new career prospects for science graduates in medical diagnostic laboratories and to enhance the knowledge and skills of established medical laboratory scientists. The Graduate Diploma builds on the Graduate Certificate to develop associated workplace attributes. Core subjects have been co-developed with industry experts and include the areas of Medical Microbiology, Diagnostic Pathology and Biomolecular Science to meet the specific areas of expertise required of this field.</p>",,"<p>Part-time and fully online study is available.</p> <p><strong>Commonwealth Supported Places</strong></p> <p>There are a limited number of <a href=""https://www.uts.edu.au/current-students/managing-your-course/fees-and-payment/domestic-student-tuition-fees/commonwealth-supported"">Commonwealth Supported Places (CSPs)</a> within this course that are competitive and allocated on merit. Applicants must indicate on their application if they wish to be considered for a CSP.</p> <p>As applications are assessed progressively, applicants are strongly encouraged to apply early to be considered. Eligible applicants must accept their offer by the lapse date to retain their place.</p> <ul> <li>Autumn 2024 closing dates: <ul> <li>Round 1: Sunday 26 November 2023</li> <li>Round 2: Sunday 21 January 2024 (if places are available)</li> </ul> </li> <li>Spring 2024 closing dates: <ul> <li>Round 1: Sunday 26 May 2024</li> <li>Round 2: Sunday 30 June 2024 (if places are available)</li> </ul> </li> </ul> <p>Refer to <a href=""https://www.uts.edu.au/study/postgraduate/postgraduate-courses-commonwealth-supported-places-csp"">Postgraduate courses with Commonwealth Supported Places</a> for more information.</p> <p>This course is not offered to international students.</p>",Science
C11342,2025.01,"<p>The Graduate Certificate in Medical Laboratory Science encompasses a broad range of biomedical science disciplines and is designed to open new career prospects for science graduates in medical diagnostic laboratories and to enhance the knowledge and skills of established medical laboratory scientists. Core subjects have been co-developed with industry experts and include the areas of Medical Microbiology, Diagnostic Pathology and Biomolecular Science to meet the specific areas of expertise required of this field.</p>",,"<p>Part-time and fully online study is available.</p> <p><strong>Commonwealth Supported Places</strong></p> <p>There are a limited number of <a href=""https://www.uts.edu.au/current-students/managing-your-course/fees-and-payment/domestic-student-tuition-fees/commonwealth-supported"">Commonwealth Supported Places (CSPs)</a> within this course that are competitive and allocated on merit. Applicants must indicate on their application if they wish to be considered for a CSP.</p> <p>As applications are assessed progressively, applicants are strongly encouraged to apply early to be considered. Eligible applicants must accept their offer by the lapse date to retain their place.</p> <ul> <li>Autumn 2024 closing dates: <ul> <li>Round 1: Sunday 26 November 2023</li> <li>Round 2: Sunday 21 January 2024 (if places are available)</li> </ul> </li> <li>Spring 2024 closing dates: <ul> <li>Round 1: Sunday 26 May 2024</li> <li>Round 2: Sunday 30 June 2024 (if places are available)</li> </ul> </li> </ul> <p>Refer to <a href=""https://www.uts.edu.au/study/postgraduate/postgraduate-courses-commonwealth-supported-places-csp"">Postgraduate courses with Commonwealth Supported Places</a> for more information.</p> <p>This course is not offered to international students.</p>",Science
C10162,2025.01,"<p>The Bachelor of Science Bachelor of Business is designed to produce graduates who are prepared for scientific practice or business and management in technical, financial, regulatory, environmental, health or biomedical oriented businesses, industries or government departments. Students choose one of seven specialised science majors according to their preference. Students also have a choice of major study in the business stream.</p>","<p>Depending on disciplines chosen, students may be eligible for entry to the relevant professional associations. Refer to the Bachelor of Business (<a href=""https://www.handbook.uts.edu.au/courses/c10026.html"">C10026</a>) for details on professional recognition of that award.</p>",,Science
C11363,2025.01,<p>The UTS Graduate Certificate in Public Engagement in Medical Science is an advanced program designed to enhance community-centric scientific approaches. It prepares graduates to successfully translate medical science outcomes into the public sphere by building advanced scientific experience and complementing it with rich community consultation skills.</p>,,,Science
C09149,2025.01,"<p>The Bachelor of Forensic Science Bachelor of International Studies (Honours) is an exit-point for students who have completed the International Honours pathway within the Bachelor of Forensic Science Bachelor of International Studies (<a href=""https://cis-admin.uts.edu.au/courses/c10388.html"">C10388</a>).</p> <p>The Bachelor of Forensic Science Bachelor of International Studies (Honours) prepares students for professional and specialist work in the discipline of forensic science. Students build a solid foundation of skills and knowledge in the enabling sciences, complemented by an in-depth understanding of forensic science in the context of their chosen discipline. Development of critical thinking and problem-solving skills is a focus of the degree, with graduates in high demand from a diverse range of industries and organisations.</p> <p>In the fourth year of the combined degree, International Honours students spend an academic year studying in the local language at a university in the country of their major and also complete an honours level research project under the supervision of a relevant UTS academic.</p> <p>Entry to the International Honours pathway is dependent on students maintaining a credit average (or higher) in both their International Studies and professional degree in their first three years of study, and on the availability of placements in particular majors.</p>",,"<p>This is an exit-only course. There is no direct admission to it. Current UTS students may be able to submit an Internal Course Transfer (Graduating) application to exit with this course. See the <a href=""https://www.uts.edu.au/current-students/managing-your-course/your-enrolment/enrolment-changes/course-transfer"">Course transfer</a> page for further details.</p>",Science
C10388,2025.01,"<p>The Bachelor of Forensic Science Bachelor of International Studies prepares students for professional and specialist work in the discipline of forensic science. Students build a solid foundation of skills and knowledge in the enabling sciences, complemented by an in-depth understanding of forensic science in the context of their chosen discipline. Development of critical thinking and problem-solving skills is a focus of the degree, with graduates in high demand from a diverse range of industries and organisations.</p> <p>In the International Studies component, students select one of six languages (Chinese, French, German, Italian, Japanese, or Spanish) and one of the following three pathways: Language, Culture &amp; the Professional World, Language; Culture &amp; Global Exchange; and International Honours.</p>",,<p><strong>This course information relates to students commencing a combined degree with the Bachelor of International Studies in 2022. </strong>Students who commenced a combined degree with the Bachelor of Arts in International Studies prior to 2022 should refer to the Handbook for the year they commenced their degree.</p>,Science
C10167,2025.01,"<p>The Bachelor of Medical Science Bachelor of International Studies is a combined degree that integrates medical science with the immersion in another language and culture. The medical science program is designed to educate and train graduates for careers in medical and health-related sciences or pathology depending on their major choice. In the Medical and Health-related Science major students learn the body through the study of tissues, organs and cellular facets both in health and disease, medical devices, how medicines work, as well as public health policies and clinical trials. In the Pathology major students learn how diseases trigger biochemical or cellular changes in the body and how to best diagnose and treat these diseases. Students learn by applying and investigating scientific approaches in world class laboratories with up-to-date scientific technologies and equipment in line with those used in the industry. This hands-on learning is accompanied by development of professional skills such as communication, problem solving, critical thinking, and innovation that means the students are ideally placed for a range of professions.</p> <p>In the International Studies, students select one of six languages (Chinese, French, German, Italian, Japanese, or Spanish) and one of the following three pathways: Language, Culture &amp; the Professional World, Language; Culture &amp; Global Exchange; and International Honours.</p>",,<p><strong>This course information relates to students commencing a combined degree with the Bachelor of International Studies in 2022.</strong> Students who commenced a combined degree with the Bachelor of Arts in International Studies prior to 2022 should refer to the Handbook for the year they commenced their degree.</p>,Science
C04419,2025.01,"<p>Major regulatory changes and the emergence of new types of financial risk means that skilled quantitative finance professionals are more in demand than ever. The UTS postgraduate Quantitative Finance program is recognised in Australia and overseas as a leading qualification for aspiring and established quantitative finance professionals.</p> <p>Designed by industry experts and leading UTS quantitative finance academics, the Master of Mathematics in Quantitative Finance has been designed to meet demand in this specialist field among graduates seeking to build their academic quantitative expertise. Through a combination of theoretical learning and hands-on experience, students gain the skills and professional competencies required to measure and manage risk in today&rsquo;s complex financial markets. </p> <p><strong>Explore our quantitative finance degrees</strong><br /> UTS offers a suite of postgraduate quantitative finance degrees, each with a different area of focus. Students considering the Master of Mathematics and Quantitative Finance may also be interested in the following courses:</p> <ul> <li><a href=""https://www.uts.edu.au/study/find-a-course/master-quantitative-finance"">Master of Quantitative Finance</a> </li> <li><a href=""https://www.uts.edu.au/study/find-a-course/master-data-science-quantitative-finance"">Master of Data Science in Quantitative Finance </a><br /> </li> </ul>",,"<p>Autumn intake is NOT available to international students.</p> <p><strong>Commonwealth Supported Places</strong></p> <p>There are a limited number of <a href=""https://www.uts.edu.au/current-students/managing-your-course/fees-and-payment/domestic-student-tuition-fees/commonwealth-supported"">Commonwealth Supported Places (CSPs)</a> within this course that are competitive and allocated on merit. Applicants must indicate on their application if they wish to be considered for a CSP.</p> <p>As applications are assessed progressively, applicants are strongly encouraged to apply early to be considered. Eligible applicants must accept their offer by the lapse date to retain their place.</p> <ul> <li>Autumn 2024 closing dates: <ul> <li>Round 1: Sunday 26 November 2023</li> <li>Round 2: Sunday 21 January 2024 (if places are available)</li> </ul> </li> <li>Spring 2024 closing dates: <ul> <li>Round 1: Sunday 26 May 2024</li> <li>Round 2: Sunday 30 June 2024 (if places are available)</li> </ul> </li> </ul> <p>Refer to <a href=""https://www.uts.edu.au/study/postgraduate/postgraduate-courses-commonwealth-supported-places-csp"">Postgraduate courses with Commonwealth Supported Places</a> for more information.</p> <p><strong>30% Postgraduate Scholarship</strong></p> <p>There is a 30% Postgraduate Scholarship available in 2024. Eligible students must commence one of the Master&#39;s quantitative finance courses in the Faculty of Science:</p> <ul> <li>C04373 - Master of Quantitative Finance; or</li> <li>C04418 - Master of Data Science in Quantitative Finance; or</li> <li>C04419 - Master of Mathematics and Quantitative Finance.</li> </ul> <p>For more details, refer to the <a href=""https://www.uts.edu.au/sites/default/files/2023-11/CoA_UTS%20Quantitative%20Finance%20PG%20Scholarship%20v1.00%20PUBLISHED.pdf"">UTS Quantitative Finance Postgraduate Scholarship.</a></p>",Science
C10242,2025.01,"<p>Science holds the key to many of the challenges &ndash; pandemics, climate change, antibiotic resistance &ndash; that threaten the world today. With the UTS Bachelor of Science, students can take their place at the forefront of a profession with the power to build resilience in both humanity and the planet.</p> <p>This flagship degree has been designed with flexibility in mind: with eight majors to choose from and extensive elective blocks on offer, students can build a degree that&rsquo;s uniquely theirs. In their first year, they gain access to the &lsquo;scientist&rsquo;s toolkit&rsquo;, a series of core subjects designed to help them critically analyse the ways in which science can help solve global problems.</p> <p>From there, they can dive into specialist science subjects in their chosen major, working in world-class facilities and on industry-standard equipment. Our practice-based learning approach means students learn by doing, translating scientific theory into real-world practice. But they don&rsquo;t just do it in the classroom: extensive professional experiences, from internships and field trips to global exchange placements, help bring their learning to life.</p> <p>Science is about more than just what happens in the lab. UTS science students pair the study of hard science with the development of crucial professional skills &ndash; inquiry, reflection, innovation and communication &ndash; that prepare them for a diverse and thriving career.</p>",,,Science
C04451,2025.01,"<p>Medical Science is a sector known for ongoing innovation. The UTS Master of Medical Science Leadership prepares students to lead future innovations and emerging changes. It develops leadership and professional skills, and covers contemporary practices, research advances and emerging trends and technologies within Medical Science globally. The program is for individuals seeking career progression within the field and those looking to gain up-to-date knowledge about the latest innovations across policy, practice, project and people management.</p>",,,Science
C10172,2025.01,"<p>By 2031, the global biotechnology market is expected to be valued at US$53.7 billion &ndash; which means over the coming decade, skilled biotech professionals will be more in demand than ever. Students passionate about using science to transform human and environmental outcomes can take their place in this rapidly expanding field.</p> <p>At its core, biotechnology is about manipulating the cellular and molecular processes of living organisms. With a unique hands-on learning style, UTS Bachelor of Molecular Biotechnology students work at the intersection of emerging technology and medical or environmental science to drive new innovations in human and planetary health.</p> <p><strong>Why UTS Science? </strong></p> <p>UTS Science, one of Australia&rsquo;s leading university science faculties, is committed to scientific advancement that creates a more sustainable world. When students study with UTS, they join a university that delivers global impact in STEM education and research and a faculty that produces scientists with the power to transform the profession.</p>",,,Science
C04418,2025.01,"<p>Major regulatory changes and the emergence of new types of financial risks mean that skilled quantitative finance professionals are more in demand than ever. The UTS postgraduate Quantitative Finance program is recognised in Australia and overseas as a leading qualification for aspiring and established quantitative finance professionals.</p> <p><br /> Designed by industry experts and leading UTS academics, the Master of Data Science in Quantitative Finance combines subjects from the internationally acclaimed UTS Master of Quantitative Finance with specialist study in data science and statistical modelling. Students learn to tackle data problems on new scales and at increasing levels of complexity and emerge ready to deliver advanced analysis and modelling in portfolio optimisation, market and credit risk modelling.</p> <p><br /> <strong>Explore our quantitative finance degrees</strong><br /> UTS offers a suite of postgraduate quantitative finance degrees, each with a different area of focus. Students considering the Master of Mathematics and Quantitative Finance may also be interested in the following courses:</p> <ul> <li><a href=""https://www.uts.edu.au/study/find-a-course/master-quantitative-finance"">Master of Quantitative Finance</a></li> <li><a href=""https://www.uts.edu.au/study/find-a-course/master-mathematics-and-quantitative-finance"">Master of Mathematics and Quantitative Finance</a></li> </ul>",,"<p><strong>Commonwealth Supported Places</strong></p> <p>There are a limited number of <a href=""https://www.uts.edu.au/current-students/managing-your-course/fees-and-payment/domestic-student-tuition-fees/commonwealth-supported"">Commonwealth Supported Places (CSPs)</a> within this course that are competitive and allocated on merit. Applicants must indicate on their application if they wish to be considered for a CSP.</p> <p>As applications are assessed progressively, applicants are strongly encouraged to apply early to be considered. Eligible applicants must accept their offer by the lapse date to retain their place.</p> <ul> <li>Autumn 2024 closing dates: <ul> <li>Round 1: Sunday 26 November 2023</li> <li>Round 2: Sunday 21 January 2024 (if places are available)</li> </ul> </li> <li>Spring 2024 closing dates: <ul> <li>Round 1: Sunday 26 May 2024</li> <li>Round 2: Sunday 30 June 2024 (if places are available)</li> </ul> </li> </ul> <p>Refer to <a href=""https://www.uts.edu.au/study/postgraduate/postgraduate-courses-commonwealth-supported-places-csp"">Postgraduate courses with Commonwealth Supported Places</a> for more information.</p> <p><strong>30% Postgraduate Scholarship</strong></p> <p>There is a 30% Postgraduate Scholarship available in 2024. Eligible students must commence one of the Master&#39;s quantitative finance courses in the Faculty of Science:</p> <ul> <li>C04373 - Master of Quantitative Finance; or</li> <li>C04418 - Master of Data Science in Quantitative Finance; or</li> <li>C04419 - Master of Mathematics and Quantitative Finance.</li> </ul> <p>For more details, refer to the <a href=""https://www.uts.edu.au/sites/default/files/2023-11/CoA_UTS%20Quantitative%20Finance%20PG%20Scholarship%20v1.00%20PUBLISHED.pdf"">UTS Quantitative Finance Postgraduate Scholarship.</a></p>",Science
C10228,2025.01,"<p>On a warming planet, the health of the planet&rsquo;s oceans is more critical than ever. The uniquely hands-on UTS Bachelor of Marine Biology and Climate Change is the only degree of its kind in the Sydney region. It responds to Australia&rsquo;s ongoing investment in the future of the Blue Economy by producing graduates who can shape the future of our vital marine ecosystems.</p> <p>Taught through the lens of climate change, course content spans the study of marine and aquatic environments delivered as a combination of theory, lab, and fieldwork experiences.</p> <p><strong>Why UTS Science? </strong></p> <p>UTS Science, one of Australia&rsquo;s leading university science faculties, is committed to scientific advancement that creates a more sustainable world. When students study with UTS, they join a university that delivers global impact in STEM education and research and a faculty that produces scientists with the power to transform the profession.</p>",<p>The course is recognised by the Australian Marine Science Association</p>,,Science
C09168,2025.01,"<p>Science holds the key to many of the challenges &ndash; pandemics, climate change, antibiotic resistance &ndash; that threaten the world today. With the UTS Bachelor of Science, students can take their place at the forefront of a profession with the power to build resilience in both humanity and the planet.</p> <p>The Bachelor of Science (Honours) degree includes an additional research year on top of the standard <a href=""https://www.uts.edu.au/study/find-a-course/bachelor-science"">Bachelor of Science</a> curriculum. Available to high-performing students, this leading qualification is comprised of a year-long original research project in a professional scientific environment. With a choice of four disciplines, students can further develop specialist expertise in their chosen area of science and build high-level science research skills that are highly valued by employers.</p> <p><strong>Why UTS Science?</strong><br /> UTS Science, one of Australia&rsquo;s leading university science faculties, is committed to scientific advancement that creates a more sustainable world. When students study with UTS, they join a university that delivers global impact in STEM education and research and a faculty that produces scientists with the power to transform the profession. </p>",,,Science
C04448,2025.01,"<p>The Master of Science Master of Business Administration produces &lsquo;lab to leadership&#39; professionals who can operate at the cutting edge of business practice and scientific innovation. Drawing on the world-leading curriculum of these two flagship UTS degrees, this one-of-a-kind qualification equips students with expertise in their chosen area of science; core business skills such as finance, marketing and change management; and specialist business-science knowledge that plays a key role in realising research impact.</p> <p>Supported by teaching excellence, industry collaboration and access to cutting-edge facilities and technologies in both the Faculty of Science and the UTS Business School, students gain the theoretical, practical and professional expertise to deliver meaningful impact in the global science sector and in other industries where science has the power to drive change. Graduates emerge as scientific leaders, strategic thinkers and creative problem solvers, ready to lead where science and business meet.</p>",,,Science
C09031,2025.01,"<p>The Bachelor of Medical Science (Honours) includes an additional research year on top of the standard <a href=""https://www.uts.edu.au/study/find-a-course/bachelor-medical-science"">Bachelor of Medical Science</a> curriculum, which combines the study of health science with technical, professional and communication-centric subjects taught by leading researchers and medical science practitioners</p> <p>Available to high-performing students, this leading qualification is comprised of a year-long original research project in a professional medical science environment. Students can further develop their expertise in this specialist discipline and build high-level science research skills that are highly valued by employers.</p> <p><strong>Why UTS Science?</strong><br /> UTS Science, one of Australia&rsquo;s leading university science faculties, is committed to scientific advancement that creates a more sustainable world. When students study with UTS, they join a university that delivers global impact in STEM education and research and a faculty that produces scientists with the power to transform the profession. </p>",,,Science
C10184,2025.01,"<p>Shape the future of human health with a uniquely hands-on degree from one of Australia&rsquo;s leading science faculties. The UTS Bachelor of Medical Science combines the study of health science with technical, professional and communication-centric subjects taught by leading researchers and medical science practitioners. Graduates emerge ready to create, innovate and implement solutions to pressing medical and health care problems or to progress to postgraduate study in a range of health and science disciplines.</p> <p><strong>Why UTS Science?</strong></p> <p>UTS Science, one of Australia&#39;s leading university science faculties, is committed to scientific advancement that creates a more sustainable world. When students study with UTS, they join a university that delivers global impact in STEM education and research and a faculty that produces scientists with the power to transform the profession.</p>",,,Science
C09155,2025.01,"<p>The Bachelor of Mathematical Sciences Bachelor of International Studies (Honours) is an exit-point for students who have completed the International Honours pathway within the Bachelor of Mathematical Sciences Bachelor of International Studies (<a href=""https://cis-admin.uts.edu.au/courses/c10458.html"">C10458</a>).</p> <p>The course is an exciting combined degree in mathematical sciences, language and cultures. It enables students with a strong interest in mathematics, statistics, and data to grow and develop skills that are in high demand in the modern work force. The basis is a comprehensive foundation of core mathematical competencies, combined with one of four Majors, ensuring graduates have the knowledge and skills to develop and adapt in the rapidly changing work environment.</p> <p>Mathematical Sciences focuses on the application of mathematical techniques to real-world problems. The core provides a broad mathematical foundation, while each major provides depth of study. International study is unique allowing students to gain qualifications in language and cultural awareness for a country of their choice. This added dimension expands students&rsquo; career opportunities and employability in the global workplace.</p> <p>In the fourth year of the combined degree, International Honours students spend an academic year studying in the local language at a university in the country of their major and also complete an honours level research project under the supervision of a relevant UTS academic.</p> <p>Entry to the International Honours pathway is dependent on students maintaining a credit average (or higher) in both their International Studies and professional degree in their first three years of study, and on the availability of placements in particular majors.</p>",,"<p>This is an exit-only course. There is no direct admission to it. Current UTS students may be able to submit an Internal Course Transfer (Graduating) application to exit with this course. See the <a href=""https://www.uts.edu.au/current-students/managing-your-course/your-enrolment/enrolment-changes/course-transfer"">Course transfer</a> page for further details.</p>",Science
C10458,2025.01,"<p>Bachelor of Mathematical Sciences Bachelor of International Studies is an exciting combined degree in mathematical sciences, language and cultures. It enables students with a strong interest in mathematics, statistics, and data to grow and develop skills that are in high demand in the modern work force. The basis is a comprehensive foundation of core mathematical competencies, combined with one of four majors, ensuring graduates have the knowledge and skills to develop and adapt in the rapidly changing work environment.</p> <p>Mathematical sciences focuses on the application of mathematical techniques to real-world problems.</p> <p>In the International Studies, students select one of six languages (Chinese, French, German, Italian, Japanese, or Spanish) and one of the following three pathways: Language, Culture &amp; the Professional World, Language; Culture &amp; Global Exchange; and International Honours.</p>",,<p><strong>This course information relates to students commencing a combined degree with the Bachelor of International Studies in 2022.</strong> Students who commenced a combined degree with the Bachelor of Arts in International Studies prior to 2022 should refer to the Handbook for the year they commenced their degree.</p>,Science
C11283,2025.01,"<p>Students enrolled in the Master of Speech Pathology (<a href=""/courses/c04386.html"">C04386</a>) can apply to transfer into this exit-only course after completing 24 credit points of specified study and gain a graduate certificate qualification.</p>",,"<p>This is an exit-only course. There is no direct admission to it. Current UTS students may be able to submit an Internal Course Transfer (Graduating) application to exit with this course. See the <a href=""https://www.uts.edu.au/current-students/managing-your-course/your-enrolment/enrolment-changes/course-transfer"">Course transfer</a> page for further details.</p>",Health (GEM)
C06115,2025.01,"<p>The Graduate Diploma in Good Manufacturing Practice provides up-to-date and in-depth good manufacturing practice (GMP) knowledge within the pharmaceutical, biotechnology and medical device industries. It provides critical knowledge regarding regulations, compliance/GxP, product development and quality assurance within this heavily regulated industry, an essential ingredient for career development.</p>",,,Health (GEM)
C11260,2025.01,"<p>Students enrolled in the Master of Physiotherapy (<a href=""/courses/c04306.html"">C04306</a>) can apply to transfer into this exit-only course after completing 24 credit points of specified study and gain a graduate certificate qualification.</p>",,"<p>This is an exit-only course. There is no direct admission to it. Current UTS students may be able to submit an Internal Course Transfer (Graduating) application to exit with this course. See the <a href=""https://www.uts.edu.au/current-students/managing-your-course/your-enrolment/enrolment-changes/course-transfer"">Course transfer</a> page for further details.</p>",Health (GEM)
C03053,2025.01,"<p>This course is intended for registered pharmacists, or students who have completed a registrable pharmacy degree, and wish to pursue a career in pharmacy research or gain a competitive advantage in their career by completing an additional postgraduate qualification. Students gain research skills and expertise in their area of research interest, and demonstrate their outstanding academic ability and commitment to pharmacy through the completion of the degree.</p>",,,Health (GEM)
C03054,2025.01,"<p>The Master of Pharmaceutical Sciences (Research) is intended for students who have completed a relevant degree in science or wish to pursue a career in pharmaceutical sciences research or gain a competitive advantage in their career by completing an additional postgraduate qualification. Students in this course gain research skills, technical skills and expertise in their area of research interest and demonstrate their outstanding academic ability and commitment to pharmaceutical science through the completion of the degree.</p>",,,Health (GEM)
C03056,2025.01,"<p>This course is intended for orthoptists, or students who have completed a relevant degree, who wish to pursue a career in research or gain a competitive advantage in their career by completing an additional postgraduate qualification. Students gain research skills and expertise in their area of research interest, and demonstrate their outstanding academic ability and commitment to orthoptics through the completion of the degree.</p>",,,Health (GEM)
C03059,2025.01,"<p>This course is intended for physiotherapists, or students who have completed a physiotherapy degree either at a bachelor&#39;s level or graduate-entry master&#39;s level registrable in Australia, and who wish to pursue a career in research or gain a competitive advantage in their career by completing an additional postgraduate qualification. Students gain research skills and expertise in their area of research interest, and demonstrate their outstanding academic ability and commitment to physiotherapy through the completion of the degree.</p>",,,Health (GEM)
C04386,2025.01,"<p>The UTS Master of Speech Pathology is a two-year, graduate-entry course. Grounded firmly in the profession with an innovative and practice-based approach, the course enables students to actively participate in learning as they acquire the clinical and professional skills needed to enter the profession of speech pathology.</p>",<p>The Master of Speech Pathology program is fully accredited with Speech Pathology Australia. Graduates are qualified to practice as Speech Pathologists in Australia and are eligible to apply for certified practicing membership of Speech Pathology Australia.</p>,<p>Applications have now closed for the 2024 intake.</p>,Health (GEM)
C04252,2025.01,"<p>The Master of Pharmacy is an <a href=""https://www.uts.edu.au/future-students/health-gem/courses/pharmacy-courses/why-uts-pharmacy"">accredited</a> two-year graduate-entry degree leading to eligibility for registration as a pharmacist. <a href=""http://www.uts.edu.au/future-students/health-gem/pharmacy/practice-based-learning"">Innovative and practice-based</a> in approach, the course builds on students&#39; strong scientific foundation to provide specialist, comprehensive knowledge relevant to contemporary pharmacy practice. In addition to the pharmaceutical sciences, this includes professional pharmacy services, integrated therapeutics and the unique capstone subject, <a href=""/subjects/96014.html"">96014</a> Molecule to Market. Two elective subjects provide students with the opportunity to individualise their studies.</p>","<p>This program has been granted accreditation by the <a href=""https://www.pharmacycouncil.org.au/"">Australian Pharmacy Council</a> and is approved by the Pharmacy Board of Australia as a qualification leading to registration as a pharmacist in Australia.</p> <p>Upon completion of the degree, graduates must complete a compulsory pre-registration training period and Intern Training Program in order to be eligible for registration.</p> <p><strong>International students</strong></p> <p>International students intending to apply for registration with the Pharmacy Board of Australia must meet the <a href=""http://www.pharmacyboard.gov.au/Registration-Standards.aspx"">Pharmacy English Language Skills Registration Standard</a>.</p>","<p>It is recommended that domestic and international students apply before 31 October. Applications will close once all places have been filled. It is recommended to apply early, as applications and eligibility for interview will be assessed on a rolling basis.</p> <p>Indigenous applicants should apply via <a href=""https://student-portal.uts.edu.au/"">UTS Student Portal</a> and will be contacted by the Professor of Practice in Indigenous Health with further information. Indigenous applicants are welcome to submit cultural and/or community referees to accompany their application.</p> <p><strong>Commonwealth Supported Places</strong></p> <p>There are a limited number of <a href=""https://www.uts.edu.au/current-students/managing-your-course/fees-and-payment/domestic-student-tuition-fees/commonwealth-supported"">Commonwealth Supported Places (CSPs)</a> within this course that are competitive and allocated on merit. Applicants must indicate on their application if they wish to be considered for a CSP.</p> <p>As applications are assessed progressively, applicants are strongly encouraged to apply early to be considered. Eligible applicants must accept their offer by the lapse date to retain their place.</p> <ul> <li>Autumn 2024 closing dates: <ul> <li>Round 1: Sunday 26 November 2023</li> <li>Round 2: Sunday 21 January 2024 (if places are available)</li> </ul> </li> </ul> <p>Please note that due to the competitive nature of the course, applicants may not receive your CSP outcome until commencement of Autumn B session. Refer to <a href=""https://www.uts.edu.au/study/postgraduate/postgraduate-courses-commonwealth-supported-places-csp"">Postgraduate courses with Commonwealth Supported Places</a> for more information.</p>",Health (GEM)
C06127,2025.01,"<p>Students enrolled in the Master of Genetic Counselling (<a href=""/courses/c04374.html"">C04374</a>) can apply to transfer into this exit-only course after completing 48 credit points of specified study and gain a graduate diploma qualification.</p>","<p>Students who exit the Master of Genetic Counselling (<a href=""/courses/c04374.html"">C04374</a>) with a Graduate Diploma in Genetic Counselling are not eligible to be listed on the HGSA register of genetic counsellors or to undertake certification as a genetic counsellor.</p>","<p>This is an exit-only course. There is no direct admission to it. Current UTS students may be able to submit an Internal Course Transfer (Graduating) application to exit with this course. See the <a href=""https://www.uts.edu.au/current-students/managing-your-course/your-enrolment/enrolment-changes/course-transfer"">Course transfer</a> page for further details.</p>",Health (GEM)
C11277,2025.01,"<p>Students enrolled in the Master of Genetic Counselling (<a href=""/courses/c04374.html"">C04374</a>) can apply to transfer into this exit-only course after completing 24 credit points of specified study and gain a graduate certificate qualification.</p>","<p>Students who exit the Master of Genetic Counselling (<a href=""/courses/c04374.html"">C04374</a>) with a Graduate Certificate in Genetic Counselling are not eligible to to be on the HGSA register of genetic counsellors or to undertake certification as a genetic counsellor.</p>","<p>This is an exit-only course. There is no direct admission to it. Current UTS students may be able to submit an Internal Course Transfer (Graduating) application to exit with this course. See the <a href=""https://www.uts.edu.au/current-students/managing-your-course/your-enrolment/enrolment-changes/course-transfer"">Course transfer</a> page for further details.</p>",Health (GEM)
C03057,2025.01,"<p>This course is intended for registered clinical psychologists, or students who have completed a registrable psychology degree, who wish to pursue a career in research or gain a competitive advantage in their career by completing an additional postgraduate qualification. Students gain research skills and expertise in their area of research interest, and demonstrate their outstanding academic ability and commitment to clinical psychology through the completion of the degree.</p>",,,Health (GEM)
C03062,2025.01,"<p>This course is intended for speech pathologists, or others who have completed a relevant undergraduate degree and wish to pursue a career that includes research or gain a competitive advantage in their career by completing an additional postgraduate qualification. Students gain research skills and expertise in their area of research interest, and demonstrate their outstanding academic ability and commitment to their field through the completion of the degree.</p>",,,Health (GEM)
C04301,2025.01,"<p>The Master of Good Manufacturing Practice provides up-to-date and in-depth good manufacturing practice (GMP) knowledge within the pharmaceutical, biotechnology and medical device industries. The course provides critical knowledge of legislation relating to the registration, manufacture, storage and supply of licenced therapeutic goods; GxP and quality systems compliance; and the concepts of quality management, risk management, aseptic practices, supply chain, clinical trials, quality assurance and quality control within this heavily regulated industry &ndash; all essential ingredients for career development.</p>",,,Health (GEM)
C11292,2025.01,"<p>Students enrolled in the Master of Orthoptics (<a href=""/courses/c04299.html"">C04299</a>) can apply to transfer into this exit-only course after completing 24 credit points of specified study and gain a graduate certificate qualification.</p>",,"<p>This is an exit-only course. There is no direct admission to it. Current UTS students may be able to submit an Internal Course Transfer (Graduating) application to exit with this course. See the <a href=""https://www.uts.edu.au/current-students/managing-your-course/your-enrolment/enrolment-changes/course-transfer"">Course transfer</a> page for further details.</p>",Health (GEM)
C07141,2025.01,"<p>Students enrolled in the Master of Orthoptics (<a href=""/courses/c04299.html"">C04299</a>) can apply to transfer into this exit-only course after completing 48 credit points of specified study and gain a graduate diploma qualification.</p>",,"<p>This is an exit-only course. There is no direct admission to it. Current UTS students may be able to submit an Internal Course Transfer (Graduating) application to exit with this course. See the <a href=""https://www.uts.edu.au/current-students/managing-your-course/your-enrolment/enrolment-changes/course-transfer"">Course transfer</a> page for further details.</p>",Health (GEM)
C04395,2025.01,"<p>The Master of Pharmacy (International) is an accredited three-year graduate-entry degree leading to eligibility for registration as a pharmacist. The course is an Australian first, extending the Master of Pharmacy (<a href=""/courses/c04252.html"">C04252</a>) program to include a one-year overseas clinical placement. This allows students to expand their knowledge even further, gaining practice-based experience of pharmacy in a global context and an understanding of the international factors that influence pharmacy practice and healthcare provision. Overseas clinical placements include those in Canada, Germany or the United Kingdom. Language and culture subjects cater to both beginners and students with prior language knowledge. The course is <a href=""http://www.uts.edu.au/future-students/health-gem/pharmacy/practice-based-learning"">innovative and practice-based</a> in approach, building on students&#39; strong scientific foundation to provide specialist, comprehensive knowledge relevant to contemporary pharmacy practice. In addition to the pharmaceutical sciences, this includes professional pharmacy services, integrated therapeutics and the unique capstone subject, <a href=""/subjects/96014.html"">96014</a> Molecule to Market. Two elective subjects provide students with the opportunity to individualise their studies.</p>","<p>This program has been granted accreditation by the <a href=""https://www.pharmacycouncil.org.au/"">Australian Pharmacy Council</a> and is approved by the Pharmacy Board of Australia as a qualification leading to registration as a pharmacist in Australia.</p> <p>Upon completion of the degree, graduates must complete a compulsory pre-registration training period and Intern Training Program in order to be eligible for registration.</p> <p><strong>International students</strong></p> <p>International students intending to apply for registration with the Pharmacy Board of Australia must meet the <a href=""http://www.pharmacyboard.gov.au/Registration-Standards.aspx"">Pharmacy English Language Skills Registration Standard</a>.</p>","<p>It is recommended that domestic and international students apply before 31 October. Applications will close once all places have been filled. It is recommended to apply early, as applications and eligibility for interview will be assessed on a rolling basis.</p> <p>Indigenous applicants should apply via <a href=""https://student-portal.uts.edu.au/"">UTS Student Portal</a> and will be contacted by the Professor of Practice in Indigenous Health with further information. Indigenous applicants are welcome to submit cultural and/or community referees to accompany their application.</p> <p><strong>Commonwealth Supported Places</strong></p> <p>There are a limited number of <a href=""https://www.uts.edu.au/current-students/managing-your-course/fees-and-payment/domestic-student-tuition-fees/commonwealth-supported"">Commonwealth Supported Places (CSPs)</a> within this course that are competitive and allocated on merit. Applicants must indicate on their application if they wish to be considered for a CSP.</p> <p>As applications are assessed progressively, applicants are strongly encouraged to apply early to be considered. Eligible applicants must accept their offer by the lapse date to retain their place.</p> <ul> <li>Autumn 2024 closing dates: <ul> <li>Round 1: Sunday 26 November 2023</li> <li>Round 2: Sunday 21 January 2024 (if places are available)</li> </ul> </li> </ul> <p>Please note that due to the competitive nature of the course, applicants may not receive your CSP outcome until commencement of Autumn B session. Refer to <a href=""https://www.uts.edu.au/study/postgraduate/postgraduate-courses-commonwealth-supported-places-csp"">Postgraduate courses with Commonwealth Supported Places</a> for more information.</p>",Health (GEM)
C42017,2025.01,,,,Health (GEM)
C06118,2025.01,"<p>Students enrolled in the Master of Physiotherapy (<a href=""/courses/c04306.html"">C04306</a>) can apply to transfer into this exit-only course after completing 48 credit points of specified study and gain a graduate diploma qualification.</p>",,"<p>This is an exit-only course. There is no direct admission to it. Current UTS students may be able to submit an Internal Course Transfer (Graduating) application to exit with this course. See the <a href=""https://www.uts.edu.au/current-students/managing-your-course/your-enrolment/enrolment-changes/course-transfer"">Course transfer</a> page for further details.</p>",Health (GEM)
C03061,2025.01,"<p>This course is intended for genetic counsellors, or students who have completed a relevant degree, who wish to pursue a career in research or gain a competitive advantage in their career by completing an additional postgraduate qualification. Students gain research skills and expertise in their area of research interest, and demonstrate their outstanding academic ability and commitment to genetic counselling through completion of the degree.</p>",,,Health (GEM)
C04300,2025.01,"<p>The UTS Master of Clinical Psychology provides students with a practice-based and research-led education in clinical psychology, encompassing on-campus and online learning, on-campus and off-campus clinical placement, and research. The course is delivered in custom-built, state-of-the-art <a href=""https://www.uts.edu.au/about/graduate-school-health/one-hundred-broadway"">facilities</a> including the on-campus <a href=""https://www.uts.edu.au/about/graduate-school-health/clinical-psychology/what-we-do/uts-psychology-clinic"">100 Broadway Clinic</a>.</p>","<p>The Master of Clinical Psychology provides the fifth and sixth year of study required to register as a psychologist in Australia. Graduates are eligible, following two years of supervised practice (external to the university), for endorsement as a clinical psychologist with the Psychology Board of Australia (PsyBA) and full membership of the Australian Psychological Society, College of Clinical Psychologists, and/or the Australian Clinical Psychology Association.</p> <p>The UTS program has full accreditation by the Australian Psychology Accreditation Council (APAC).</p>",<p>Applications have now closed for the 2024 intake.</p>,Health (GEM)
C11249,2025.01,"<p>The Graduate Certificate in Good Manufacturing Practice provides up-to-date and in-depth good manufacturing practice (GMP) knowledge within the pharmaceutical, biotechnology and medical device industries. The course provides critical knowledge regarding regulations, compliance/GxP, product development and quality assurance within this heavily regulated industry, an essential ingredient for career development or ongoing study.</p>",,,Health (GEM)
C04374,2025.01,"<p>The two-year, graduate entry coursework Master of Genetic Counselling is the entry-level qualification for work as a genetic counsellor. This program is developed and delivered by experienced genetic counsellors and researchers, supported by expert learning designers, broad consultation with the genetic counselling profession and a skilled Curriculum Advisory Committee.</p>",<p>A two-year Master of Genetic Counselling from a program accredited by the Human Genetics Society of Australasia (HGSA) is required in order to apply for active status (MHGSA) on the genetic counselling register through the HGSA. Active registered candidates can then complete a portfolio of work in order to complete certification as a genetic counsellor and become a Fellow of the Human Genetics Society of Australasia (FHGSA).</p> <p>The UTS Master of Genetic Counselling is accredited by the HGSA.</p>,<p>Applications have now closed for the 2024 intake.</p>,Health (GEM)
C06130,2025.01,"<p>Students enrolled in the Master of Speech Pathology (<a href=""/courses/c04386.html"">C04386</a>) can apply to transfer into this exit-only course after completing 48 credit points of specified study and gain a graduate diploma qualification.</p>",,"<p>This is an exit-only course. There is no direct admission to it. Current UTS students may be able to submit an Internal Course Transfer (Graduating) application to exit with this course. See the <a href=""https://www.uts.edu.au/current-students/managing-your-course/your-enrolment/enrolment-changes/course-transfer"">Course transfer</a> page for further details.</p>",Health (GEM)
C11352,2025.01,<p>Students enrolled in the Graduate Diploma in Psychology (C06148) can apply to transfer into this exit-only course after completing 24 credit points of specified study and gain a graduate certificate qualification.</p>,<p>This course is not accredited with the Australian Psychology Accreditation Council (APAC) and does not lead to a psychology registration.</p>,"<p>This is an exit-only course. There is no direct admission to it. Current UTS students may be able to submit an Internal Course Transfer (Graduating) application to exit with this course. See the <a href=""https://www.uts.edu.au/current-students/managing-your-course/your-enrolment/enrolment-changes/course-transfer"">Course transfer</a> page for further details.</p>",Health (GEM)
C06148,2025.01,"<p>Individuals with psychology skills are in high demand across industries such as healthcare, education, marketing, science and research, and more &ndash; and this demand is forecasted to grow in the future.</p> <p>The UTS Online Graduate Diploma in Psychology is designed for those seeking to use the power of psychology to help change lives within multiple contexts. Students of this course gain broad and coherent knowledge and skills in psychological science grounded in industry-leading standards of ethical thinking and cultural responsiveness.</p>",<p>This UTS program is accredited with conditions by the Australian Psychology Accreditation Council (APAC).</p>,<p>This course is offered fully online. </p>,Health (GEM)
C09169,2025.01,"<p>The Bachelor of Psychology (Honours) develops advanced knowledge and skills in psychology to better understand the mind, brain and behaviour. Our psychology degrees have been designed in line with the latest Australian Psychology Accreditation Council and American Psychological Association guidelines, as well as the Australian Indigenous Psychology Education Project frameworks. This ensures that students receive cutting-edge and internationally relevant knowledge and skillsets that are highly valued by diverse employers. Students apply psychology to many of the biggest challenges currently faced by individuals and society, including climate change and sustainability, misinformation, cybersecurity, ageing populations, human-computer interaction, and change management.</p>","<p>This course is a four-year undergraduate degree providing the second step (i.e., APAC Level 2 pre-professional competencies*) on the pathway towards becoming a professionally accredited psychologist in Australia. Graduates of the four-year degree are eligible to apply for further training in the APAC Level 3 professional competencies, which form the third step on the pathway towards becoming a professionally accredited psychologist in Australia.</p> <p>*This course is accredited by APAC <a href=""https://apac.au/accredited-programs/program-status/"">with conditions</a>.</p>","<p>UTS undergraduate psychology courses are accredited by APAC with conditions. UTS is in the process of applying to have each course considered as a professional pathway course, which if approved, would lead to psychology-based units being funded under Cluster 2.</p>",Health (GEM)
C10477,2025.01,"<p>The Bachelor of Psychology develops knowledge and skills in psychology to better understand the mind, brain and behaviour. Our psychology degrees have been designed in line with the latest Australian Psychology Accreditation Council and American Psychological Association guidelines, as well as the Australian Indigenous Psychology Education Project frameworks. This ensures that students receive cutting-edge and internationally relevant knowledge and skillsets that are highly valued by diverse employers. Students apply psychology to many of the biggest challenges currently faced by individuals and society, including climate change and sustainability, misinformation, cybersecurity, ageing populations, human-computer interaction, and change management.</p>","<p>This course provides the first step (i.e., APAC Level 1 foundational competencies*) on the pathway towards becoming a professionally accredited psychologist. Students may be eligible to apply for an additional fourth year Honours program (i.e., APAC Level 2 pre-professional competencies) which is the second step on the pathway towards becoming a professionally accredited psychologist.</p> <p>*This course is accredited by APAC <a href=""https://apac.au/accredited-programs/program-status/"">with conditions</a>.</p>","<p>UTS undergraduate psychology courses are accredited by APAC with conditions. UTS is in the process of applying to have each course considered as a professional pathway course, which if approved, would lead to psychology-based units being funded under Cluster 2.</p>",Health (GEM)
C10478,2025.01,"<p>The Bachelor of Psychology Bachelor of Criminology develops student knowledge and skills in psychology and applied criminology to better understand the human brain and behaviour, and to measure and evaluate crime and its effects. Students also gain an understanding of the major factors associated with criminal behaviour. The course provides practical social science knowledge and skills needed for professions focused on crime prevention, detection, enforcement or the broader social implications and challenges of crime. The course also provides the first step (i.e., APAC Level 1 foundational competencies*) on the pathway towards becoming a professionally accredited psychologist.</p>","<p>This course provides the first step (i.e., APAC Level 1 foundational competencies*) on the pathway towards becoming a professionally accredited psychologist. Students may be eligible to apply for an additional fourth year Honours program, leading to APAC Level 2 pre-professional competencies which are the second step on the pathway towards becoming a professionally accredited psychologist in Australia.</p> <p>*This course is accredited by APAC <a href=""https://apac.au/accredited-programs/program-status/"">with conditions</a>.</p>","<p>UTS undergraduate psychology courses are accredited by APAC with conditions. UTS is in the process of applying to have each course considered as a professional pathway course, which if approved, would lead to psychology-based units being funded under Cluster 2.</p>",Health (GEM)
C11375,2025.01,"<p>The Graduate Certificate in Genetic Counselling Skills is an online skills-based qualification providing access to training to enhance the provision of genomic healthcare. This program is developed and delivered by experienced genetic counsellors, genetic counselling experts and online educators, supported by expert learning designers, and a skilled Curriculum Development Committee. </p>","<p>Graduates will be equipped to use genetic counselling skills in the provision of information obtained from genetic and genomic healthcare. Graduates will not be eligible to register or practice as a genetic counsellor in Australia or New Zealand, unless they go on to complete a Master of Genetic Counselling that is accredited by the Human Genetics Society of Australasia for registration as a genetic counsellor.</p>",,Health (GEM)
C06100,2025.01,"<p>Transfer is for students enrolled in the Master of Pharmacy (<a href=""/courses/c04252.html"">C04252</a>) and Master of Pharmacy (International) (<a href=""https://handbook.uts.edu.au/courses/c04395.html"">C04395</a>).</p>",,"<p>This is an exit-only course. There is no direct admission to it. Current UTS students may be able to submit an Internal Course Transfer (Graduating) application to exit with this course. See the <a href=""https://www.uts.edu.au/current-students/managing-your-course/your-enrolment/enrolment-changes/course-transfer"">Course transfer</a> page for further details.</p>",Health (GEM)
C04299,2025.01,"<p>The Master of Orthoptics provides the requisite in-depth knowledge, skills and experience to work as an <a href=""http://www.uts.edu.au/future-students/health-gem/orthoptics/what-orthoptics"">orthoptist</a> in the multidisciplinary eye healthcare sector. <a href=""http://www.uts.edu.au/future-students/health-gem/orthoptics/practice-based-learning"">Innovative and practice-based</a> in approach, it enables the development of specialist knowledge and skills while preparing students for changing practices in response to new evidence and rapidly emerging medical technologies. The UTS Master of Orthoptics is the only postgraduate course for orthoptics in Australia.</p>","<p>The Master of Orthoptics is fully accredited by the Australian Orthoptic Board. Upon completion of the degree, graduates are eligible for registration as an orthoptist.</p>","<p>It is recommended that domestic and international students apply before 31 October. Applications will close once all places have been filled. It is recommended to apply early, as applications and eligibility for interview will be assessed on a rolling basis.</p> <p>Indigenous applicants should apply via <a href=""https://student-portal.uts.edu.au/"">UTS Student Portal</a> and will be contacted by the Professor of Practice in Indigenous Health with further information. Indigenous applicants are welcome to submit cultural and/or community referees to accompany their application.</p>",Health (GEM)
C06149,2025.01,"<p>The UTS Online Graduate Diploma in Psychology (Advanced) is a contemporary, practical course that has been developed by leading academics and experienced practitioners at the forefront of psychological science.</p> <p>This course is for career builders in psychology who seek powerful and positive change to serve the lives of communities, organisations, individuals, and themselves. Students prepare for a rich career in psychology by honing their skills as a scientist-practitioner and researcher in the framework of social responsibility and leadership.</p> <p>Following a modern curriculum guided by the latest American Psychological Association Guidelines and the Australian Indigenous Psychology Education Project, students of this course are part of an emerging mental health workforce that works effectively with, and for, Indigenous Australians.</p>",<p>This UTS program is accredited with conditions by the Australian Psychology Accreditation Council (APAC).</p>,<p>This course is offered fully online. </p>,Health (GEM)
C09170,2025.01,"<p>The Bachelor of Psychological Science (Honours) prepares students for diverse career pathways in the future workforce. This degree offers the second step (APAC Level 2 pre-professional competencies) towards becoming a registered psychologist as well as transferable skills increasingly demanded by a range of employers. Students develop advanced knowledge and skills in psychology, including research methods and data analysis, applied psychological assessment and intervention, and professional and ethical practice in psychology. A capstone year-long research project involves completion of a supervised thesis examining an individual research question. </p>","<p>This course provides the second step (i.e., APAC Level 2 pre-professional competencies*) on the pathway towards becoming a professionally accredited psychologist in Australia. Graduates are eligible to apply for further training in the APAC Level 3 professional competencies, which form the third step on the pathway towards becoming a professionally accredited psychologist in Australia.</p> <p>*This course is accredited by APAC with conditions.</p>","<p>UTS undergraduate psychology courses are accredited by APAC with conditions. UTS is in the process of applying to have each course considered as a professional pathway course, which if approved, would lead to psychology-based units being funded under Cluster 2.</p> <p>The first intake in this course will be in 2027.</p>",Health (GEM)
C11230,2025.01,"<p>Transfer is for students enrolled in the Master of Pharmacy (<a href=""/courses/c04252.html"">C04252</a>) and Master of Pharmacy (International) (<a href=""https://handbook.uts.edu.au/courses/c04395.html"">C04395</a>).</p>",,"<p>This is an exit-only course. There is no direct admission to it. Current UTS students may be able to submit an Internal Course Transfer (Graduating) application to exit with this course. See the <a href=""https://www.uts.edu.au/current-students/managing-your-course/your-enrolment/enrolment-changes/course-transfer"">Course transfer</a> page for further details.</p>",Health (GEM)
C04306,2025.01,"<p>The Master of Physiotherapy is a two-year, graduate-entry degree leading to eligibility for registration as a physiotherapist in Australia. <a href=""https://www.uts.edu.au/future-students/health-gem/physiotherapy/practice-based-learning"">Innovative and practice-based</a> in approach, the course&#39;s core areas of study include musculoskeletal, neurological, orthopaedic and cardiorespiratory physiotherapy across the lifespan.</p>","<p>The Master of Physiotherapy is fully accredited by the Australian Physiotherapy Council, and approved by the Australian Physiotherapy Board of Australia and the Australian Health Practitioner Regulation Agency (AHPRA) as a qualification leading to registration as a physiotherapist in Australia.</p>",<p>Applications have now closed for the 2024 intake.</p>,Health (GEM)
C01001,2025.01,,,,General
C01002,2025.01,,,,General
C01003,2025.01,,,,General
C01004,2025.01,,,,General
C01005,2025.01,,,,General
C30010,2025.01,,,<p>This course is only offered to Aboriginal and Torres Strait Islander people.</p> <p>This course is not offered to international students.</p>,General
C41020,2025.01,,,,General
C50002,2025.01,,,<p>This course is not offered to international students.</p>,General
C50008,2025.01,,,,General
C22032,2025.01,,,,General
C50009,2025.01,,,,General
C30017,2025.01,,,<p>This course is not offered to international students.</p>,General
C30018,2025.01,,,,General
C03032,2025.01,"<p>This degree involves a period of supervised study and research, culminating in the submission of a thesis. It is offered to both local and international students.</p>",,"<p>Research degrees are offered on a sponsored, scholarship or full-fee-paying basis. Contact the Institute for Sustainable Futures or the UTS: Graduate Research School for further details.</p>",General
C30019,2025.01,,,,General
C30020,2025.01,,,,General
C30023,2025.01,,,<p>This course is not offered to international students.</p>,General
C30024,2025.01,,,<p>This course is not offered to international students.</p>,General
C02107,2025.01,"<p>The PhD is a University-wide research degree which involves an intense period of supervised study and research, leading to an original and significant contribution to knowledge. This is a degree of the future and is a recognised path for those wishing to assume leadership positions in their field of specialisation.</p>",,,General
C30025,2025.01,,,,General
C22029,2025.01,,,,General
C30028,2025.01,,,,General
C02098,2025.01,"<p>The PhD is a University-wide research degree which involves an intense period of supervised study and research, leading to an original and significant contribution to knowledge. This is a degree of the future and is a recognised path for those wishing to assume leadership positions in their field of specialisation.</p>",,<p>Research degrees are offered on a sponsored or full-fee-paying basis. Contact the Faculty of Arts and Social Sciences or the UTS Graduate Research School for further details. </p>,General
C30022,2025.01,,,<p>This course is not offered to international students.</p>,General
C02105,2025.01,"<p>The PhD is a University-wide research degree which involves an intense period of supervised study and research, leading to an original and significant contribution to knowledge. This is a degree of the future and is a recognised path for those wishing to assume leadership positions in their field of specialisation.</p>",,"<p>Research degrees are offered on a sponsored, scholarship, faculty part-sponsored or full-fee-paying basis. Contact UTS: Science or the UTS: Graduate Research School for further details.</p>",General
C02106,2025.01,"<p>The PhD is a University-wide research degree which involves an intense period of supervised study and research, leading to an original and significant contribution to knowledge. This is a degree of the future and is a recognised path for those wishing to assume leadership positions in their field of specialisation.</p>",,"<p>Research degrees are offered on a sponsored, scholarship or full-fee-paying basis. Contact the Institute for Sustainable Futures or the UTS: Graduate Research School for further details.</p>",General
C30026,2025.01,,,,General
C02101,2025.01,"<p>The PhD is a University-wide research degree which involves an intense period of supervised study and research, leading to an original and significant contribution to knowledge. This is a degree of the future and is a recognised path for those wishing to assume leadership positions in their field of specialisation.</p>",,<p>Research degrees are offered on a sponsored or full-fee-paying basis. Contact the UTS Graduate Research School for further details. </p>,General
C30027,2025.01,,,,General
C50006,2025.01,,,,General
C50007,2025.01,,,,General
C30021,2025.01,,,<p>This course is not offered to international students.</p>,General
C02091,2025.01,"<p>The Doctor of Philosophy (PhD) is a University-wide research degree which involves an intense period of supervised study and research, leading to an original and significant contribution to knowledge. This is a degree of the future and is a recognised path for those wishing to assume leadership positions in their field of specialisation.</p>",,<p>Research degrees are offered on a sponsored or full-fee-paying basis. Contact the UTS Graduate Research School for further details</p>,General
C02092,2025.01,"<p>The PhD is a University-wide research degree which involves an intense period of supervised study and research, leading to an original and significant contribution to knowledge. This is a degree of the future and is a recognised path for those wishing to assume leadership positions in their field of specialisation.</p>",,<p>Research degrees are offered on a sponsored or full-fee-paying basis. Contact the UTS Graduate Research School for further details. </p>,General
C02093,2025.01,"<p>The PhD is a University-wide research degree which involves an intense period of supervised study and research, leading to an original and significant contribution to knowledge. This is a degree of the future and is a recognised path for those wishing to assume leadership positions in their field of specialisation. </p>",,,General
C02102,2025.01,"<p>The PhD is a University-wide research degree which involves an intense period of supervised study and research, leading to an original and significant contribution to knowledge. This is a degree of the future and is a recognised path for those wishing to assume leadership positions in their field of specialisation.</p>",,<p>Research degrees are offered on a sponsored or full-fee-paying basis. Contact the UTS Graduate Research School for further details. </p>,General
C02103,2025.01,"<p>The PhD is a University-wide research degree which involves an intense period of supervised study and research, leading to an original and significant contribution to knowledge. This is a degree of the future and is a recognised path for those wishing to assume leadership positions in their field of specialisation.</p>",,<p>Research degrees are offered on a sponsored or full-fee-paying basis. Contact the UTS Graduate Research School for further details.</p>,General
C02100,2025.01,"<p>The PhD is a University-wide research degree which involves an intense period of supervised study and research, leading to an original and significant contribution to knowledge. This is a degree of the future and is a recognised path for those wishing to assume leadership positions in their field of specialisation.</p>",,<p>Research degrees are offered on a sponsored or full-fee-paying basis. Contact the UTS Graduate Research School for further details.</p>,General
C22028,2025.01,,,,General
C02090,2025.01,"<p>The PhD is a University-wide degree which involves an intense period of supervised study and research, culminating in the submission of a thesis. The degree is awarded to candidates who, through original investigation, make a distinct and significant contribution to knowledge in their field of specialisation.</p>",,<p>Research degrees are offered on a sponsored or full-fee-paying basis. Contact the UTS Graduate Research School for further details.</p>,General
C06124,2025.01,"<p>The Graduate Diploma in Data Science and Innovation is a nested qualification within the Master of Data Science and Innovation (<a href=""/courses/c04372.html"">C04372</a>), a world-leading program of study in analytics and data science.</p> <p>Taking a transdisciplinary approach, the master&#39;s course utilises a range of perspectives from diverse fields and integrates them with industry experiences, real-world projects and self-directed study, equipping graduates with an understanding of the potential of analytics to transform practice. The course is delivered in a range of modes, including contemporary online and face-to-face learning experiences in UTS&#39;s leading-edge facilities.</p>",,,Transdisciplinary Innovation
C42018,2025.01,,,,Transdisciplinary Innovation
C03063,2025.01,"<p>This postgraduate research degree provides an opportunity for graduates to develop their research skills, to deepen their knowledge in an selected area of study and to undertake some original, independent research. Students are supported throughout the degree by a supervisor(s) and panel of academic and industry collaborators. The degree provides students with the experience and expert knowledge needed to confidently approach PhD studies or a research career in a chosen field.</p>",,,Transdisciplinary Innovation
C41025,2025.01,,,,Transdisciplinary Innovation
C11274,2025.01,"<p>The Graduate Certificate in Data Science and Innovation is designed for students to gain data science skills in a fast-paced mode. It has a flexible and comprehensive course structure with a group of fundamental and advanced subjects. This allows people with different backgrounds and learning objectives to take the course either as a fast-track pathway into the data science industry, or to develop specialised skills to further enhance their data science career.</p> <p>Taking a transdisciplinary approach, the course integrates fundamental theories with industry experiences, real-world projects and self-directed study, equipping graduates with an understanding of the potential of analytics to transform practice. The course is delivered in a range of modes, including contemporary online and face-to-face learning experiences in UTS&#39;s leading-edge facilities.</p> <p>Upon successful completion of the graduate certificate, students can also choose to progress to the Graduate Diploma in Data Science and Innovation (<a href=""https://handbook.uts.edu.au/courses/c06124.html"">C60124</a>) or Master of Data Science and Innovation (<a href=""https://handbook.uts.edu.au/courses/c04372.html"">C04372</a>), a world-leading program of study in analytics and data science.</p>",,<p>No further Commonwealth-supported places available for 2024.</p>,Transdisciplinary Innovation
C04372,2025.01,"<p>The Master of Data Science and Innovation is a world-leading program of study in analytics and data science.</p> <p>Taking a transdisciplinary approach, the course utilises a range of perspectives from diverse fields and integrates them with industry experiences, real-world projects and self-directed study, equipping graduates with an understanding of the potential of analytics to transform practice. The course is delivered in a range of modes, including contemporary online and face-to-face learning experiences in UTS&#39;s leading-edge facilities.</p> <p>Industry partnerships and engagement are a core part of the course. The course curriculum and subjects are co- designed and developed by UTS academic data experts and industry partners, and regularly reviewed and updated to keep up with the current market needs and latest data science trends. During the course study, students have abundant opportunities working on real world data sets/projects. </p>",,"<p>Depending on qualifications and work experience, C04372 can be taken with either 2-year duration or 1.5-year duration. If you have relevant work experience, you may qualify for the accelerated version of the course with 1-year full time duration <a href=""https://handbook.uts.edu.au/courses/c04370.html"">C04370</a>.</p>",Transdisciplinary Innovation
C11335,2025.01,"<p>How do we educate people for a rapidly changing, uncertain and complex world? What kind of education futures do we want to make?</p> <p>The Graduate Certificate in Transdisciplinary Learning is for educators, learning professionals and education leaders who want to think differently about the education and professional learning challenges we face, whether in the education sector (schools, TAFE, universities), industry, public sector or community. By reimagining education as transdisciplinary, the course explores the generative potential of collectives and collaboration across disciplinary boundaries. Participants study transdisciplinary learning as it occurs in real-time, reframe problems and trial problem solving approaches, develop educational prototypes and design inquiry, all in the process of testing the worth of transdisciplinary practices, methods and strategies in operation. With its focus on collective learning, the course engages participants in designing learning opportunities that prepare young people and professionals for dealing creatively, critically and ethically with ambiguous challenges.</p> <p>Designed with busy professionals in mind, the course provides a range of flexible learning pathways to suit individual needs. Self-paced, fully online small credit-point subjects (also offered as microcredentials) provide participants with mentoring opportunities to probe transdisciplinary learning approaches in the context of their own practice and collegial communities. In the studio subjects, participants contribute to immersive, online collaborative sessions. They work on small-scale challenge projects and generate novel, actionable educational proposals or experiments that can enable individuals, teams, communities and industries to flourish into the future. The lab subject connects participants with live research projects centred on educational or professional learning initiatives and collective action.</p>",,<p>This course will not be offered in 2024.</p>,Transdisciplinary Innovation
C09122,2025.01,"<p>The Bachelor of Creative Intelligence and Innovation (Honours) offers training in research to prepare students for further postgraduate research study in the transdisciplinary innovation area.</p> <p>This course provides students opportunities to be exposed to professional practice through engagement with industry and community mentors as well as to work on research that addresses real-world challenges. Honours also provides a pathway for students interested in pursuing postgraduate studies at masters and PhD level, and enhances graduates&#39; career and study options.</p>",,<p>The course is only open to students who are currently undertaking a combined Bachelor of Creative Intelligence and Innovation degree.</p>,Transdisciplinary Innovation
C04370,2025.01,"<p>The Master of Data Science and Innovation (48cp) is a world-leading program of study in analytics and data science, specifically designed for professionals who have work experience in Data Analytics or IT but wish to enhance their career prospects in Data Science.</p> <p>Taking a transdisciplinary approach to learning, the course leverages students&#39; rich industry experience, utilises a range of perspectives from diverse fields, and integrates them with hands-on training in innovative approaches and creative thinking towards data problems, equipping graduates with advanced and transferrable skills to leverage the latest data science approaches and best practices in tackling complex problems across a broad range of industries, sectors, and organisations.</p>",,"<p>C04370 is a 1-year full-time or 2-year part-time course. If you are not qualified, UTS also offers the same course with 2-year and 1.5-year duration entries <a href=""https://handbook.uts.edu.au/courses/c04372.html"">C04372</a></p>",Transdisciplinary Innovation
C04403,2025.01,"<p>The Master of Creative Intelligence and Strategic Innovation (MCISI) is a new type of postgraduate offering specifically positioned to transform professional capacities to develop new ways to respond to the open, complex, dynamic and networked problems they now face in their work.</p> <p>This course provides flexible transdisciplinary professional learning pathways that allow participants to creatively traverse the boundaries between disciplines, professional fields and sectors to stimulate innovation. It also enables groups of participants from partner organisations to learn by immersing themselves in authentic transdisciplinary professional learning experiences, working with staff across UTS and international experts on the re-invention of their organisations, professions, and sectors based on emerging transdisciplinary ways of working.</p> <p>The course has been designed to suit both the needs of partner organisations and individual participants&rsquo; aspirations by offering flexible, blended, and bespoke elements.</p>",,<p>This course is also available to international students by distance mode only. International students are not eligible for a student visa to study this course in Australia.</p>,Transdisciplinary Innovation
C06135,2025.01,"<p>This course is based on the master&#39;s program, but requires fewer units of study. In most circumstances, participants can choose to progress to the Master of Creative Intelligence and Strategic Innovation on satisfactory completion of this course.</p>",,<p>This course is also available to international students by distance mode only. International students are not eligible for a student visa to study this course in Australia.</p>,Transdisciplinary Innovation
C11297,2025.01,"<p>This course consists of five different types of learning activities delivered through a blended learning environment, combining the best of face-to face and online learning. It is one of the courses in the Master of Creative Intelligence and Strategic Innovation set.</p>",,<p>This course is also available to international students by distance mode only. International students are not eligible for a student visa to study this course in Australia.</p>,Transdisciplinary Innovation
C11380,2025.01,,,,Transdisciplinary Innovation
C04464,2025.01,,,,Transdisciplinary Innovation
C20060,2025.01,"<p>The Diploma in Innovation (<a href=""https://handbook.uts.edu.au/courses/c20060.html"">C20060</a>) is exclusive to UTS and is designed to be taken concurrently with almost any undergraduate degree program at UTS. It teaches innovation, supports personal transformation and provides the practical skills and professional networks needed to support the change makers, innovators, inventors and inventions of the future.</p> <p>All UTS undergraduate students (with the exception of students concurrently enrolled in the Bachelor of Creative Intelligence and Innovation) can enrol in the Diploma in Innovation upon admission in their chosen undergraduate degree. It is a complete course program that runs in parallel to any undergraduate degree or as further learning.</p> <p>This program includes award-winning international industry best practices and guests to support the future innovators, founders and employees of our increasingly networked and globalised world. Apply today at https://dipinn.uts.edu.au.</p>",,<p>The Diploma in Innovation is not offered as a stand-alone degree and can only be undertaken alongside a UTS undergraduate bachelor&#39;s degree.</p>,Transdisciplinary Innovation
C06154,2025.01,,,,Transdisciplinary Innovation
C04463,2025.01,,,,Transdisciplinary Innovation
C10394,2025.01,,,<p>This course is not offered to international students.</p>,Creative Intelligence and Innovation
C10325,2025.01,"<p>The Bachelor of Design in Architecture is the first of two degrees needed to become an architect. Students wishing to qualify for professional recognition as an architect must also complete the Master of Architecture (<a href=""/courses/c04235.html"">C04235</a>). UTS architecture courses provide the skills and knowledge necessary to practise in the architectural profession and to be a future leader in the design of the built environment.</p> <p>Taking a transdisciplinary approach, the Bachelor of Creative Intelligence and Innovation utilises multiple perspectives from diverse fields, integrating a range of industry experiences, real-world projects and self-initiated proposals, equipping graduates to address the wicked problems, complex challenges and untapped opportunities in today&#39;s world.</p>","<p>The Bachelor of Design in Architecture followed by the Master of Architecture (<a href=""/courses/c04235.html"">C04235</a>) is accredited for professional recognition by the NSW Architects Registration Board, the Australian Institute of Architects and the Commonwealth Association of Architects.</p>","<p>The Bachelor of Design in Architecture by itself does not lead to professional recognition as an architect. To become a professional architect, students must complete this degree followed by the Master of Architecture (<a href=""/courses/c04235.html"">C04235</a>) (an additional two years of full-time study or equivalent).</p>",Creative Intelligence and Innovation
C10329,2025.01,"<p>This course incorporates midwifery theory, science and clinical practice in a range of health facilities. Graduates of the course are competent midwives who have the skills, knowledge and confidence to practise midwifery according to the international definition of the role and scope of practice of the midwife.</p> <p>Taking a transdisciplinary approach, the Bachelor of Creative Intelligence and Innovation utilises multiple perspectives from diverse fields, integrating a range of industry experiences, real-world projects and self-initiated proposals, equipping graduates to address the wicked problems, complex challenges and untapped opportunities in today&#39;s world.</p>",<p>This course is subject to accreditation by the Australian Nursing and Midwifery Accreditation Council (ANMAC) and approval by the Nursing and Midwifery Board of Australia (NMBA).</p>,<p>This course is not offered to international students.</p>,Creative Intelligence and Innovation
C10322,2025.01,"<p>With a strong emphasis on creativity and technology, the Bachelor of Design in Interior Architecture is the first university program of its kind in Australia. The course focuses on design studios that incorporate advanced communication and technology skills with innovative design thinking and practice. While interior design is an established profession, spatial design encompasses a range of connected practices that engage directly and creatively with space, from designing an exhibition to directing a performance.</p> <p>Taking a transdisciplinary approach, the Bachelor of Creative Intelligence and Innovation utilises multiple perspectives from diverse fields, integrating a range of industry experiences, real-world projects and self-initiated proposals, equipping graduates to address the wicked problems, complex challenges and untapped opportunities in today&#39;s world.</p>",<p>Design Institute of Australia; International Federation of Interior Architects/Designers; Interior Design/Interior Architecture Educators Association (IDEA)</p>,,Creative Intelligence and Innovation
C10328,2025.01,"<p>The Bachelor of Sport and Exercise Science meets the demand for professionals able to provide physical activity services to all sectors of the community.</p> <p>Taking a transdisciplinary approach, the Bachelor of Creative Intelligence and Innovation utilises multiple perspectives from diverse fields, integrating a range of industry experiences, real-world projects and self-initiated proposals, equipping graduates to address the wicked problems, complex challenges and untapped opportunities in today&#39;s world.</p>","<p>Accreditation with Exercise and Sports Science Australia (ESSA) for those who select the Exercise Science major; the Australian Physiotherapy Council for those who go on to complete Master of Physiotherapy. Please note that ESSA requires all individuals seeking initial accreditation to meet the <a href=""https://www.essa.org.au/Public/Professional_Standards/English_Language_Requirements.aspx"">English Language Requirements</a>.</p>",,Creative Intelligence and Innovation
C09076,2025.01,"<p>This course is a comprehensive preparation for careers in the professional practice of engineering. Students learn to deal with complex systems and manage large-scale projects using the most appropriate emerging technologies.</p> <p>Taking a transdisciplinary approach, Creative Intelligence and Innovation utilises multiple perspectives from diverse fields, integrating a range of industry experiences, real-world projects and self-initiated proposals, equipping graduates to address the wicked problems, complex challenges and untapped opportunities in today&#39;s world.</p>","<p>The Bachelor of Engineering (Honours), majoring in Civil Engineering, Civil and Environmental Engineering, Electrical Engineering, Flexible Engineering, Mechanical Engineering, Mechanical and Mechatronic Engineering, or Mechatronic Engineering, is fully accredited by <a href=""http://www.engineersaustralia.org.au/"">Engineers Australia</a> at the level of Professional Engineer and is recognised internationally by signatories to the <a href=""http://www.ieagreements.org/accords/washington"">Washington Accord</a>. Biomedical Engineering, Data Science Engineering, Electrical and Electronic Engineering, Electronic Engineering, and Software Engineering majors are provisionally accredited with Engineers Australia, pending full accreditation. UTS is currently seeking provisional accreditation of the Chemical Process Engineering and Renewable Energy Engineering majors.</p>",,Creative Intelligence and Innovation
C10351,2025.01,"<p>The UTS Bachelor of Nursing course prepares students for the exciting and challenging role of the Registered Nurse. This course is comprised of a comprehensive range of theoretical and clinical nursing subjects that together provide the knowledge, skills and professional values graduates require to provide safe, effective and compassionate nursing care. Our graduates are well prepared for clinical practice and are highly sought after for employment in a wide range of healthcare settings across Australian and internationally.</p> <p>Taking a transdisciplinary approach, the Bachelor of Creative Intelligence and Innovation utilises multiple perspectives from diverse fields, integrating a range of industry experiences, real-world projects and self-initiated proposals, equipping graduates to address the wicked problems, complex challenges and untapped opportunities in today&#39;s world.</p>",<p>This course is subject to accreditation by the Australian Nursing and Midwifery Accreditation Council (ANMAC) and approval by the Nursing and Midwifery Board of Australia (NMBA).</p>,"<p>For course specific information see the <a href=""https://www.handbook.uts.edu.au/files/Inherent_Requirements_Statement-Bachelor_of_Nursing_2022.pdf"">Nursing Inherent (Essential) Requirements Statement</a>.</p>",Creative Intelligence and Innovation
C10321,2025.01,"<p>The Bachelor of Design in Fashion and Textiles has been designed to enable students to create pathways of learning as they progress through the degree with a flexible and diverse approach to learning. Emphasis throughout this practice-based course is placed on value, innovation, creativity and responsible practice. Students should develop flexibility and confidence in working across the diverse environments that constitute contemporary practice.</p> <p>Taking a transdisciplinary approach, the Bachelor of Creative Intelligence and Innovation utilises multiple perspectives from diverse fields, integrating a range of industry experiences, real-world projects and self-initiated proposals, equipping graduates to address the wicked problems, complex challenges and untapped opportunities in today&#39;s world.</p>",,,Creative Intelligence and Innovation
C10324,2025.01,"<p>This distinctive degree explores diverse forms of visual communication across design, culture and media. Visual Communication students acquire in depth understanding of the histories, practices and meanings of the visual world. In turn, obtaining the visual knowledge and skills required to negotiate rapidly changing technology, visual media and culture while becoming skilled in apprehending the unprecedented pace at which visual images, visual technologies and information data are produced. </p> <p>Taking a transdisciplinary approach, the Bachelor of Creative Intelligence and Innovation utilises multiple perspectives from diverse fields, integrating a range of industry experiences, real-world projects and self-initiated proposals, equipping graduates to address the wicked problems, complex challenges and untapped opportunities in today&#39;s world.</p>",,,Creative Intelligence and Innovation
C10327,2025.01,"<p>This course offers a sound education in all aspects of computing and information technology for students who intend to make a career in the profession.</p> <p>Taking a transdisciplinary approach, the Bachelor of Creative Intelligence and Innovation utilises multiple perspectives from diverse fields, integrating a range of industry experiences, real-world projects and self-initiated proposals, equipping graduates to address the wicked problems, complex challenges and untapped opportunities in today&#39;s world.</p>","<p>Graduates are eligible to apply for professional-level membership of the <a href=""https://www.acs.org.au"">Australian Computer Society</a>.</p>",,Creative Intelligence and Innovation
C10323,2025.01,"<p>The course offers a practice-based approach to learning through the integration of digital and analogue technologies across the broad field of integrated product design, as well as the potential for specialisation within highly contemporary and innovative integrated product design practices.</p> <p>Taking a transdisciplinary approach, the Bachelor of Creative Intelligence and Innovation utilises multiple perspectives from diverse fields, integrating a range of industry experiences, real-world projects and self-initiated proposals, equipping graduates to address the wicked problems, complex challenges and untapped opportunities in today&#39;s world.</p>",,,Creative Intelligence and Innovation
POC0001,2025.01,"<p> This is a test load for POC Pellentesque habitant morbi tristique senectus et netus et malesuada fames ac turpis egestas. Vestibulum tortor quam, feugiat vitae, ultricies eget, tempor sit amet, ante. Donec eu libero sit amet quam egestas semper. Aenean ultricies mi vitae est. Mauris placerat eleifend leo.</p>",,Test load POC 1,Business
POC0002,2025.01,<p> This is a test load for POC.</p,,Test load POC 2,Law
,,,,,
,,,,,
,,,,,
,,,,,
,,,,,
,,,,,
,,,,,
,,,,,
,,,,,
,,,,,
,,,,,
,,,,,
,,,,,
,,,,,
,,,,,
,,,,,
,,,,,
,,,,,
,,,,,
,,,,,
,,,,,
,,,,,
,,,,,
,,,,,
,,,,,
,,,,,
,,,,,
,,,,,
,,,,,
,,,,,
,,,,,
,,,,,
,,,,,
,,,,,
,,,,,
,,,,,
,,,,,
,,,,,
,,,,,
,,,,,
,,,,,
,,,,,
,,,,,
,,,,,
,,,,,
,,,,,
,,,,,
,,,,,
,,,,,
,,,,,
,,,,,
,,,,,
,,,,,
,,,,,
,,,,,
,,,,,
,,,,,
,,,,,
,,,,,
,,,,,
,,,,,
,,,,,
,,,,,
,,,,,
,,,,,
,,,,,
,,,,,
,,,,,
,,,,,
,,,,,
,,,,,
,,,,,
,,,,,
,,,,,
,,,,,
,,,,,
,,,,,
,,,,,
,,,,,
,,,,,
,,,,,
,,,,,
,,,,,
,,,,,
,,,,,
,,,,,
,,,,,
,,,,,
,,,,,
,,,,,
,,,,,
,,,,,
,,,,,
,,,,,
,,,,,
,,,,,
,,,,,
,,,,,
,,,,,
,,,,,
,,,,,
,,,,,
,,,,,
,,,,,
,,,,,
,,,,,
,,,,,
,,,,,
,,,,,
,,,,,
,,,,,
,,,,,
,,,,,
,,,,,
,,,,,
,,,,,
,,,,,
,,,,,
,,,,,
,,,,,
,,,,,
,,,,,
,,,,,
,,,,,
,,,,,
,,,,,
,,,,,
,,,,,
,,,,,
,,,,,
,,,,,
,,,,,
,,,,,
,,,,,
,,,,,
,,,,,
,,,,,
,,,,,
,,,,,
,,,,,
,,,,,
,,,,,
,,,,,
,,,,,
,,,,,
,,,,,
,,,,,
,,,,,
,,,,,
,,,,,
,,,,,
,,,,,
,,,,,
,,,,,
,,,,,
,,,,,
,,,,,
,,,,,
,,,,,
,,,,,
,,,,,
,,,,,
,,,,,
,,,,,
,,,,,
,,,,,
,,,,,
,,,,,
,,,,,
,,,,,
,,,,,
,,,,,
,,,,,
,,,,,
,,,,,
,,,,,
,,,,,
,,,,,
,,,,,
,,,,,
,,,,,
,,,,,
,,,,,
,,,,,
,,,,,
,,,,,
,,,,,
,,,,,
,,,,,
,,,,,
,,,,,
,,,,,
,,,,,
,,,,,
,,,,,
,,,,,
,,,,,
,,,,,
,,,,,
,,,,,
,,,,,
,,,,,
,,,,,
,,,,,
,,,,,
,,,,,
,,,,,
,,,,,
,,,,,
,,,,,
,,,,,
,,,,,
,,,,,
,,,,,
,,,,,
,,,,,
,,,,,
,,,,,
,,,,,
,,,,,
,,,,,
,,,,,
,,,,,
,,,,,
,,,,,
,,,,,
,,,,,
,,,,,
,,,,,
,,,,,
,,,,,
,,,,,
,,,,,
,,,,,
,,,,,
,,,,,
,,,,,
,,,,,
,,,,,
,,,,,
,,,,,
,,,,,
,,,,,
,,,,,
,,,,,
,,,,,
,,,,,
,,,,,
,,,,,
,,,,,
,,,,,
,,,,,
,,,,,
,,,,,
,,,,,
,,,,,
,,,,,
,,,,,
,,,,,
,,,,,
,,,,,
,,,,,
,,,,,
,,,,,
,,,,,
,,,,,
,,,,,
,,,,,
,,,,,
,,,,,
,,,,,
,,,,,
,,,,,
,,,,,
,,,,,
,,,,,
,,,,,
,,,,,
,,,,,
,,,,,
,,,,,
,,,,,
,,,,,
,,,,,
,,,,,
,,,,,
,,,,,
,,,,,
,,,,,
,,,,,
,,,,,
,,,,,
,,,,,
,,,,,
,,,,,
,,,,,
,,,,,
,,,,,
,,,,,
,,,,,
,,,,,
,,,,,
,,,,,
,,,,,
,,,,,
,,,,,
,,,,,
,,,,,
,,,,,
,,,,,
,,,,,
,,,,,
,,,,,
,,,,,
,,,,,
,,,,,
,,,,,
,,,,,
,,,,,
,,,,,
,,,,,
,,,,,
,,,,,
,,,,,
,,,,,
,,,,,
,,,,,
,,,,,
,,,,,
,,,,,
,,,,,
,,,,,
,,,,,
,,,,,
,,,,,
,,,,,
,,,,,
,,,,,
,,,,,
,,,,,
,,,,,
,,,,,
,,,,,
,,,,,
,,,,,
,,,,,
,,,,,
,,,,,
,,,,,
,,,,,
,,,,,
,,,,,
,,,,,
,,,,,
,,,,,
,,,,,
,,,,,
,,,,,
,,,,,
,,,,,
,,,,,
,,,,,
,,,,,
,,,,,
,,,,,
,,,,,
,,,,,
,,,,,
,,,,,
,,,,,
,,,,,
,,,,,
,,,,,
,,,,,
,,,,,
,,,,,
,,,,,
,,,,,
,,,,,
,,,,,
,,,,,
,,,,,
,,,,,
,,,,,
,,,,,
,,,,,
,,,,,
,,,,,
,,,,,
,,,,,
,,,,,
,,,,,
,,,,,
,,,,,
,,,,,
,,,,,
,,,,,
,,,,,
,,,,,
,,,,,
,,,,,
,,,,,
,,,,,
,,,,,
,,,,,
,,,,,
,,,,,
,,,,,
,,,,,
,,,,,
,,,,,
,,,,,
,,,,,
,,,,,
,,,,,
,,,,,
,,,,,
,,,,,
,,,,,
,,,,,
,,,,,
,,,,,
,,,,,
,,,,,
,,,,,
,,,,,
,,,,,
,,,,,
,,,,,
,,,,,
,,,,,
,,,,,
,,,,,
,,,,,
,,,,,
,,,,,
,,,,,
,,,,,
,,,,,
,,,,,
,,,,,
,,,,,
,,,,,
,,,,,
,,,,,
,,,,,
,,,,,
,,,,,
,,,,,
,,,,,
,,,,,
,,,,,
,,,,,
,,,,,
,,,,,
,,,,,
,,,,,
,,,,,
,,,,,
,,,,,
,,,,,
,,,,,
,,,,,
,,,,,
,,,,,
,,,,,
,,,,,
,,,,,
,,,,,
,,,,,
,,,,,
,,,,,
,,,,,
,,,,,
,,,,,
,,,,,
,,,,,
,,,,,
,,,,,
,,,,,
,,,,,
,,,,,
,,,,,
,,,,,
,,,,,
,,,,,
,,,,,
,,,,,
,,,,,
,,,,,
,,,,,
,,,,,
,,,,,
,,,,,
,,,,,
,,,,,
,,,,,
,,,,,
,,,,,
,,,,,
,,,,,
,,,,,
,,,,,
,,,,,
,,,,,
,,,,,
,,,,,
,,,,,
,,,,,
,,,,,
,,,,,
,,,,,
,,,,,
,,,,,
,,,,,
,,,,,
,,,,,
,,,,,
,,,,,
,,,,,
,,,,,
,,,,,
,,,,,
,,,,,
,,,,,
,,,,,
,,,,,
,,,,,
,,,,,
,,,,,
,,,,,
,,,,,
,,,,,
,,,,,
,,,,,
,,,,,
,,,,,
,,,,,
,,,,,
,,,,,
,,,,,
,,,,,
,,,,,
,,,,,
,,,,,
,,,,,
,,,,,
,,,,,
,,,,,
,,,,,
,,,,,
,,,,,
,,,,,
,,,,,
,,,,,
,,,,,
,,,,,
,,,,,
,,,,,
,,,,,
,,,,,
,,,,,
,,,,,
,,,,,
,,,,,
,,,,,
,,,,,
,,,,,
,,,,,
,,,,,
,,,,,
,,,,,
,,,,,
,,,,,
,,,,,
,,,,,
,,,,,
,,,,,
,,,,,
,,,,,
,,,,,
,,,,,
,,,,,
,,,,,
,,,,,
,,,,,
,,,,,
,,,,,
,,,,,
,,,,,
,,,,,
,,,,,
,,,,,
,,,,,
,,,,,
,,,,,
,,,,,
,,,,,
,,,,,
,,,,,
,,,,,
,,,,,
,,,,,
,,,,,
,,,,,
,,,,,
,,,,,
,,,,,
,,,,,
,,,,,
,,,,,
,,,,,
,,,,,
,,,,,
,,,,,
,,,,,
,,,,,
,,,,,
,,,,,
,,,,,
,,,,,
,,,,,
,,,,,
,,,,,
,,,,,
,,,,,
,,,,,
,,,,,
,,,,,
,,,,,
,,,,,
,,,,,
,,,,,
,,,,,
,,,,,
,,,,,
,,,,,
,,,,,
,,,,,
,,,,,
,,,,,
,,,,,
,,,,,
,,,,,
,,,,,
,,,,,
,,,,,
,,,,,
,,,,,
,,,,,
,,,,,
,,,,,
,,,,,
,,,,,
,,,,,
,,,,,
,,,,,
,,,,,
,,,,,
,,,,,
,,,,,
,,,,,
,,,,,
,,,,,
,,,,,
,,,,,
,,,,,
,,,,,
,,,,,
,,,,,
,,,,,
,,,,,
,,,,,
,,,,,
,,,,,
,,,,,
,,,,,
,,,,,
,,,,,
,,,,,
,,,,,
,,,,,
,,,,,
,,,,,
,,,,,
,,,,,
,,,,,
,,,,,
,,,,,
,,,,,
,,,,,
,,,,,
,,,,,
,,,,,
,,,,,
,,,,,
,,,,,
,,,,,
,,,,,
,,,,,
,,,,,
,,,,,
,,,,,
,,,,,
,,,,,
,,,,,
,,,,,
,,,,,
,,,,,
,,,,,
,,,,,
,,,,,
,,,,,
,,,,,
,,,,,
,,,,,
,,,,,
,,,,,
,,,,,
,,,,,
,,,,,
,,,,,
,,,,,
,,,,,
,,,,,
,,,,,
,,,,,
,,,,,
,,,,,
,,,,,
,,,,,
,,,,,
,,,,,
,,,,,
,,,,,
,,,,,
,,,,,
,,,,,
,,,,,
,,,,,
,,,,,
,,,,,
,,,,,
,,,,,
,,,,,
,,,,,
,,,,,
,,,,,
,,,,,
,,,,,
,,,,,
,,,,,
,,,,,
,,,,,
,,,,,
,,,,,
,,,,,
,,,,,
,,,,,
,,,,,
,,,,,
,,,,,
,,,,,
,,,,,
,,,,,
,,,,,
,,,,,
,,,,,
,,,,,
,,,,,
,,,,,
,,,,,
,,,,,
,,,,,
,,,,,
,,,,,
,,,,,
,,,,,
,,,,,
,,,,,
,,,,,
,,,,,
,,,,,
,,,,,
,,,,,
,,,,,
,,,,,
,,,,,
,,,,,
,,,,,
,,,,,
,,,,,
,,,,,
,,,,,
,,,,,
,,,,,
,,,,,
,,,,,
,,,,,
,,,,,
,,,,,
,,,,,
,,,,,
,,,,,
,,,,,
,,,,,
,,,,,
,,,,,
,,,,,
,,,,,
,,,,,
,,,,,
,,,,,
,,,,,
,,,,,
,,,,,
,,,,,
,,,,,
,,,,,
,,,,,
,,,,,
,,,,,
,,,,,
,,,,,
,,,,,
,,,,,
,,,,,
,,,,,
,,,,,
,,,,,
,,,,,
,,,,,
,,,,,
,,,,,
,,,,,
,,,,,
,,,,,
,,,,,
,,,,,
,,,,,
,,,,,
,,,,,
,,,,,
,,,,,
,,,,,
,,,,,
,,,,,
,,,,,
,,,,,
,,,,,
,,,,,
,,,,,
,,,,,
,,,,,
,,,,,
,,,,,
,,,,,
,,,,,
,,,,,
,,,,,
,,,,,
,,,,,
,,,,,
,,,,,
,,,,,
,,,,,
,,,,,
,,,,,
,,,,,
,,,,,
,,,,,
,,,,,
,,,,,
,,,,,
,,,,,
,,,,,
,,,,,
,,,,,
,,,,,
,,,,,
,,,,,
,,,,,
,,,,,
,,,,,
,,,,,
,,,,,
,,,,,
,,,,,
,,,,,
,,,,,
,,,,,
,,,,,
,,,,,
,,,,,
,,,,,
,,,,,
,,,,,
,,,,,
,,,,,
,,,,,
,,,,,
,,,,,
,,,,,
,,,,,
,,,,,
,,,,,
,,,,,
,,,,,
,,,,,
,,,,,
,,,,,
,,,,,
,,,,,
,,,,,
,,,,,
,,,,,
,,,,,
,,,,,
,,,,,
,,,,,
,,,,,
,,,,,
,,,,,
,,,,,
,,,,,
,,,,,
,,,,,
,,,,,
,,,,,
,,,,,
,,,,,
,,,,,
,,,,,
,,,,,
,,,,,
,,,,,
,,,,,
,,,,,
,,,,,
,,,,,
,,,,,
,,,,,
,,,,,
,,,,,
,,,,,
,,,,,
,,,,,
,,,,,
,,,,,
,,,,,
,,,,,
,,,,,
,,,,,
,,,,,
,,,,,
,,,,,
,,,,,
,,,,,
,,,,,
,,,,,
,,,,,
,,,,,
,,,,,
,,,,,
,,,,,
,,,,,
,,,,,
,,,,,
,,,,,
,,,,,
,,,,,
,,,,,
,,,,,
,,,,,
,,,,,
,,,,,
,,,,,
,,,,,
,,,,,
,,,,,
,,,,,
,,,,,
,,,,,
,,,,,
,,,,,
,,,,,
,,,,,
,,,,,
,,,,,
,,,,,
,,,,,
,,,,,
,,,,,
,,,,,
,,,,,
,,,,,
,,,,,
,,,,,
,,,,,
,,,,,
,,,,,
,,,,,
,,,,,
,,,,,
,,,,,
,,,,,
,,,,,
,,,,,
,,,,,
,,,,,
,,,,,
,,,,,
,,,,,
,,,,,
,,,,,
,,,,,
,,,,,
,,,,,
,,,,,
,,,,,
,,,,,
,,,,,
,,,,,
,,,,,
,,,,,
,,,,,
,,,,,
,,,,,
,,,,,
,,,,,
,,,,,
,,,,,
,,,,,
,,,,,
,,,,,
,,,,,
,,,,,
,,,,,
,,,,,
,,,,,
,,,,,
,,,,,
,,,,,
,,,,,
,,,,,
,,,,,
,,,,,
,,,,,
,,,,,
,,,,,
,,,,,
,,,,,
,,,,,
,,,,,
,,,,,
,,,,,
,,,,,
,,,,,
,,,,,
,,,,,
,,,,,
,,,,,
,,,,,
,,,,,
,,,,,
,,,,,
,,,,,
,,,,,
,,,,,
,,,,,
,,,,,
,,,,,
,,,,,
,,,,,
,,,,,
,,,,,
,,,,,
,,,,,
,,,,,
,,,,,
,,,,,
,,,,,
,,,,,
,,,,,
,,,,,
,,,,,
,,,,,
,,,,,
,,,,,
,,,,,
,,,,,
,,,,,
,,,,,
,,,,,
,,,,,
,,,,,
,,,,,
,,,,,
,,,,,
,,,,,
,,,,,
,,,,,
,,,,,
,,,,,
,,,,,
,,,,,
,,,,,
,,,,,
,,,,,
,,,,,
,,,,,
,,,,,
,,,,,
,,,,,
,,,,,
,,,,,
,,,,,
,,,,,
,,,,,
,,,,,
,,,,,
,,,,,
,,,,,
,,,,,
,,,,,
,,,,,
,,,,,
,,,,,
,,,,,
,,,,,
,,,,,
,,,,,
,,,,,
,,,,,
,,,,,
,,,,,
,,,,,
,,,,,
,,,,,
,,,,,
,,,,,
,,,,,
,,,,,
,,,,,
,,,,,
,,,,,
,,,,,
,,,,,
,,,,,
,,,,,
,,,,,
,,,,,
,,,,,
,,,,,
,,,,,
,,,,,
,,,,,
,,,,,
,,,,,
,,,,,
,,,,,
,,,,,
,,,,,
,,,,,
,,,,,
,,,,,
,,,,,
,,,,,
,,,,,
,,,,,
,,,,,
,,,,,
,,,,,
,,,,,
,,,,,
,,,,,
,,,,,
,,,,,
,,,,,
,,,,,
,,,,,
,,,,,
,,,,,
,,,,,
,,,,,
,,,,,
,,,,,
,,,,,
,,,,,
,,,,,
,,,,,
,,,,,
,,,,,
,,,,,
,,,,,
,,,,,
,,,,,
,,,,,
,,,,,
,,,,,
,,,,,
,,,,,
,,,,,
,,,,,
,,,,,
,,,,,
,,,,,
,,,,,
,,,,,
,,,,,
,,,,,
,,,,,
,,,,,
,,,,,
,,,,,
,,,,,
,,,,,
,,,,,
,,,,,
,,,,,
,,,,,
,,,,,
,,,,,
,,,,,
,,,,,
,,,,,
,,,,,
,,,,,
,,,,,
,,,,,
,,,,,
,,,,,
,,,,,
,,,,,
,,,,,
,,,,,
,,,,,
,,,,,
,,,,,
,,,,,
,,,,,
,,,,,
,,,,,
,,,,,
,,,,,
,,,,,
,,,,,
,,,,,
,,,,,
,,,,,
,,,,,
,,,,,
,,,,,
,,,,,
,,,,,
,,,,,
,,,,,
,,,,,
,,,,,
,,,,,
,,,,,
,,,,,
,,,,,
,,,,,
,,,,,
,,,,,
,,,,,
,,,,,
,,,,,
,,,,,
,,,,,
,,,,,
,,,,,
,,,,,
,,,,,
,,,,,
,,,,,
,,,,,
,,,,,
,,,,,
,,,,,
,,,,,
,,,,,
,,,,,
,,,,,
,,,,,
,,,,,
,,,,,
,,,,,
,,,,,
,,,,,
,,,,,
,,,,,
,,,,,
,,,,,
,,,,,
,,,,,
,,,,,
,,,,,
,,,,,
,,,,,
,,,,,
,,,,,
,,,,,
,,,,,
,,,,,
,,,,,
,,,,,
,,,,,
,,,,,
,,,,,
,,,,,
,,,,,
,,,,,
,,,,,
,,,,,
,,,,,
,,,,,
,,,,,
,,,,,
,,,,,
,,,,,
,,,,,
,,,,,
,,,,,
,,,,,
,,,,,
,,,,,
,,,,,
,,,,,
,,,,,
,,,,,
,,,,,
,,,,,
,,,,,
,,,,,
,,,,,
,,,,,
,,,,,
,,,,,
,,,,,
,,,,,
,,,,,
,,,,,
,,,,,
,,,,,
,,,,,
,,,,,
,,,,,
,,,,,
,,,,,
,,,,,
,,,,,
,,,,,
,,,,,
,,,,,
,,,,,
,,,,,
,,,,,
,,,,,
,,,,,
,,,,,
,,,,,
,,,,,
,,,,,
,,,,,
,,,,,
,,,,,
,,,,,
,,,,,
,,,,,
,,,,,
,,,,,
,,,,,
,,,,,
,,,,,
,,,,,
,,,,,
,,,,,
,,,,,
,,,,,
,,,,,
,,,,,
,,,,,
,,,,,
,,,,,
,,,,,
,,,,,
,,,,,
,,,,,
,,,,,
,,,,,
,,,,,
,,,,,
,,,,,
,,,,,
,,,,,
,,,,,
,,,,,
,,,,,
,,,,,
,,,,,
,,,,,
,,,,,
,,,,,
,,,,,
,,,,,
,,,,,
,,,,,
,,,,,
,,,,,
,,,,,
,,,,,
,,,,,
,,,,,
,,,,,
,,,,,
,,,,,
,,,,,
,,,,,
,,,,,
,,,,,
,,,,,
,,,,,
,,,,,
,,,,,
,,,,,
,,,,,
,,,,,
,,,,,
,,,,,
,,,,,
,,,,,
,,,,,
,,,,,
,,,,,
,,,,,
,,,,,
,,,,,
,,,,,
,,,,,
,,,,,
,,,,,
,,,,,
,,,,,
,,,,,
,,,,,
,,,,,
,,,,,
,,,,,
,,,,,
,,,,,
,,,,,
,,,,,
,,,,,
,,,,,
,,,,,
,,,,,
,,,,,
,,,,,
,,,,,
,,,,,
,,,,,
,,,,,
,,,,,
,,,,,
,,,,,
,,,,,
,,,,,
,,,,,
,,,,,
,,,,,
,,,,,
,,,,,
,,,,,
,,,,,
,,,,,
,,,,,
,,,,,
,,,,,
,,,,,
,,,,,
,,,,,
,,,,,
,,,,,
,,,,,
,,,,,
,,,,,
,,,,,
,,,,,
,,,,,
,,,,,
,,,,,
,,,,,
,,,,,
,,,,,
,,,,,
,,,,,
,,,,,
,,,,,
,,,,,
,,,,,
,,,,,
,,,,,
,,,,,
,,,,,
,,,,,
,,,,,
,,,,,
,,,,,
,,,,,
,,,,,
,,,,,
,,,,,
,,,,,
,,,,,
,,,,,
,,,,,
,,,,,
,,,,,
,,,,,
,,,,,
,,,,,
,,,,,
,,,,,
,,,,,
,,,,,
,,,,,
,,,,,
,,,,,
,,,,,
,,,,,
,,,,,
,,,,,
,,,,,
,,,,,
,,,,,
,,,,,
,,,,,
,,,,,
,,,,,
,,,,,
,,,,,
,,,,,
,,,,,
,,,,,
,,,,,
,,,,,
,,,,,
,,,,,
,,,,,
,,,,,
,,,,,
,,,,,
,,,,,
,,,,,
,,,,,
,,,,,
,,,,,
,,,,,
,,,,,
,,,,,
,,,,,
,,,,,
,,,,,
,,,,,
,,,,,
,,,,,
,,,,,
,,,,,
,,,,,
,,,,,
,,,,,
,,,,,
,,,,,
,,,,,
,,,,,
,,,,,
,,,,,
,,,,,
,,,,,
,,,,,
,,,,,
,,,,,
,,,,,
,,,,,
,,,,,
,,,,,
,,,,,
,,,,,
,,,,,
,,,,,
,,,,,
,,,,,
,,,,,
,,,,,
,,,,,
,,,,,
,,,,,
,,,,,
,,,,,
,,,,,
,,,,,
,,,,,
,,,,,
,,,,,
,,,,,
,,,,,
,,,,,
,,,,,
,,,,,
,,,,,
,,,,,
,,,,,
,,,,,
,,,,,
,,,,,
,,,,,
,,,,,
,,,,,
,,,,,
,,,,,
,,,,,
,,,,,
,,,,,
,,,,,
,,,,,
,,,,,
,,,,,
,,,,,
,,,,,
,,,,,
,,,,,
,,,,,
,,,,,
,,,,,
,,,,,
,,,,,
,,,,,
,,,,,
,,,,,
,,,,,
,,,,,
,,,,,
,,,,,
,,,,,
,,,,,
,,,,,
,,,,,
,,,,,
,,,,,
,,,,,
,,,,,
,,,,,
,,,,,
,,,,,
,,,,,
,,,,,
,,,,,
,,,,,
,,,,,
,,,,,
,,,,,
,,,,,
,,,,,
,,,,,
,,,,,
,,,,,
,,,,,
,,,,,
,,,,,
,,,,,
,,,,,
,,,,,
,,,,,
,,,,,
,,,,,
,,,,,
,,,,,
,,,,,
,,,,,
,,,,,
,,,,,
,,,,,
,,,,,
,,,,,
,,,,,
,,,,,
,,,,,
,,,,,
,,,,,
,,,,,
,,,,,
,,,,,
,,,,,
,,,,,
,,,,,
,,,,,
,,,,,
,,,,,
,,,,,
,,,,,
,,,,,
,,,,,
,,,,,
,,,,,
,,,,,
,,,,,
,,,,,
,,,,,
,,,,,
,,,,,
,,,,,
,,,,,
,,,,,
,,,,,
,,,,,
,,,,,
,,,,,
,,,,,
,,,,,
,,,,,
,,,,,
,,,,,
,,,,,
,,,,,
,,,,,
,,,,,
,,,,,
,,,,,
,,,,,
,,,,,
,,,,,
,,,,,
,,,,,
,,,,,
,,,,,
,,,,,
,,,,,
,,,,,
,,,,,
,,,,,
,,,,,
,,,,,
,,,,,
,,,,,
,,,,,
,,,,,
,,,,,
,,,,,
,,,,,
,,,,,
,,,,,
,,,,,
,,,,,
,,,,,
,,,,,
,,,,,
,,,,,
,,,,,
,,,,,
,,,,,
,,,,,
,,,,,
,,,,,
,,,,,
,,,,,
,,,,,
,,,,,
,,,,,
,,,,,
,,,,,
,,,,,
,,,,,
,,,,,
,,,,,
,,,,,
,,,,,
,,,,,
,,,,,
,,,,,
,,,,,
,,,,,
,,,,,
,,,,,
,,,,,
,,,,,
,,,,,
,,,,,
,,,,,
,,,,,
,,,,,
,,,,,
,,,,,
,,,,,
,,,,,
,,,,,
,,,,,
,,,,,
,,,,,
,,,,,
,,,,,
,,,,,
,,,,,
,,,,,
,,,,,
,,,,,
,,,,,
,,,,,
,,,,,
,,,,,
,,,,,
,,,,,
,,,,,
,,,,,
,,,,,
,,,,,
,,,,,
,,,,,
,,,,,
,,,,,
,,,,,
,,,,,
,,,,,
,,,,,
,,,,,
,,,,,
,,,,,
,,,,,
,,,,,
,,,,,
,,,,,
,,,,,
,,,,,
,,,,,
,,,,,
,,,,,
,,,,,
,,,,,
,,,,,
,,,,,
,,,,,
,,,,,
,,,,,
,,,,,
,,,,,
,,,,,
,,,,,
,,,,,
,,,,,
,,,,,
,,,,,
,,,,,
,,,,,
,,,,,
,,,,,
,,,,,
,,,,,
,,,,,
,,,,,
,,,,,
,,,,,
,,,,,
,,,,,
,,,,,
,,,,,
,,,,,
,,,,,
,,,,,
,,,,,
,,,,,
,,,,,
,,,,,
,,,,,
,,,,,
,,,,,
,,,,,
,,,,,
,,,,,
,,,,,
,,,,,
,,,,,
,,,,,
,,,,,
,,,,,
,,,,,
,,,,,
,,,,,
,,,,,
,,,,,
,,,,,
,,,,,
,,,,,
,,,,,
,,,,,
,,,,,
,,,,,
,,,,,
,,,,,
,,,,,
,,,,,
,,,,,
,,,,,
,,,,,
,,,,,
,,,,,
,,,,,
,,,,,
,,,,,
,,,,,
,,,,,
,,,,,
,,,,,
,,,,,
,,,,,
,,,,,
,,,,,
,,,,,
,,,,,
,,,,,
,,,,,
,,,,,
,,,,,
,,,,,
,,,,,
,,,,,
,,,,,
,,,,,
,,,,,
,,,,,
,,,,,
,,,,,
,,,,,
,,,,,
,,,,,
,,,,,
,,,,,
,,,,,
,,,,,
,,,,,
,,,,,
,,,,,
,,,,,
,,,,,
,,,,,
,,,,,
,,,,,
,,,,,
,,,,,
,,,,,
,,,,,
,,,,,
,,,,,
,,,,,
,,,,,
,,,,,
,,,,,
,,,,,
,,,,,
,,,,,
,,,,,
,,,,,
,,,,,
,,,,,
,,,,,
,,,,,
,,,,,
,,,,,
,,,,,
,,,,,
,,,,,
,,,,,
,,,,,
,,,,,
,,,,,
,,,,,
,,,,,
,,,,,
,,,,,
,,,,,
,,,,,
,,,,,
,,,,,
,,,,,
,,,,,
,,,,,
,,,,,
,,,,,
,,,,,
,,,,,
,,,,,
,,,,,
,,,,,
,,,,,
,,,,,
,,,,,
,,,,,
,,,,,
,,,,,
,,,,,
,,,,,
,,,,,
,,,,,
,,,,,
,,,,,
,,,,,
,,,,,
,,,,,
,,,,,
,,,,,
,,,,,
,,,,,
,,,,,
,,,,,
,,,,,
,,,,,
,,,,,
,,,,,
,,,,,
,,,,,
,,,,,
,,,,,
,,,,,
,,,,,
,,,,,
,,,,,
,,,,,
,,,,,
,,,,,
,,,,,
,,,,,
,,,,,
,,,,,
,,,,,
,,,,,
,,,,,
,,,,,
,,,,,
,,,,,
,,,,,
,,,,,
,,,,,
,,,,,
,,,,,
,,,,,
,,,,,
,,,,,
,,,,,
,,,,,
,,,,,
,,,,,
,,,,,
,,,,,
,,,,,
,,,,,
,,,,,
,,,,,
,,,,,
,,,,,
,,,,,
,,,,,
,,,,,
,,,,,
,,,,,
,,,,,
,,,,,
,,,,,
,,,,,
,,,,,
,,,,,
,,,,,
,,,,,
,,,,,
,,,,,
,,,,,
,,,,,
,,,,,
,,,,,
,,,,,
,,,,,
,,,,,
,,,,,
,,,,,
,,,,,
,,,,,
,,,,,
,,,,,
,,,,,
,,,,,
,,,,,
,,,,,
,,,,,
,,,,,
,,,,,
,,,,,
,,,,,
,,,,,
,,,,,
,,,,,
,,,,,
,,,,,
,,,,,
,,,,,
,,,,,
,,,,,
,,,,,
,,,,,
,,,,,
,,,,,
,,,,,
,,,,,
,,,,,
,,,,,
,,,,,
,,,,,
,,,,,
,,,,,
,,,,,
,,,,,
,,,,,
,,,,,
,,,,,
,,,,,
,,,,,
,,,,,
,,,,,
,,,,,
,,,,,
,,,,,
,,,,,
,,,,,
,,,,,
,,,,,
,,,,,
,,,,,
,,,,,
,,,,,
,,,,,
,,,,,
,,,,,
,,,,,
,,,,,
,,,,,
,,,,,
,,,,,
,,,,,
,,,,,
,,,,,
,,,,,
,,,,,
,,,,,
,,,,,
,,,,,
,,,,,
,,,,,
,,,,,
,,,,,
,,,,,
,,,,,
,,,,,
,,,,,
,,,,,
,,,,,
,,,,,
,,,,,
,,,,,
,,,,,
,,,,,
,,,,,
,,,,,
,,,,,
,,,,,
,,,,,
,,,,,
,,,,,
,,,,,
,,,,,
,,,,,
,,,,,
,,,,,
,,,,,
,,,,,
,,,,,
,,,,,
,,,,,
,,,,,
,,,,,
,,,,,
,,,,,
,,,,,
,,,,,
,,,,,
,,,,,
,,,,,
,,,,,
,,,,,
,,,,,
,,,,,
,,,,,
,,,,,
,,,,,
,,,,,
,,,,,
,,,,,
,,,,,
,,,,,
,,,,,
,,,,,
,,,,,
,,,,,
,,,,,
,,,,,
,,,,,
,,,,,
,,,,,
,,,,,
,,,,,
,,,,,
,,,,,
,,,,,
,,,,,
,,,,,
,,,,,
,,,,,
,,,,,
,,,,,
,,,,,
,,,,,
,,,,,
,,,,,
,,,,,
,,,,,
,,,,,
,,,,,
,,,,,
,,,,,
,,,,,
,,,,,
,,,,,
,,,,,
,,,,,
,,,,,
,,,,,
,,,,,
,,,,,
,,,,,
,,,,,
,,,,,
,,,,,
,,,,,
,,,,,
,,,,,
,,,,,
,,,,,
,,,,,
,,,,,
,,,,,
,,,,,
,,,,,
,,,,,
,,,,,
,,,,,
,,,,,
,,,,,
,,,,,
,,,,,
,,,,,
,,,,,
,,,,,
,,,,,
,,,,,
,,,,,
,,,,,
,,,,,
,,,,,
,,,,,
,,,,,
,,,,,
,,,,,
,,,,,
,,,,,
,,,,,
,,,,,
,,,,,
,,,,,
,,,,,
,,,,,
,,,,,
,,,,,
,,,,,
,,,,,
,,,,,
,,,,,
,,,,,
,,,,,
,,,,,
,,,,,
,,,,,
,,,,,
,,,,,
,,,,,
,,,,,
,,,,,
,,,,,
,,,,,
,,,,,
,,,,,
,,,,,
,,,,,
,,,,,
,,,,,
,,,,,
,,,,,
,,,,,
,,,,,
,,,,,
,,,,,
,,,,,
,,,,,
,,,,,
,,,,,
,,,,,
,,,,,
,,,,,
,,,,,
,,,,,
,,,,,
,,,,,
,,,,,
,,,,,
,,,,,
,,,,,
,,,,,
,,,,,
,,,,,
,,,,,
,,,,,
,,,,,
,,,,,
,,,,,
,,,,,
,,,,,
,,,,,
,,,,,
,,,,,
,,,,,
,,,,,
,,,,,
,,,,,
,,,,,
,,,,,
,,,,,
,,,,,
,,,,,
,,,,,
,,,,,
,,,,,
,,,,,
,,,,,
,,,,,
,,,,,
,,,,,
,,,,,
,,,,,
,,,,,
,,,,,
,,,,,
,,,,,
,,,,,
,,,,,
,,,,,
,,,,,
,,,,,
,,,,,
,,,,,
,,,,,
,,,,,
,,,,,
,,,,,
,,,,,
,,,,,
,,,,,
,,,,,
,,,,,
,,,,,
,,,,,
,,,,,
,,,,,
,,,,,
,,,,,
,,,,,
,,,,,
,,,,,
,,,,,
,,,,,
,,,,,
,,,,,
,,,,,
,,,,,
,,,,,
,,,,,
,,,,,
,,,,,
,,,,,
,,,,,
,,,,,
,,,,,
,,,,,
,,,,,
,,,,,
,,,,,
,,,,,
,,,,,
,,,,,
,,,,,
,,,,,
,,,,,
,,,,,
,,,,,
,,,,,
,,,,,
,,,,,
,,,,,
,,,,,
,,,,,
,,,,,
,,,,,
,,,,,
,,,,,
,,,,,
,,,,,
,,,,,
,,,,,
,,,,,
,,,,,
,,,,,
,,,,,
,,,,,
,,,,,
,,,,,
,,,,,
,,,,,
,,,,,
,,,,,
,,,,,
,,,,,
,,,,,
,,,,,
,,,,,
,,,,,
,,,,,
,,,,,
,,,,,
,,,,,
,,,,,
,,,,,
,,,,,
,,,,,
,,,,,
,,,,,
,,,,,
,,,,,
,,,,,
,,,,,
,,,,,
,,,,,
,,,,,
,,,,,
,,,,,
,,,,,
,,,,,
,,,,,
,,,,,
,,,,,
,,,,,
,,,,,
,,,,,
,,,,,
,,,,,
,,,,,
,,,,,
,,,,,
,,,,,
,,,,,
,,,,,
,,,,,
,,,,,
,,,,,
,,,,,
,,,,,
,,,,,
,,,,,
,,,,,
,,,,,
,,,,,
,,,,,
,,,,,
,,,,,
,,,,,
,,,,,
,,,,,
,,,,,
,,,,,
,,,,,
,,,,,
,,,,,
,,,,,
,,,,,
,,,,,
,,,,,
,,,,,
,,,,,
,,,,,
,,,,,
,,,,,
,,,,,
,,,,,
,,,,,
,,,,,
,,,,,
,,,,,
,,,,,
,,,,,
,,,,,
,,,,,
,,,,,
,,,,,
,,,,,
,,,,,
,,,,,
,,,,,
,,,,,
,,,,,
,,,,,
,,,,,
,,,,,
,,,,,
,,,,,
,,,,,
,,,,,
,,,,,
,,,,,
,,,,,
,,,,,
,,,,,
,,,,,
,,,,,
,,,,,
,,,,,
,,,,,
,,,,,
,,,,,
,,,,,
,,,,,
,,,,,
,,,,,
,,,,,
,,,,,
,,,,,
,,,,,
,,,,,
,,,,,
,,,,,
,,,,,
,,,,,
,,,,,
,,,,,
,,,,,
,,,,,
,,,,,
,,,,,
,,,,,
,,,,,
,,,,,
,,,,,
,,,,,
,,,,,
,,,,,
,,,,,
,,,,,
,,,,,
,,,,,
,,,,,
,,,,,
,,,,,
,,,,,
,,,,,
,,,,,
,,,,,
,,,,,
,,,,,
,,,,,
,,,,,
,,,,,
,,,,,
,,,,,
,,,,,
,,,,,
,,,,,
,,,,,
,,,,,
,,,,,
,,,,,
,,,,,
,,,,,
,,,,,
,,,,,
,,,,,
,,,,,
,,,,,
,,,,,
,,,,,
,,,,,
,,,,,
,,,,,
,,,,,
,,,,,
,,,,,
,,,,,
,,,,,
,,,,,
,,,,,
,,,,,
,,,,,
,,,,,
,,,,,
,,,,,
,,,,,
,,,,,
,,,,,
,,,,,
,,,,,
,,,,,
,,,,,
,,,,,
,,,,,
,,,,,
,,,,,
,,,,,
,,,,,
,,,,,
,,,,,
,,,,,
,,,,,
,,,,,
,,,,,
,,,,,
,,,,,
,,,,,
,,,,,
,,,,,
,,,,,
,,,,,
,,,,,
,,,,,
,,,,,
,,,,,
,,,,,
,,,,,
,,,,,
,,,,,
,,,,,
,,,,,
,,,,,
,,,,,
,,,,,
,,,,,
,,,,,
,,,,,
,,,,,
,,,,,
,,,,,
,,,,,
,,,,,
,,,,,
,,,,,
,,,,,
,,,,,
,,,,,
,,,,,
,,,,,
,,,,,
,,,,,
,,,,,
,,,,,
,,,,,
,,,,,
,,,,,
,,,,,
,,,,,
,,,,,
,,,,,
,,,,,
,,,,,
,,,,,
,,,,,
,,,,,
,,,,,
,,,,,
,,,,,
,,,,,
,,,,,
,,,,,
,,,,,
,,,,,
,,,,,
,,,,,
,,,,,
,,,,,
,,,,,
,,,,,
,,,,,
,,,,,
,,,,,
,,,,,
,,,,,
,,,,,
,,,,,
,,,,,
,,,,,
,,,,,
,,,,,
,,,,,
,,,,,
,,,,,
,,,,,
,,,,,
,,,,,
,,,,,
,,,,,
,,,,,
,,,,,
,,,,,
,,,,,
,,,,,
,,,,,
,,,,,
,,,,,
,,,,,
,,,,,
,,,,,
,,,,,
,,,,,
,,,,,
,,,,,
,,,,,
,,,,,
,,,,,
,,,,,
,,,,,
,,,,,
,,,,,
,,,,,
,,,,,
,,,,,
,,,,,
,,,,,
,,,,,
,,,,,
,,,,,
,,,,,
,,,,,
,,,,,
,,,,,
,,,,,
,,,,,
,,,,,
,,,,,
,,,,,
,,,,,
,,,,,
,,,,,
,,,,,
,,,,,
,,,,,
,,,,,
,,,,,
,,,,,
,,,,,
,,,,,
,,,,,
,,,,,
,,,,,
,,,,,
,,,,,
,,,,,
,,,,,
,,,,,
,,,,,
,,,,,
,,,,,
,,,,,
,,,,,
,,,,,
,,,,,
,,,,,
,,,,,
,,,,,
,,,,,
,,,,,
,,,,,
,,,,,
,,,,,
,,,,,
,,,,,
,,,,,
,,,,,
,,,,,
,,,,,
,,,,,
,,,,,
,,,,,
,,,,,
,,,,,
,,,,,
,,,,,
,,,,,
,,,,,
,,,,,
,,,,,
,,,,,
,,,,,
,,,,,
,,,,,
,,,,,
,,,,,
,,,,,
,,,,,
,,,,,
,,,,,
,,,,,
,,,,,
,,,,,
,,,,,
,,,,,
,,,,,
,,,,,
,,,,,
,,,,,
,,,,,
,,,,,
,,,,,
,,,,,
,,,,,
,,,,,
,,,,,
,,,,,
,,,,,
,,,,,
,,,,,
,,,,,
,,,,,
,,,,,
,,,,,
,,,,,
,,,,,
,,,,,
,,,,,
,,,,,
,,,,,
,,,,,
,,,,,
,,,,,
,,,,,
,,,,,
,,,,,
,,,,,
,,,,,
,,,,,
,,,,,
,,,,,
,,,,,
,,,,,
,,,,,
,,,,,
,,,,,
,,,,,
,,,,,
,,,,,
,,,,,
,,,,,
,,,,,
,,,,,
,,,,,
,,,,,
,,,,,
,,,,,
,,,,,
,,,,,
,,,,,
,,,,,
,,,,,
,,,,,
,,,,,
,,,,,
,,,,,
,,,,,
,,,,,
,,,,,
,,,,,
,,,,,
,,,,,
,,,,,
,,,,,
,,,,,
,,,,,
,,,,,
,,,,,
,,,,,
,,,,,
,,,,,
,,,,,
,,,,,
,,,,,
,,,,,
,,,,,
,,,,,
,,,,,
,,,,,
,,,,,
,,,,,
,,,,,
,,,,,
,,,,,
,,,,,
,,,,,
,,,,,
,,,,,
,,,,,
,,,,,
,,,,,
,,,,,
,,,,,
,,,,,
,,,,,
,,,,,
,,,,,
,,,,,
,,,,,
,,,,,
,,,,,
,,,,,
,,,,,
,,,,,
,,,,,
,,,,,
,,,,,
,,,,,
,,,,,
,,,,,
,,,,,
,,,,,
,,,,,
,,,,,
,,,,,
,,,,,
,,,,,
,,,,,
,,,,,
,,,,,
,,,,,
,,,,,
,,,,,
,,,,,
,,,,,
,,,,,
,,,,,
,,,,,
,,,,,
,,,,,
,,,,,
,,,,,
,,,,,
,,,,,
,,,,,
,,,,,
,,,,,
,,,,,
,,,,,
,,,,,
,,,,,
,,,,,
,,,,,
,,,,,
,,,,,
,,,,,
,,,,,
,,,,,
,,,,,
,,,,,
,,,,,
,,,,,
,,,,,
,,,,,
,,,,,
,,,,,
,,,,,
,,,,,
,,,,,
,,,,,
,,,,,
,,,,,
,,,,,
,,,,,
,,,,,
,,,,,
,,,,,
,,,,,
,,,,,
,,,,,
,,,,,
,,,,,
,,,,,
,,,,,
,,,,,
,,,,,
,,,,,
,,,,,
,,,,,
,,,,,
,,,,,
,,,,,
,,,,,
,,,,,
,,,,,
,,,,,
,,,,,
,,,,,
,,,,,
,,,,,
,,,,,
,,,,,
,,,,,
,,,,,
,,,,,
,,,,,
,,,,,
,,,,,
,,,,,
,,,,,
,,,,,
,,,,,
,,,,,
,,,,,
,,,,,
,,,,,
,,,,,
,,,,,
,,,,,
,,,,,
,,,,,
,,,,,
,,,,,
,,,,,
,,,,,
,,,,,
,,,,,
,,,,,
,,,,,
,,,,,
,,,,,
,,,,,
,,,,,
,,,,,
,,,,,
,,,,,
,,,,,
,,,,,
,,,,,
,,,,,
,,,,,
,,,,,
,,,,,
,,,,,
,,,,,
,,,,,
,,,,,
,,,,,
,,,,,
,,,,,
,,,,,
,,,,,
,,,,,
,,,,,
,,,,,
,,,,,
,,,,,
,,,,,
,,,,,
,,,,,
,,,,,
,,,,,
,,,,,
,,,,,
,,,,,
,,,,,
,,,,,
,,,,,
,,,,,
,,,,,
,,,,,
,,,,,
,,,,,
,,,,,
,,,,,
,,,,,
,,,,,
,,,,,
,,,,,
,,,,,
,,,,,
,,,,,
,,,,,
,,,,,
,,,,,
,,,,,
,,,,,
,,,,,
,,,,,
,,,,,
,,,,,
,,,,,
,,,,,
,,,,,
,,,,,
,,,,,
,,,,,
,,,,,
,,,,,
,,,,,
,,,,,
,,,,,
,,,,,
,,,,,
,,,,,
,,,,,
,,,,,
,,,,,
,,,,,
,,,,,
,,,,,
,,,,,
,,,,,
,,,,,
,,,,,
,,,,,
,,,,,
,,,,,
,,,,,
,,,,,
,,,,,
,,,,,
,,,,,
,,,,,
,,,,,
,,,,,
,,,,,
,,,,,
,,,,,
,,,,,
,,,,,
,,,,,
,,,,,
,,,,,
,,,,,
,,,,,
,,,,,
,,,,,
,,,,,
,,,,,
,,,,,
,,,,,
,,,,,
,,,,,
,,,,,
,,,,,
,,,,,
,,,,,
,,,,,
,,,,,
,,,,,
,,,,,
,,,,,
,,,,,
,,,,,
,,,,,
,,,,,
,,,,,
,,,,,
,,,,,
,,,,,
,,,,,
,,,,,
,,,,,
,,,,,
,,,,,
,,,,,
,,,,,
,,,,,
,,,,,
,,,,,
,,,,,
,,,,,
,,,,,
,,,,,
,,,,,
,,,,,
,,,,,
,,,,,
,,,,,
,,,,,
,,,,,
,,,,,
,,,,,
,,,,,
,,,,,
,,,,,
,,,,,
,,,,,
,,,,,
,,,,,
,,,,,
,,,,,
,,,,,
,,,,,
,,,,,
,,,,,
,,,,,
,,,,,
,,,,,
,,,,,
,,,,,
,,,,,
,,,,,
,,,,,
,,,,,
,,,,,
,,,,,
,,,,,
,,,,,
,,,,,
,,,,,
,,,,,
,,,,,
,,,,,
,,,,,
,,,,,
,,,,,
,,,,,
,,,,,
,,,,,
,,,,,
,,,,,
,,,,,
,,,,,
,,,,,
,,,,,
,,,,,
,,,,,
,,,,,
,,,,,
,,,,,
,,,,,
,,,,,
,,,,,
,,,,,
,,,,,
,,,,,
,,,,,
,,,,,
,,,,,
,,,,,
,,,,,
,,,,,
,,,,,
,,,,,
,,,,,
,,,,,
,,,,,
,,,,,
,,,,,
,,,,,
,,,,,
,,,,,
,,,,,
,,,,,
,,,,,
,,,,,
,,,,,
,,,,,
,,,,,
,,,,,
,,,,,
,,,,,
,,,,,
,,,,,
,,,,,
,,,,,
,,,,,
,,,,,
,,,,,
,,,,,
,,,,,
,,,,,
,,,,,
,,,,,
,,,,,
,,,,,
,,,,,
,,,,,
,,,,,
,,,,,
,,,,,
,,,,,
,,,,,
,,,,,
,,,,,
,,,,,
,,,,,
,,,,,
,,,,,
,,,,,
,,,,,
,,,,,
,,,,,
,,,,,
,,,,,
,,,,,
,,,,,
,,,,,
,,,,,
,,,,,
,,,,,
,,,,,
,,,,,
,,,,,
,,,,,
,,,,,
,,,,,
,,,,,
,,,,,
,,,,,
,,,,,
,,,,,
,,,,,
,,,,,
,,,,,
,,,,,
,,,,,
,,,,,
,,,,,
,,,,,
,,,,,
,,,,,
,,,,,
,,,,,
,,,,,
,,,,,
,,,,,
,,,,,
,,,,,
,,,,,
,,,,,
,,,,,
,,,,,
,,,,,
,,,,,
,,,,,
,,,,,
,,,,,
,,,,,
,,,,,
,,,,,
,,,,,
,,,,,
,,,,,
,,,,,
,,,,,
,,,,,
,,,,,
,,,,,
,,,,,
,,,,,
,,,,,
,,,,,
,,,,,
,,,,,
,,,,,
,,,,,
,,,,,
,,,,,
,,,,,
,,,,,
,,,,,
,,,,,
,,,,,
,,,,,
,,,,,
,,,,,
,,,,,
,,,,,
,,,,,
,,,,,
,,,,,
,,,,,
,,,,,
,,,,,
,,,,,
,,,,,
,,,,,
,,,,,
,,,,,
,,,,,
,,,,,
,,,,,
,,,,,
,,,,,
,,,,,
,,,,,
,,,,,
,,,,,
,,,,,
,,,,,
,,,,,
,,,,,
,,,,,
,,,,,
,,,,,
,,,,,
,,,,,
,,,,,
,,,,,
,,,,,
,,,,,
,,,,,
,,,,,
,,,,,
,,,,,
,,,,,
,,,,,
,,,,,
,,,,,
,,,,,
,,,,,
,,,,,
,,,,,
,,,,,
,,,,,
,,,,,
,,,,,
,,,,,
,,,,,
,,,,,
,,,,,
,,,,,
,,,,,
,,,,,
,,,,,
,,,,,
,,,,,
,,,,,
,,,,,
,,,,,
,,,,,
,,,,,
,,,,,
,,,,,
,,,,,
,,,,,
,,,,,
,,,,,
,,,,,
,,,,,
,,,,,
,,,,,
,,,,,
,,,,,
,,,,,
,,,,,
,,,,,
,,,,,
,,,,,
,,,,,
,,,,,
,,,,,
,,,,,
,,,,,
,,,,,
,,,,,
,,,,,
,,,,,
,,,,,
,,,,,
,,,,,
,,,,,
,,,,,
,,,,,
,,,,,
,,,,,
,,,,,
,,,,,
,,,,,
,,,,,
,,,,,
,,,,,
,,,,,
,,,,,
,,,,,
,,,,,
,,,,,
,,,,,
,,,,,
,,,,,
,,,,,
,,,,,
,,,,,
,,,,,
,,,,,
,,,,,
,,,,,
,,,,,
,,,,,
,,,,,
,,,,,
,,,,,
,,,,,
,,,,,
,,,,,
,,,,,
,,,,,
,,,,,
,,,,,
,,,,,
,,,,,
,,,,,
,,,,,
,,,,,
,,,,,
,,,,,
,,,,,
,,,,,
,,,,,
,,,,,
,,,,,
,,,,,
,,,,,
,,,,,
,,,,,
,,,,,
,,,,,
,,,,,
,,,,,
,,,,,
,,,,,
,,,,,
,,,,,
,,,,,
,,,,,
,,,,,
,,,,,
,,,,,
,,,,,
,,,,,
,,,,,
,,,,,
,,,,,
,,,,,
,,,,,
,,,,,
,,,,,
,,,,,
,,,,,
,,,,,
,,,,,
,,,,,
,,,,,
,,,,,
,,,,,
,,,,,
,,,,,
,,,,,
,,,,,
,,,,,
,,,,,
,,,,,
,,,,,
,,,,,
,,,,,
,,,,,
,,,,,
,,,,,
,,,,,
,,,,,
,,,,,
,,,,,
,,,,,
,,,,,
,,,,,
,,,,,
,,,,,
,,,,,
,,,,,
,,,,,
,,,,,
,,,,,
,,,,,
,,,,,
,,,,,
,,,,,
,,,,,
,,,,,
,,,,,
,,,,,
,,,,,
,,,,,
,,,,,
,,,,,
,,,,,
,,,,,
,,,,,
,,,,,
,,,,,
,,,,,
,,,,,
,,,,,
,,,,,
,,,,,
,,,,,
,,,,,
,,,,,
,,,,,
,,,,,
,,,,,
,,,,,
,,,,,
,,,,,
,,,,,
,,,,,
,,,,,
,,,,,
,,,,,
,,,,,
,,,,,
,,,,,
,,,,,
,,,,,
,,,,,
,,,,,
,,,,,
,,,,,
,,,,,
,,,,,
,,,,,
,,,,,
,,,,,
,,,,,
,,,,,
,,,,,
,,,,,
,,,,,
,,,,,
,,,,,
,,,,,
,,,,,
,,,,,
,,,,,
,,,,,
,,,,,
,,,,,
,,,,,
,,,,,
,,,,,
,,,,,
,,,,,
,,,,,
,,,,,
,,,,,
,,,,,
,,,,,
,,,,,
,,,,,
,,,,,
,,,,,
,,,,,
,,,,,
,,,,,
,,,,,
,,,,,
,,,,,
,,,,,
,,,,,
,,,,,
,,,,,
,,,,,
,,,,,
,,,,,
,,,,,
,,,,,
,,,,,
,,,,,
,,,,,
,,,,,
,,,,,
,,,,,
,,,,,
,,,,,
,,,,,
,,,,,
,,,,,
,,,,,
,,,,,
,,,,,
,,,,,
,,,,,
,,,,,
,,,,,
,,,,,
,,,,,
,,,,,
,,,,,
,,,,,
,,,,,
,,,,,
,,,,,
,,,,,
,,,,,
,,,,,
,,,,,
,,,,,
,,,,,
,,,,,
,,,,,
,,,,,
,,,,,
,,,,,
,,,,,
,,,,,
,,,,,
,,,,,
,,,,,
,,,,,
,,,,,
,,,,,
,,,,,
,,,,,
,,,,,
,,,,,
,,,,,
,,,,,
,,,,,
,,,,,
,,,,,
,,,,,
,,,,,
,,,,,
,,,,,
,,,,,
,,,,,
,,,,,
,,,,,
,,,,,
,,,,,
,,,,,
,,,,,
,,,,,
,,,,,
,,,,,
,,,,,
,,,,,
,,,,,
,,,,,
,,,,,
,,,,,
,,,,,
,,,,,
,,,,,
,,,,,
,,,,,
,,,,,
,,,,,
,,,,,
,,,,,
,,,,,
,,,,,
,,,,,
,,,,,
,,,,,
,,,,,
,,,,,
,,,,,
,,,,,
,,,,,
,,,,,
,,,,,
,,,,,
,,,,,
,,,,,
,,,,,
,,,,,
,,,,,
,,,,,
,,,,,
,,,,,
,,,,,
,,,,,
,,,,,
,,,,,
,,,,,
,,,,,
,,,,,
,,,,,
,,,,,
,,,,,
,,,,,
,,,,,
,,,,,
,,,,,
,,,,,
,,,,,
,,,,,
,,,,,
,,,,,
,,,,,
,,,,,
,,,,,
,,,,,
,,,,,
,,,,,
,,,,,
,,,,,
,,,,,
,,,,,
,,,,,
,,,,,
,,,,,
,,,,,
,,,,,
,,,,,
,,,,,
,,,,,
,,,,,
,,,,,
,,,,,
,,,,,
,,,,,
,,,,,
,,,,,
,,,,,
,,,,,
,,,,,
,,,,,
,,,,,
,,,,,
,,,,,
,,,,,
,,,,,
,,,,,
,,,,,
,,,,,
,,,,,
,,,,,
,,,,,
,,,,,
,,,,,
,,,,,
,,,,,
,,,,,
,,,,,
,,,,,
,,,,,
,,,,,
,,,,,
,,,,,
,,,,,
,,,,,
,,,,,
,,,,,
,,,,,
,,,,,
,,,,,
,,,,,
,,,,,
,,,,,
,,,,,
,,,,,
,,,,,
,,,,,
,,,,,
,,,,,
,,,,,
,,,,,
,,,,,
,,,,,
,,,,,
,,,,,
,,,,,
,,,,,
,,,,,
,,,,,
,,,,,
,,,,,
,,,,,
,,,,,
,,,,,
,,,,,
,,,,,
,,,,,
,,,,,
,,,,,
,,,,,
,,,,,
,,,,,
,,,,,
,,,,,
,,,,,
,,,,,
,,,,,
,,,,,
,,,,,
,,,,,
,,,,,
,,,,,
,,,,,
,,,,,
,,,,,
,,,,,
,,,,,
,,,,,
,,,,,
,,,,,
,,,,,
,,,,,
,,,,,
,,,,,
,,,,,
,,,,,
,,,,,
,,,,,
,,,,,
,,,,,
,,,,,
,,,,,
,,,,,
,,,,,
,,,,,
,,,,,
,,,,,
,,,,,
,,,,,
,,,,,
,,,,,
,,,,,
,,,,,
,,,,,
,,,,,
,,,,,
,,,,,
,,,,,
,,,,,
,,,,,
,,,,,
,,,,,
,,,,,
,,,,,
,,,,,
,,,,,
,,,,,
,,,,,
,,,,,
,,,,,
,,,,,
,,,,,
,,,,,
,,,,,
,,,,,
,,,,,
,,,,,
,,,,,
,,,,,
,,,,,
,,,,,
,,,,,
,,,,,
,,,,,
,,,,,
,,,,,
,,,,,
,,,,,
,,,,,
,,,,,
,,,,,
,,,,,
,,,,,
,,,,,
,,,,,
,,,,,
,,,,,
,,,,,
,,,,,
,,,,,
,,,,,
,,,,,
,,,,,
,,,,,
,,,,,
,,,,,
,,,,,
,,,,,
,,,,,
,,,,,
,,,,,
,,,,,
,,,,,
,,,,,
,,,,,
,,,,,
,,,,,
,,,,,
,,,,,
,,,,,
,,,,,
,,,,,
,,,,,
,,,,,
,,,,,
,,,,,
,,,,,
,,,,,
,,,,,
,,,,,
,,,,,
,,,,,
,,,,,
,,,,,
,,,,,
,,,,,
,,,,,
,,,,,
,,,,,
,,,,,
,,,,,
,,,,,
,,,,,
,,,,,
,,,,,
,,,,,
,,,,,
,,,,,
,,,,,
,,,,,
,,,,,
,,,,,
,,,,,
,,,,,
,,,,,
,,,,,
,,,,,
,,,,,
,,,,,
,,,,,
,,,,,
,,,,,
,,,,,
,,,,,
,,,,,
,,,,,
,,,,,
,,,,,
,,,,,
,,,,,
,,,,,
,,,,,
,,,,,
,,,,,
,,,,,
,,,,,
,,,,,
,,,,,
,,,,,
,,,,,
,,,,,
,,,,,
,,,,,
,,,,,
,,,,,
,,,,,
,,,,,
,,,,,
,,,,,
,,,,,
,,,,,
,,,,,
,,,,,
,,,,,
,,,,,
,,,,,
,,,,,
,,,,,
,,,,,
,,,,,
,,,,,
,,,,,
,,,,,
,,,,,
,,,,,
,,,,,
,,,,,
,,,,,
,,,,,
,,,,,
,,,,,
,,,,,
,,,,,
,,,,,
,,,,,
,,,,,
,,,,,
,,,,,
,,,,,
,,,,,
,,,,,
,,,,,
,,,,,
,,,,,
,,,,,
,,,,,
,,,,,
,,,,,
,,,,,
,,,,,
,,,,,
,,,,,
,,,,,
,,,,,
,,,,,
,,,,,
,,,,,
,,,,,
,,,,,
,,,,,
,,,,,
,,,,,
,,,,,
,,,,,
,,,,,
,,,,,
,,,,,
,,,,,
,,,,,
,,,,,
,,,,,
,,,,,
,,,,,
,,,,,
,,,,,
,,,,,
,,,,,
,,,,,
,,,,,
,,,,,
,,,,,
,,,,,
,,,,,
,,,,,
,,,,,
,,,,,
,,,,,
,,,,,
,,,,,
,,,,,
,,,,,
,,,,,
,,,,,
,,,,,
,,,,,
,,,,,
,,,,,
,,,,,
,,,,,
,,,,,
,,,,,
,,,,,
,,,,,
,,,,,
,,,,,
,,,,,
,,,,,
,,,,,
,,,,,
,,,,,
,,,,,
,,,,,
,,,,,
,,,,,
,,,,,
,,,,,
,,,,,
,,,,,
,,,,,
,,,,,
,,,,,
,,,,,
,,,,,
,,,,,
,,,,,
,,,,,
,,,,,
,,,,,
,,,,,
,,,,,
,,,,,
,,,,,
,,,,,
,,,,,
,,,,,
,,,,,
,,,,,
,,,,,
,,,,,
,,,,,
,,,,,
,,,,,
,,,,,
,,,,,
,,,,,
,,,,,
,,,,,
,,,,,
,,,,,
,,,,,
,,,,,
,,,,,
,,,,,
,,,,,
,,,,,
,,,,,
,,,,,
,,,,,
,,,,,
,,,,,
,,,,,
,,,,,
,,,,,
,,,,,
,,,,,
,,,,,
,,,,,
,,,,,
,,,,,
,,,,,
,,,,,
,,,,,
,,,,,
,,,,,
,,,,,
,,,,,
,,,,,
,,,,,
,,,,,
,,,,,
,,,,,
,,,,,
,,,,,
,,,,,
,,,,,
,,,,,
,,,,,
,,,,,
,,,,,
,,,,,
,,,,,
,,,,,
,,,,,
,,,,,
,,,,,
,,,,,
,,,,,
,,,,,
,,,,,
,,,,,
,,,,,
,,,,,
,,,,,
,,,,,
,,,,,
,,,,,
,,,,,
,,,,,
,,,,,
,,,,,
,,,,,
,,,,,
,,,,,
,,,,,
,,,,,
,,,,,
,,,,,
,,,,,
,,,,,
,,,,,
,,,,,
,,,,,
,,,,,
,,,,,
,,,,,
,,,,,
,,,,,
,,,,,
,,,,,
,,,,,
,,,,,
,,,,,
,,,,,
,,,,,
,,,,,
,,,,,
,,,,,
,,,,,
,,,,,
,,,,,
,,,,,
,,,,,
,,,,,
,,,,,
,,,,,
,,,,,
,,,,,
,,,,,
,,,,,
,,,,,
,,,,,
,,,,,
,,,,,
,,,,,
,,,,,
,,,,,
,,,,,
,,,,,
,,,,,
,,,,,
,,,,,
,,,,,
,,,,,
,,,,,
,,,,,
,,,,,
,,,,,
,,,,,
,,,,,
,,,,,
,,,,,
,,,,,
,,,,,
,,,,,
,,,,,
,,,,,
,,,,,
,,,,,
,,,,,
,,,,,
,,,,,
,,,,,
,,,,,
,,,,,
,,,,,
,,,,,
,,,,,
,,,,,
,,,,,
,,,,,
,,,,,
,,,,,
,,,,,
,,,,,
,,,,,
,,,,,
,,,,,
,,,,,
,,,,,
,,,,,
,,,,,
,,,,,
,,,,,
,,,,,
,,,,,
,,,,,
,,,,,
,,,,,
,,,,,
,,,,,
,,,,,
,,,,,
,,,,,
,,,,,
,,,,,
,,,,,
,,,,,
,,,,,
,,,,,
,,,,,
,,,,,
,,,,,
,,,,,
,,,,,
,,,,,
,,,,,
,,,,,
,,,,,
,,,,,
,,,,,
,,,,,
,,,,,
,,,,,
,,,,,
,,,,,
,,,,,
,,,,,
,,,,,
,,,,,
,,,,,
,,,,,
,,,,,
,,,,,
,,,,,
,,,,,
,,,,,
,,,,,
,,,,,
,,,,,
,,,,,
,,,,,
,,,,,
,,,,,
,,,,,
,,,,,
,,,,,
,,,,,
,,,,,
,,,,,
,,,,,
,,,,,
,,,,,
,,,,,
,,,,,
,,,,,
,,,,,
,,,,,
,,,,,
,,,,,
,,,,,
,,,,,
,,,,,
,,,,,
,,,,,
,,,,,
,,,,,
,,,,,
,,,,,
,,,,,
,,,,,
,,,,,
,,,,,
,,,,,
,,,,,
,,,,,
,,,,,
,,,,,
,,,,,
,,,,,
,,,,,
,,,,,
,,,,,
,,,,,
,,,,,
,,,,,
,,,,,
,,,,,
,,,,,
,,,,,
,,,,,
,,,,,
,,,,,
,,,,,
,,,,,
,,,,,
,,,,,
,,,,,
,,,,,
,,,,,
,,,,,
,,,,,
,,,,,
,,,,,
,,,,,
,,,,,
,,,,,
,,,,,
,,,,,
,,,,,
,,,,,
,,,,,
,,,,,
,,,,,
,,,,,
,,,,,
,,,,,
,,,,,
,,,,,
,,,,,
,,,,,
,,,,,
,,,,,
,,,,,
,,,,,
,,,,,
,,,,,
,,,,,
,,,,,
,,,,,
,,,,,
,,,,,
,,,,,
,,,,,
,,,,,
,,,,,
,,,,,
,,,,,
,,,,,
,,,,,
,,,,,
,,,,,
,,,,,
,,,,,
,,,,,
,,,,,
,,,,,
,,,,,
,,,,,
,,,,,
,,,,,
,,,,,
,,,,,
,,,,,
,,,,,
,,,,,
,,,,,
,,,,,
,,,,,
,,,,,
,,,,,
,,,,,
,,,,,
,,,,,
,,,,,
,,,,,
,,,,,
,,,,,
,,,,,
,,,,,
,,,,,
,,,,,
,,,,,
,,,,,
,,,,,
,,,,,
,,,,,
,,,,,
,,,,,
,,,,,
,,,,,
,,,,,
,,,,,
,,,,,
,,,,,
,,,,,
,,,,,
,,,,,
,,,,,
,,,,,
,,,,,
,,,,,
,,,,,
,,,,,
,,,,,
,,,,,
,,,,,
,,,,,
,,,,,
,,,,,
,,,,,
,,,,,
,,,,,
,,,,,
,,,,,
,,,,,
,,,,,
,,,,,
,,,,,
,,,,,
,,,,,
,,,,,
,,,,,
,,,,,
,,,,,
,,,,,
,,,,,
,,,,,
,,,,,
,,,,,
,,,,,
,,,,,
,,,,,
,,,,,
,,,,,
,,,,,
,,,,,
,,,,,
,,,,,
,,,,,
,,,,,
,,,,,
,,,,,
,,,,,
,,,,,
,,,,,
,,,,,
,,,,,
,,,,,
,,,,,
,,,,,
,,,,,
,,,,,
,,,,,
,,,,,
,,,,,
,,,,,
,,,,,
,,,,,
,,,,,
,,,,,
,,,,,
,,,,,
,,,,,
,,,,,
,,,,,
,,,,,
,,,,,
,,,,,
,,,,,
,,,,,
,,,,,
,,,,,
,,,,,
,,,,,
,,,,,
,,,,,
,,,,,
,,,,,
,,,,,
,,,,,
,,,,,
,,,,,
,,,,,
,,,,,
,,,,,
,,,,,
,,,,,
,,,,,
,,,,,
,,,,,
,,,,,
,,,,,
,,,,,
,,,,,
,,,,,
,,,,,
,,,,,
,,,,,
,,,,,
,,,,,
,,,,,
,,,,,
,,,,,
,,,,,
,,,,,
,,,,,
,,,,,
,,,,,
,,,,,
,,,,,
,,,,,
,,,,,
,,,,,
,,,,,
,,,,,
,,,,,
,,,,,
,,,,,
,,,,,
,,,,,
,,,,,
,,,,,
,,,,,
,,,,,
,,,,,
,,,,,
,,,,,
,,,,,
,,,,,
,,,,,
,,,,,
,,,,,
,,,,,
,,,,,
,,,,,
,,,,,
,,,,,
,,,,,
,,,,,
,,,,,
,,,,,
,,,,,
,,,,,
,,,,,
,,,,,
,,,,,
,,,,,
,,,,,
,,,,,
,,,,,
,,,,,
,,,,,
,,,,,
,,,,,
,,,,,
,,,,,
,,,,,
,,,,,
,,,,,
,,,,,
,,,,,
,,,,,
,,,,,
,,,,,
,,,,,
,,,,,
,,,,,
,,,,,
,,,,,
,,,,,
,,,,,
,,,,,
,,,,,
,,,,,
,,,,,
,,,,,
,,,,,
,,,,,
,,,,,
,,,,,
,,,,,
,,,,,
,,,,,
,,,,,
,,,,,
,,,,,
,,,,,
,,,,,
,,,,,
,,,,,
,,,,,
,,,,,
,,,,,
,,,,,
,,,,,
,,,,,
,,,,,
,,,,,
,,,,,
,,,,,
,,,,,
,,,,,
,,,,,
,,,,,
,,,,,
,,,,,
,,,,,
,,,,,
,,,,,
,,,,,
,,,,,
,,,,,
,,,,,
,,,,,
,,,,,
,,,,,
,,,,,
,,,,,
,,,,,
,,,,,
,,,,,
,,,,,
,,,,,
,,,,,
,,,,,
,,,,,
,,,,,
,,,,,
,,,,,
,,,,,
,,,,,
,,,,,
,,,,,
,,,,,
,,,,,
,,,,,
,,,,,
,,,,,
,,,,,
,,,,,
,,,,,
,,,,,
,,,,,
,,,,,
,,,,,
,,,,,
,,,,,
,,,,,
,,,,,
,,,,,
,,,,,
,,,,,
,,,,,
,,,,,
,,,,,
,,,,,
,,,,,
,,,,,
,,,,,
,,,,,
,,,,,
,,,,,
,,,,,
,,,,,
,,,,,
,,,,,
,,,,,
,,,,,
,,,,,
,,,,,
,,,,,
,,,,,
,,,,,
,,,,,
,,,,,
,,,,,
,,,,,
,,,,,
,,,,,
,,,,,
,,,,,
,,,,,
,,,,,
,,,,,
,,,,,
,,,,,
,,,,,
,,,,,
,,,,,
,,,,,
,,,,,
,,,,,
,,,,,
,,,,,
,,,,,
,,,,,
,,,,,
,,,,,
,,,,,
,,,,,
,,,,,
,,,,,
,,,,,
,,,,,
,,,,,
,,,,,
,,,,,
,,,,,
,,,,,
,,,,,
,,,,,
,,,,,
,,,,,
,,,,,
,,,,,
,,,,,
,,,,,
,,,,,
,,,,,
,,,,,
,,,,,
,,,,,
,,,,,
,,,,,
,,,,,
,,,,,
,,,,,
,,,,,
,,,,,
,,,,,
,,,,,
,,,,,
,,,,,
,,,,,
,,,,,
,,,,,
,,,,,
,,,,,
,,,,,
,,,,,
,,,,,
,,,,,
,,,,,
,,,,,
,,,,,
,,,,,
,,,,,
,,,,,
,,,,,
,,,,,
,,,,,
,,,,,
,,,,,
,,,,,
,,,,,
,,,,,
,,,,,
,,,,,
,,,,,
,,,,,
,,,,,
,,,,,
,,,,,
,,,,,
,,,,,
,,,,,
,,,,,
,,,,,
,,,,,
,,,,,
,,,,,
,,,,,
,,,,,
,,,,,
,,,,,
,,,,,
,,,,,
,,,,,
,,,,,
,,,,,
,,,,,
,,,,,
,,,,,
,,,,,
,,,,,
,,,,,
,,,,,
,,,,,
,,,,,
,,,,,
,,,,,
,,,,,
,,,,,
,,,,,
,,,,,
,,,,,
,,,,,
,,,,,
,,,,,
,,,,,
,,,,,
,,,,,
,,,,,
,,,,,
,,,,,
,,,,,
,,,,,
,,,,,
,,,,,
,,,,,
,,,,,
,,,,,
,,,,,
,,,,,
,,,,,
,,,,,
,,,,,
,,,,,
,,,,,
,,,,,
,,,,,
,,,,,
,,,,,
,,,,,
,,,,,
,,,,,
,,,,,
,,,,,
,,,,,
,,,,,
,,,,,
,,,,,
,,,,,
,,,,,
,,,,,
,,,,,
,,,,,
,,,,,
,,,,,
,,,,,
,,,,,
,,,,,
,,,,,
,,,,,
,,,,,
,,,,,
,,,,,
,,,,,
,,,,,
,,,,,
,,,,,
,,,,,
,,,,,
,,,,,
,,,,,
,,,,,
,,,,,
,,,,,
,,,,,
,,,,,
,,,,,
,,,,,
,,,,,
,,,,,
,,,,,
,,,,,
,,,,,
,,,,,
,,,,,
,,,,,
,,,,,
,,,,,
,,,,,
,,,,,
,,,,,
,,,,,
,,,,,
,,,,,
,,,,,
,,,,,
,,,,,
,,,,,
,,,,,
,,,,,
,,,,,
,,,,,
,,,,,
,,,,,
,,,,,
,,,,,
,,,,,
,,,,,
,,,,,
,,,,,
,,,,,
,,,,,
,,,,,
,,,,,
,,,,,
,,,,,
,,,,,
,,,,,
,,,,,
,,,,,
,,,,,
,,,,,
,,,,,
,,,,,
,,,,,
,,,,,
,,,,,
,,,,,
,,,,,
,,,,,
,,,,,
,,,,,
,,,,,
,,,,,
,,,,,
,,,,,
,,,,,
,,,,,
,,,,,
,,,,,
,,,,,
,,,,,
,,,,,
,,,,,
,,,,,
,,,,,
,,,,,
,,,,,
,,,,,
,,,,,
,,,,,
,,,,,
,,,,,
,,,,,
,,,,,
,,,,,
,,,,,
,,,,,
,,,,,
,,,,,
,,,,,
,,,,,
,,,,,
,,,,,
,,,,,
,,,,,
,,,,,
,,,,,
,,,,,
,,,,,
,,,,,
,,,,,
,,,,,
,,,,,
,,,,,
,,,,,
,,,,,
,,,,,
,,,,,
,,,,,
,,,,,
,,,,,
,,,,,
,,,,,
,,,,,
,,,,,
,,,,,
,,,,,
,,,,,
,,,,,
,,,,,
,,,,,
,,,,,
,,,,,
,,,,,
,,,,,
,,,,,
,,,,,
,,,,,
,,,,,
,,,,,
,,,,,
,,,,,
,,,,,
,,,,,
,,,,,
,,,,,
,,,,,
,,,,,
,,,,,
,,,,,
,,,,,
,,,,,
,,,,,
,,,,,
,,,,,
,,,,,
,,,,,
,,,,,
,,,,,
,,,,,
,,,,,
,,,,,
,,,,,
,,,,,
,,,,,
,,,,,
,,,,,
,,,,,
,,,,,
,,,,,
,,,,,
,,,,,
,,,,,
,,,,,
,,,,,
,,,,,
,,,,,
,,,,,
,,,,,
,,,,,
,,,,,
,,,,,
,,,,,
,,,,,
,,,,,
,,,,,
,,,,,
,,,,,
,,,,,
,,,,,
,,,,,
,,,,,
,,,,,
,,,,,
,,,,,
,,,,,
,,,,,
,,,,,
,,,,,
,,,,,
,,,,,
,,,,,
,,,,,
,,,,,
,,,,,
,,,,,
,,,,,
,,,,,
,,,,,
,,,,,
,,,,,
,,,,,
,,,,,
,,,,,
,,,,,
,,,,,
,,,,,
,,,,,
,,,,,
,,,,,
,,,,,
,,,,,
,,,,,
,,,,,
,,,,,
,,,,,
,,,,,
,,,,,
,,,,,
,,,,,
,,,,,
,,,,,
,,,,,
,,,,,
,,,,,
,,,,,
,,,,,
,,,,,
,,,,,
,,,,,
,,,,,
,,,,,
,,,,,
,,,,,
,,,,,
,,,,,
,,,,,
,,,,,
,,,,,
,,,,,
,,,,,
,,,,,
,,,,,
,,,,,
,,,,,
,,,,,
,,,,,
,,,,,
,,,,,
,,,,,
,,,,,
,,,,,
,,,,,
,,,,,
,,,,,
,,,,,
,,,,,
,,,,,
,,,,,
,,,,,
,,,,,
,,,,,
,,,,,
,,,,,
,,,,,
,,,,,
,,,,,
,,,,,
,,,,,
,,,,,
,,,,,
,,,,,
,,,,,
,,,,,
,,,,,
,,,,,
,,,,,
,,,,,
,,,,,
,,,,,
,,,,,
,,,,,
,,,,,
,,,,,
,,,,,
,,,,,
,,,,,
,,,,,
,,,,,
,,,,,
,,,,,
,,,,,
,,,,,
,,,,,
,,,,,
,,,,,
,,,,,
,,,,,
,,,,,
,,,,,
,,,,,
,,,,,
,,,,,
,,,,,
,,,,,
,,,,,
,,,,,
,,,,,
,,,,,
,,,,,
,,,,,
,,,,,
,,,,,
,,,,,
,,,,,
,,,,,
,,,,,
,,,,,
,,,,,
,,,,,
,,,,,
,,,,,
,,,,,
,,,,,
,,,,,
,,,,,
,,,,,
,,,,,
,,,,,
,,,,,
,,,,,
,,,,,
,,,,,
,,,,,
,,,,,
,,,,,
,,,,,
,,,,,
,,,,,
,,,,,
,,,,,
,,,,,
,,,,,
,,,,,
,,,,,
,,,,,
,,,,,
,,,,,
,,,,,
,,,,,
,,,,,
,,,,,
,,,,,
,,,,,
,,,,,
,,,,,
,,,,,
,,,,,
,,,,,
,,,,,
,,,,,
,,,,,
,,,,,
,,,,,
,,,,,
,,,,,
,,,,,
,,,,,
,,,,,
,,,,,
,,,,,
,,,,,
,,,,,
,,,,,
,,,,,
,,,,,
,,,,,
,,,,,
,,,,,
,,,,,
,,,,,
,,,,,
,,,,,
,,,,,
,,,,,
,,,,,
,,,,,
,,,,,
,,,,,
,,,,,
,,,,,
,,,,,
,,,,,
,,,,,
,,,,,
,,,,,
,,,,,
,,,,,
,,,,,
,,,,,
,,,,,
,,,,,
,,,,,
,,,,,
,,,,,
,,,,,
,,,,,
,,,,,
,,,,,
,,,,,
,,,,,
,,,,,
,,,,,
,,,,,
,,,,,
,,,,,
,,,,,
,,,,,
,,,,,
,,,,,
,,,,,
,,,,,
,,,,,
,,,,,
,,,,,
,,,,,
,,,,,
,,,,,
,,,,,
,,,,,
,,,,,
,,,,,
,,,,,
,,,,,
,,,,,
,,,,,
,,,,,
,,,,,
,,,,,
,,,,,
,,,,,
,,,,,
,,,,,
,,,,,
,,,,,
,,,,,
,,,,,
,,,,,
,,,,,
,,,,,
,,,,,
,,,,,
,,,,,
,,,,,
,,,,,
,,,,,
,,,,,
,,,,,
,,,,,
,,,,,
,,,,,
,,,,,
,,,,,
,,,,,
,,,,,
,,,,,
,,,,,
,,,,,
,,,,,
,,,,,
,,,,,
,,,,,
,,,,,
,,,,,
,,,,,
,,,,,
,,,,,
,,,,,
,,,,,
,,,,,
,,,,,
,,,,,
,,,,,
,,,,,
,,,,,
,,,,,
,,,,,
,,,,,
,,,,,
,,,,,
,,,,,
,,,,,
,,,,,
,,,,,
,,,,,
,,,,,
,,,,,
,,,,,
,,,,,
,,,,,
,,,,,
,,,,,
,,,,,
,,,,,
,,,,,
,,,,,
,,,,,
,,,,,
,,,,,
,,,,,
,,,,,
,,,,,
,,,,,
,,,,,
,,,,,
,,,,,
,,,,,
,,,,,
,,,,,
,,,,,
,,,,,
,,,,,
,,,,,
,,,,,
,,,,,
,,,,,
,,,,,
,,,,,
,,,,,
,,,,,
,,,,,
,,,,,
,,,,,
,,,,,
,,,,,
,,,,,
,,,,,
,,,,,
,,,,,
,,,,,
,,,,,
,,,,,
,,,,,
,,,,,
,,,,,
,,,,,
,,,,,
,,,,,
,,,,,
,,,,,
,,,,,
,,,,,
,,,,,
,,,,,
,,,,,
,,,,,
,,,,,
,,,,,
,,,,,
,,,,,
,,,,,
,,,,,
,,,,,
,,,,,
,,,,,
,,,,,
,,,,,
,,,,,
,,,,,
,,,,,
,,,,,
,,,,,
,,,,,
,,,,,
,,,,,
,,,,,
,,,,,
,,,,,
,,,,,
,,,,,
,,,,,
,,,,,
,,,,,
,,,,,
,,,,,
,,,,,
,,,,,
,,,,,
,,,,,
,,,,,
,,,,,
,,,,,
,,,,,
,,,,,
,,,,,
,,,,,
,,,,,
,,,,,
,,,,,
,,,,,
,,,,,
,,,,,
,,,,,
,,,,,
,,,,,
,,,,,
,,,,,
,,,,,
,,,,,
,,,,,
,,,,,
,,,,,
,,,,,
,,,,,
,,,,,
,,,,,
,,,,,
,,,,,
,,,,,
,,,,,
,,,,,
,,,,,
,,,,,
,,,,,
,,,,,
,,,,,
,,,,,
,,,,,
,,,,,
,,,,,
,,,,,
,,,,,
,,,,,
,,,,,
,,,,,
,,,,,
,,,,,
,,,,,
,,,,,
,,,,,
,,,,,
,,,,,
,,,,,
,,,,,
,,,,,
,,,,,
,,,,,
,,,,,
,,,,,
,,,,,
,,,,,
,,,,,
,,,,,
,,,,,
,,,,,
,,,,,
,,,,,
,,,,,
,,,,,
,,,,,
,,,,,
,,,,,
,,,,,
,,,,,
,,,,,
,,,,,
,,,,,
,,,,,
,,,,,
,,,,,
,,,,,
,,,,,
,,,,,
,,,,,
,,,,,
,,,,,
,,,,,
,,,,,
,,,,,
,,,,,
,,,,,
,,,,,
,,,,,
,,,,,
,,,,,
,,,,,
,,,,,
,,,,,
,,,,,
,,,,,
,,,,,
,,,,,
,,,,,
,,,,,
,,,,,
,,,,,
,,,,,
,,,,,
,,,,,
,,,,,
,,,,,
,,,,,
,,,,,
,,,,,
,,,,,
,,,,,
,,,,,
,,,,,
,,,,,
,,,,,
,,,,,
,,,,,
,,,,,
,,,,,
,,,,,
,,,,,
,,,,,
,,,,,
,,,,,
,,,,,
,,,,,
,,,,,
,,,,,
,,,,,
,,,,,
,,,,,
,,,,,
,,,,,
,,,,,
,,,,,
,,,,,
,,,,,
,,,,,
,,,,,
,,,,,
,,,,,
,,,,,
,,,,,
,,,,,
,,,,,
,,,,,
,,,,,
,,,,,
,,,,,
,,,,,
,,,,,
,,,,,
,,,,,
,,,,,
,,,,,
,,,,,
,,,,,
,,,,,
,,,,,
,,,,,
,,,,,
,,,,,
,,,,,
,,,,,
,,,,,
,,,,,
,,,,,
,,,,,
,,,,,
,,,,,
,,,,,
,,,,,
,,,,,
,,,,,
,,,,,
,,,,,
,,,,,
,,,,,
,,,,,
,,,,,
,,,,,
,,,,,
,,,,,
,,,,,
,,,,,
,,,,,
,,,,,
,,,,,
,,,,,
,,,,,
,,,,,
,,,,,
,,,,,
,,,,,
,,,,,
,,,,,
,,,,,
,,,,,
,,,,,
,,,,,
,,,,,
,,,,,
,,,,,
,,,,,
,,,,,
,,,,,
,,,,,
,,,,,
,,,,,
,,,,,
,,,,,
,,,,,
,,,,,
,,,,,
,,,,,
,,,,,
,,,,,
,,,,,
,,,,,
,,,,,
,,,,,
,,,,,
,,,,,
,,,,,
,,,,,
,,,,,
,,,,,
,,,,,
,,,,,
,,,,,
,,,,,
,,,,,
,,,,,
,,,,,
,,,,,
,,,,,
,,,,,
,,,,,
,,,,,
,,,,,
,,,,,
,,,,,
,,,,,
,,,,,
,,,,,
,,,,,
,,,,,
,,,,,
,,,,,
,,,,,
,,,,,
,,,,,
,,,,,
,,,,,
,,,,,
,,,,,
,,,,,
,,,,,
,,,,,
,,,,,
,,,,,
,,,,,
,,,,,
,,,,,
,,,,,
,,,,,
,,,,,
,,,,,
,,,,,
,,,,,
,,,,,
,,,,,
,,,,,
,,,,,
,,,,,
,,,,,
,,,,,
,,,,,
,,,,,
,,,,,
,,,,,
,,,,,
,,,,,
,,,,,
,,,,,
,,,,,
,,,,,
,,,,,
,,,,,
,,,,,
,,,,,
,,,,,
,,,,,
,,,,,
,,,,,
,,,,,
,,,,,
,,,,,
,,,,,
,,,,,
,,,,,
,,,,,
,,,,,
,,,,,
,,,,,
,,,,,
,,,,,
,,,,,
,,,,,
,,,,,
,,,,,
,,,,,
,,,,,
,,,,,
,,,,,
,,,,,
,,,,,
,,,,,
,,,,,
,,,,,
,,,,,
,,,,,
,,,,,
,,,,,
,,,,,
,,,,,
,,,,,
,,,,,
,,,,,
,,,,,
,,,,,
,,,,,
,,,,,
,,,,,
,,,,,
,,,,,
,,,,,
,,,,,
,,,,,
,,,,,
,,,,,
,,,,,
,,,,,
,,,,,
,,,,,
,,,,,
,,,,,
,,,,,
,,,,,
,,,,,
,,,,,
,,,,,
,,,,,
,,,,,
,,,,,
,,,,,
,,,,,
,,,,,
,,,,,
,,,,,
,,,,,
,,,,,
,,,,,
,,,,,
,,,,,
,,,,,
,,,,,
,,,,,
,,,,,
,,,,,
,,,,,
,,,,,
,,,,,
,,,,,
,,,,,
,,,,,
,,,,,
,,,,,
,,,,,
,,,,,
,,,,,
,,,,,
,,,,,
,,,,,
,,,,,
,,,,,
,,,,,
,,,,,
,,,,,
,,,,,
,,,,,
,,,,,
,,,,,
,,,,,
,,,,,
,,,,,
,,,,,
,,,,,
,,,,,
,,,,,
,,,,,
,,,,,
,,,,,
,,,,,
,,,,,
,,,,,
,,,,,
,,,,,
,,,,,
,,,,,
,,,,,
,,,,,
,,,,,
,,,,,
,,,,,
,,,,,
,,,,,
,,,,,
,,,,,
,,,,,
,,,,,
,,,,,
,,,,,
,,,,,
,,,,,
,,,,,
,,,,,
,,,,,
,,,,,
,,,,,
,,,,,
,,,,,
,,,,,
,,,,,
,,,,,
,,,,,
,,,,,
,,,,,
,,,,,
,,,,,
,,,,,
,,,,,
,,,,,
,,,,,
,,,,,
,,,,,
,,,,,
,,,,,
,,,,,
,,,,,
,,,,,
,,,,,
,,,,,
,,,,,
,,,,,
,,,,,
,,,,,
,,,,,
,,,,,
,,,,,
,,,,,
,,,,,
,,,,,
,,,,,
,,,,,
,,,,,
,,,,,
,,,,,
,,,,,
,,,,,
,,,,,
,,,,,
,,,,,
,,,,,
,,,,,
,,,,,
,,,,,
,,,,,
,,,,,
,,,,,
,,,,,
,,,,,
,,,,,
,,,,,
,,,,,
,,,,,
,,,,,
,,,,,
,,,,,
,,,,,
,,,,,
,,,,,
,,,,,
,,,,,
,,,,,
,,,,,
,,,,,
,,,,,
,,,,,
,,,,,
,,,,,
,,,,,
,,,,,
,,,,,
,,,,,
,,,,,
,,,,,
,,,,,
,,,,,
,,,,,
,,,,,
,,,,,
,,,,,
,,,,,
,,,,,
,,,,,
,,,,,
,,,,,
,,,,,
,,,,,
,,,,,
,,,,,
,,,,,
,,,,,
,,,,,
,,,,,
,,,,,
,,,,,
,,,,,
,,,,,
,,,,,
,,,,,
,,,,,
,,,,,
,,,,,
,,,,,
,,,,,
,,,,,
,,,,,
,,,,,
,,,,,
,,,,,
,,,,,
,,,,,
,,,,,
,,,,,
,,,,,
,,,,,
,,,,,
,,,,,
,,,,,
,,,,,
,,,,,
,,,,,
,,,,,
,,,,,
,,,,,
,,,,,
,,,,,
,,,,,
,,,,,
,,,,,
,,,,,
,,,,,
,,,,,
,,,,,
,,,,,
,,,,,
,,,,,
,,,,,
,,,,,
,,,,,
,,,,,
,,,,,
,,,,,
,,,,,
,,,,,
,,,,,
,,,,,
,,,,,
,,,,,
,,,,,
,,,,,
,,,,,
,,,,,
,,,,,
,,,,,
,,,,,
,,,,,
,,,,,
,,,,,
,,,,,
,,,,,
,,,,,
,,,,,
,,,,,
,,,,,
,,,,,
,,,,,
,,,,,
,,,,,
,,,,,
,,,,,
,,,,,
,,,,,
,,,,,
,,,,,
,,,,,
,,,,,
,,,,,
,,,,,
,,,,,
,,,,,
,,,,,
,,,,,
,,,,,
,,,,,
,,,,,
,,,,,
,,,,,
,,,,,
,,,,,
,,,,,
,,,,,
,,,,,
,,,,,
,,,,,
,,,,,
,,,,,
,,,,,
,,,,,
,,,,,
,,,,,
,,,,,
,,,,,
,,,,,
,,,,,
,,,,,
,,,,,
,,,,,
,,,,,
,,,,,
,,,,,
,,,,,
,,,,,
