academic_item,applies_to_all_offerings,code,type,Status
C04255,True,080952M,CRICOS,Removed or Changed
C04255,True,080952M,CRICOS,Removed or Changed
C04255,True,080952M,CRICOS,Removed or Changed
C04255,True,080952M,CRICOS,Removed or Changed
C04255,True,080952M,CRICOS,Removed or Changed
C04255,True,080952M,CRICOS,Removed or Changed
C04255,True,080952M,CRICOS,Removed or Changed
C04255,True,080952M,CRICOS,Removed or Changed
C04255,True,080952M,CRICOS,Removed or Changed
C04255,True,080952M,CRICOS,Removed or Changed
C04419,True,107830F,CRICOS,Removed or Changed
C04419,True,107830F,CRICOS,Removed or Changed
C04419,True,107830F,CRICOS,Removed or Changed
C04419,True,107830F,CRICOS,Removed or Changed
C04419,True,107830F,CRICOS,Removed or Changed
C04419,True,107830F,CRICOS,Removed or Changed
C04419,True,107830F,CRICOS,Removed or Changed
C04419,True,107830F,CRICOS,Removed or Changed
C07122,True,080597C,CRICOS,Removed or Changed
C07122,True,080597C,CRICOS,Removed or Changed
C07122,True,080597C,CRICOS,Removed or Changed
C07122,True,080597C,CRICOS,Removed or Changed
C07122,True,080597C,CRICOS,Removed or Changed
C07122,True,080597C,CRICOS,Removed or Changed
C07122,True,080597C,CRICOS,Removed or Changed
C07122,True,080597C,CRICOS,Removed or Changed
C07122,True,080597C,CRICOS,Removed or Changed
C07122,True,080597C,CRICOS,Removed or Changed
C07122,True,080597C,CRICOS,Removed or Changed
C07122,True,080597C,CRICOS,Removed or Changed
C07122,True,080597C,CRICOS,Removed or Changed
C07122,True,080597C,CRICOS,Removed or Changed
C07122,True,080597C,CRICOS,Removed or Changed
C07122,True,080597C,CRICOS,Removed or Changed
C07122,True,080597C,CRICOS,Removed or Changed
C07122,True,080597C,CRICOS,Removed or Changed
C07122,True,080597C,CRICOS,Removed or Changed
C07122,True,080597C,CRICOS,Removed or Changed
C07122,True,080597C,CRICOS,Removed or Changed
C07122,True,080597C,CRICOS,Removed or Changed
C07122,True,080597C,CRICOS,Removed or Changed
C07122,True,080597C,CRICOS,Removed or Changed
C07122,True,080597C,CRICOS,Removed or Changed
C11281,True,107947D,CRICOS,Removed or Changed
C11281,True,107947D,CRICOS,Removed or Changed
C11281,True,107947D,CRICOS,Removed or Changed
C11281,True,107947D,CRICOS,Removed or Changed
C11281,True,107947D,CRICOS,Removed or Changed
C11281,True,107947D,CRICOS,Removed or Changed
C11281,True,107947D,CRICOS,Removed or Changed
C11281,True,107947D,CRICOS,Removed or Changed
C06129,True,098388J,CRICOS,Removed or Changed
C06129,True,098388J,CRICOS,Removed or Changed
C06129,True,098388J,CRICOS,Removed or Changed
C06129,True,098388J,CRICOS,Removed or Changed
C06129,True,098388J,CRICOS,Removed or Changed
C06129,True,098388J,CRICOS,Removed or Changed
C06129,True,098388J,CRICOS,Removed or Changed
C06129,True,098388J,CRICOS,Removed or Changed
C06129,True,098388J,CRICOS,Removed or Changed
C06129,True,098388J,CRICOS,Removed or Changed
C06129,True,098388J,CRICOS,Removed or Changed
C06129,True,098388J,CRICOS,Removed or Changed
C06129,True,098388J,CRICOS,Removed or Changed
C06129,True,098388J,CRICOS,Removed or Changed
C10378,True,087782A,CRICOS,Removed or Changed
C10378,True,087782A,CRICOS,Removed or Changed
C10378,True,087782A,CRICOS,Removed or Changed
C10378,True,087782A,CRICOS,Removed or Changed
C10378,True,087782A,CRICOS,Removed or Changed
C10378,True,087782A,CRICOS,Removed or Changed
C04238,True,061285K,CRICOS,Removed or Changed
C04238,True,061285K,CRICOS,Removed or Changed
C04238,True,061285K,CRICOS,Removed or Changed
C04238,True,061285K,CRICOS,Removed or Changed
C04238,True,061285K,CRICOS,Removed or Changed
C04238,True,061285K,CRICOS,Removed or Changed
C04238,True,061285K,CRICOS,Removed or Changed
C04238,True,061285K,CRICOS,Removed or Changed
C04238,True,061285K,CRICOS,Removed or Changed
C03049,True,052680G,CRICOS,Removed or Changed
C03049,True,052680G,CRICOS,Removed or Changed
C03049,True,052680G,CRICOS,Removed or Changed
C03049,True,052680G,CRICOS,Removed or Changed
C03049,True,052680G,CRICOS,Removed or Changed
C03049,True,052680G,CRICOS,Removed or Changed
C03049,True,052680G,CRICOS,Removed or Changed
C03049,True,052680G,CRICOS,Removed or Changed
C03049,True,052680G,CRICOS,Removed or Changed
C03049,True,052680G,CRICOS,Removed or Changed
C03049,True,052680G,CRICOS,Removed or Changed
C03049,True,052680G,CRICOS,Removed or Changed
C03049,True,052680G,CRICOS,Removed or Changed
C03049,True,052680G,CRICOS,Removed or Changed
C03049,True,052680G,CRICOS,Removed or Changed
C03049,True,052680G,CRICOS,Removed or Changed
C03049,True,052680G,CRICOS,Removed or Changed
C03049,True,052680G,CRICOS,Removed or Changed
C04264,True,080598B,CRICOS,Removed or Changed
C04264,True,080598B,CRICOS,Removed or Changed
C04264,True,080598B,CRICOS,Removed or Changed
C04264,True,080598B,CRICOS,Removed or Changed
C04264,True,080598B,CRICOS,Removed or Changed
C04264,True,080598B,CRICOS,Removed or Changed
C04264,True,080598B,CRICOS,Removed or Changed
C04264,True,080598B,CRICOS,Removed or Changed
C04264,True,080598B,CRICOS,Removed or Changed
C04264,True,080598B,CRICOS,Removed or Changed
C04264,True,080598B,CRICOS,Removed or Changed
C04264,True,080598B,CRICOS,Removed or Changed
C04264,True,080598B,CRICOS,Removed or Changed
C04264,True,080598B,CRICOS,Removed or Changed
C04264,True,080598B,CRICOS,Removed or Changed
C04264,True,080598B,CRICOS,Removed or Changed
C04264,True,080598B,CRICOS,Removed or Changed
C04264,True,080598B,CRICOS,Removed or Changed
C04264,True,080598B,CRICOS,Removed or Changed
C04264,True,080598B,CRICOS,Removed or Changed
C04264,True,080598B,CRICOS,Removed or Changed
C04264,True,080598B,CRICOS,Removed or Changed
C04264,True,080598B,CRICOS,Removed or Changed
C04264,True,080598B,CRICOS,Removed or Changed
C04264,True,080598B,CRICOS,Removed or Changed
C10382,True,087788F,CRICOS,Removed or Changed
C10382,True,087788F,CRICOS,Removed or Changed
C10382,True,087788F,CRICOS,Removed or Changed
C10382,True,087788F,CRICOS,Removed or Changed
C10382,True,087788F,CRICOS,Removed or Changed
C10382,True,087788F,CRICOS,Removed or Changed
C04296,True,084254E,CRICOS,Removed or Changed
C04296,True,084254E,CRICOS,Removed or Changed
C04296,True,084254E,CRICOS,Removed or Changed
C04296,True,084254E,CRICOS,Removed or Changed
C04296,True,084254E,CRICOS,Removed or Changed
C04296,True,084254E,CRICOS,Removed or Changed
C04296,True,084254E,CRICOS,Removed or Changed
C04296,True,084254E,CRICOS,Removed or Changed
C04296,True,084254E,CRICOS,Removed or Changed
C04296,True,084254E,CRICOS,Removed or Changed
C04296,True,084254E,CRICOS,Removed or Changed
C04296,True,084254E,CRICOS,Removed or Changed
C04296,True,084254E,CRICOS,Removed or Changed
C04296,True,084254E,CRICOS,Removed or Changed
C04296,True,084254E,CRICOS,Removed or Changed
C04296,True,084254E,CRICOS,Removed or Changed
C04296,True,084254E,CRICOS,Removed or Changed
C04296,True,084254E,CRICOS,Removed or Changed
C04296,True,084254E,CRICOS,Removed or Changed
C20056,True,084260G,CRICOS,Removed or Changed
C20056,True,084260G,CRICOS,Removed or Changed
C20056,True,084260G,CRICOS,Removed or Changed
C20056,True,084260G,CRICOS,Removed or Changed
C20056,True,084260G,CRICOS,Removed or Changed
C20056,True,084260G,CRICOS,Removed or Changed
C20056,True,084260G,CRICOS,Removed or Changed
C20056,True,084260G,CRICOS,Removed or Changed
C20056,True,084260G,CRICOS,Removed or Changed
C20056,True,084260G,CRICOS,Removed or Changed
C20056,True,084260G,CRICOS,Removed or Changed
C20056,True,084260G,CRICOS,Removed or Changed
C20056,True,084260G,CRICOS,Removed or Changed
C20056,True,084260G,CRICOS,Removed or Changed
C20056,True,084260G,CRICOS,Removed or Changed
C20056,True,084260G,CRICOS,Removed or Changed
C20056,True,084260G,CRICOS,Removed or Changed
C20056,True,084260G,CRICOS,Removed or Changed
C03053,True,076138J,CRICOS,Removed or Changed
C03053,True,076138J,CRICOS,Removed or Changed
C03053,True,076138J,CRICOS,Removed or Changed
C03053,True,076138J,CRICOS,Removed or Changed
C03053,True,076138J,CRICOS,Removed or Changed
C03053,True,076138J,CRICOS,Removed or Changed
C03053,True,076138J,CRICOS,Removed or Changed
C03053,True,076138J,CRICOS,Removed or Changed
C03053,True,076138J,CRICOS,Removed or Changed
C03053,True,076138J,CRICOS,Removed or Changed
C03053,True,076138J,CRICOS,Removed or Changed
C03053,True,076138J,CRICOS,Removed or Changed
C06115,True,084262E,CRICOS,Removed or Changed
C06115,True,084262E,CRICOS,Removed or Changed
C06115,True,084262E,CRICOS,Removed or Changed
C06115,True,084262E,CRICOS,Removed or Changed
C06115,True,084262E,CRICOS,Removed or Changed
C06115,True,084262E,CRICOS,Removed or Changed
C06115,True,084262E,CRICOS,Removed or Changed
C06115,True,084262E,CRICOS,Removed or Changed
C06115,True,084262E,CRICOS,Removed or Changed
C06115,True,084262E,CRICOS,Removed or Changed
C06115,True,084262E,CRICOS,Removed or Changed
C06115,True,084262E,CRICOS,Removed or Changed
C03062,True,098382D,CRICOS,Removed or Changed
C03062,True,098382D,CRICOS,Removed or Changed
C03062,True,098382D,CRICOS,Removed or Changed
C03062,True,098382D,CRICOS,Removed or Changed
C03062,True,098382D,CRICOS,Removed or Changed
C03062,True,098382D,CRICOS,Removed or Changed
C03062,True,098382D,CRICOS,Removed or Changed
C03062,True,098382D,CRICOS,Removed or Changed
C03062,True,098382D,CRICOS,Removed or Changed
C03062,True,098382D,CRICOS,Removed or Changed
C03062,True,098382D,CRICOS,Removed or Changed
C03062,True,098382D,CRICOS,Removed or Changed
C03062,True,098382D,CRICOS,Removed or Changed
C03062,True,098382D,CRICOS,Removed or Changed
C11199,True,055277E,CRICOS,Removed or Changed
C11199,True,055277E,CRICOS,Removed or Changed
C11199,True,055277E,CRICOS,Removed or Changed
C11199,True,055277E,CRICOS,Removed or Changed
C11199,True,055277E,CRICOS,Removed or Changed
C11199,True,055277E,CRICOS,Removed or Changed
C11199,True,055277E,CRICOS,Removed or Changed
C11211,True,064381G,CRICOS,Removed or Changed
C11211,True,064381G,CRICOS,Removed or Changed
C11211,True,064381G,CRICOS,Removed or Changed
C11211,True,064381G,CRICOS,Removed or Changed
C11211,True,064381G,CRICOS,Removed or Changed
C11211,True,064381G,CRICOS,Removed or Changed
C11211,True,064381G,CRICOS,Removed or Changed
C11211,True,064381G,CRICOS,Removed or Changed
C11211,True,064381G,CRICOS,Removed or Changed
C11211,True,064381G,CRICOS,Removed or Changed
C11211,True,064381G,CRICOS,Removed or Changed
C11211,True,064381G,CRICOS,Removed or Changed
C11211,True,064381G,CRICOS,Removed or Changed
C11211,True,064381G,CRICOS,Removed or Changed
C11211,True,064381G,CRICOS,Removed or Changed
C11211,True,064381G,CRICOS,Removed or Changed
C11211,True,064381G,CRICOS,Removed or Changed
C11211,True,064381G,CRICOS,Removed or Changed
C11211,True,064381G,CRICOS,Removed or Changed
C11211,True,064381G,CRICOS,Removed or Changed
C11211,True,064381G,CRICOS,Removed or Changed
C11211,True,064381G,CRICOS,Removed or Changed
C11211,True,064381G,CRICOS,Removed or Changed
C11211,True,064381G,CRICOS,Removed or Changed
C03048,True,052679M,CRICOS,Removed or Changed
C03048,True,052679M,CRICOS,Removed or Changed
C03048,True,052679M,CRICOS,Removed or Changed
C03048,True,052679M,CRICOS,Removed or Changed
C03048,True,052679M,CRICOS,Removed or Changed
C03048,True,052679M,CRICOS,Removed or Changed
C03048,True,052679M,CRICOS,Removed or Changed
C03048,True,052679M,CRICOS,Removed or Changed
C03048,True,052679M,CRICOS,Removed or Changed
C03048,True,052679M,CRICOS,Removed or Changed
C03048,True,052679M,CRICOS,Removed or Changed
C03048,True,052679M,CRICOS,Removed or Changed
C03048,True,052679M,CRICOS,Removed or Changed
C03048,True,052679M,CRICOS,Removed or Changed
C03048,True,052679M,CRICOS,Removed or Changed
C03048,True,052679M,CRICOS,Removed or Changed
C03048,True,052679M,CRICOS,Removed or Changed
C03048,True,052679M,CRICOS,Removed or Changed
C04252,True,074915M,CRICOS,Removed or Changed
C04252,True,074915M,CRICOS,Removed or Changed
C04252,True,074915M,CRICOS,Removed or Changed
C04252,True,074915M,CRICOS,Removed or Changed
C04252,True,074915M,CRICOS,Removed or Changed
C04252,True,074915M,CRICOS,Removed or Changed
C04252,True,074915M,CRICOS,Removed or Changed
C04252,True,074915M,CRICOS,Removed or Changed
C04252,True,074915M,CRICOS,Removed or Changed
C04252,True,074915M,CRICOS,Removed or Changed
C04252,True,074915M,CRICOS,Removed or Changed
C04252,True,074915M,CRICOS,Removed or Changed
C04252,True,074915M,CRICOS,Removed or Changed
C04252,True,074915M,CRICOS,Removed or Changed
C04252,True,074915M,CRICOS,Removed or Changed
C04252,True,074915M,CRICOS,Removed or Changed
C04252,True,074915M,CRICOS,Removed or Changed
C10323,True,079753F,CRICOS,Removed or Changed
C10323,True,079753F,CRICOS,Removed or Changed
C06136,True,101147,CRICOS,Removed or Changed
C06136,True,101147,CRICOS,Removed or Changed
C06136,True,101147,CRICOS,Removed or Changed
C06136,True,101147,CRICOS,Removed or Changed
C06136,True,101147,CRICOS,Removed or Changed
C06136,True,101147,CRICOS,Removed or Changed
C06136,True,101147,CRICOS,Removed or Changed
C06136,True,101147,CRICOS,Removed or Changed
C04420,True,102950E,CRICOS,Removed or Changed
C04420,True,102950E,CRICOS,Removed or Changed
C04420,True,102950E,CRICOS,Removed or Changed
C04420,True,102950E,CRICOS,Removed or Changed
C04420,True,102950E,CRICOS,Removed or Changed
C04420,True,102950E,CRICOS,Removed or Changed
C04420,True,102950E,CRICOS,Removed or Changed
C04420,True,102950E,CRICOS,Removed or Changed
C04420,True,102950E,CRICOS,Removed or Changed
C04420,True,102950E,CRICOS,Removed or Changed
C10457,True,106661D,CRICOS,Removed or Changed
C10457,True,106661D,CRICOS,Removed or Changed
C10457,True,106661D,CRICOS,Removed or Changed
C10457,True,106661D,CRICOS,Removed or Changed
C10300,True,080087C,CRICOS,Removed or Changed
C10300,True,080087C,CRICOS,Removed or Changed
C10300,True,080087C,CRICOS,Removed or Changed
C10300,True,080087C,CRICOS,Removed or Changed
C10300,True,080087C,CRICOS,Removed or Changed
C10300,True,080087C,CRICOS,Removed or Changed
C10300,True,080087C,CRICOS,Removed or Changed
C10300,True,080087C,CRICOS,Removed or Changed
C10300,True,080087C,CRICOS,Removed or Changed
C10300,True,080087C,CRICOS,Removed or Changed
C10300,True,080087C,CRICOS,Removed or Changed
C10300,True,080087C,CRICOS,Removed or Changed
C10300,True,080087C,CRICOS,Removed or Changed
C10300,True,080087C,CRICOS,Removed or Changed
C10300,True,080087C,CRICOS,Removed or Changed
C10300,True,080087C,CRICOS,Removed or Changed
C10300,True,080087C,CRICOS,Removed or Changed
C10300,True,080087C,CRICOS,Removed or Changed
C03024,True,006407F,CRICOS,Removed or Changed
C03024,True,006407F,CRICOS,Removed or Changed
C03024,True,006407F,CRICOS,Removed or Changed
C03024,True,006407F,CRICOS,Removed or Changed
C03024,True,006407F,CRICOS,Removed or Changed
C03024,True,006407F,CRICOS,Removed or Changed
C03024,True,006407F,CRICOS,Removed or Changed
C03024,True,006407F,CRICOS,Removed or Changed
C03024,True,006407F,CRICOS,Removed or Changed
C03024,True,006407F,CRICOS,Removed or Changed
C03024,True,006407F,CRICOS,Removed or Changed
C03024,True,006407F,CRICOS,Removed or Changed
C03024,True,006407F,CRICOS,Removed or Changed
C03024,True,006407F,CRICOS,Removed or Changed
C03024,True,006407F,CRICOS,Removed or Changed
C03024,True,006407F,CRICOS,Removed or Changed
C03024,True,006407F,CRICOS,Removed or Changed
C03024,True,006407F,CRICOS,Removed or Changed
C03024,True,006407F,CRICOS,Removed or Changed
C03024,True,006407F,CRICOS,Removed or Changed
C03024,True,006407F,CRICOS,Removed or Changed
C03024,True,006407F,CRICOS,Removed or Changed
C10004,True,044179J,CRICOS,Removed or Changed
C10004,True,044179J,CRICOS,Removed or Changed
C10004,True,044179J,CRICOS,Removed or Changed
C10004,True,044179J,CRICOS,Removed or Changed
C10004,True,044179J,CRICOS,Removed or Changed
C10004,True,044179J,CRICOS,Removed or Changed
C10004,True,044179J,CRICOS,Removed or Changed
C10004,True,044179J,CRICOS,Removed or Changed
C10004,True,044179J,CRICOS,Removed or Changed
C10004,True,044179J,CRICOS,Removed or Changed
C10004,True,044179J,CRICOS,Removed or Changed
C10004,True,044179J,CRICOS,Removed or Changed
C10004,True,044179J,CRICOS,Removed or Changed
C10004,True,044179J,CRICOS,Removed or Changed
C10004,True,044179J,CRICOS,Removed or Changed
C10004,True,044179J,CRICOS,Removed or Changed
C04325,True,082831D,CRICOS,Removed or Changed
C04325,True,082831D,CRICOS,Removed or Changed
C04325,True,082831D,CRICOS,Removed or Changed
C04325,True,082831D,CRICOS,Removed or Changed
C04325,True,082831D,CRICOS,Removed or Changed
C04325,True,082831D,CRICOS,Removed or Changed
C04325,True,082831D,CRICOS,Removed or Changed
C10452,True,106871E,CRICOS,Removed or Changed
C10452,True,106871E,CRICOS,Removed or Changed
C10452,True,106871E,CRICOS,Removed or Changed
C10452,True,106871E,CRICOS,Removed or Changed
C10452,True,106871E,CRICOS,Removed or Changed
C10452,True,106871E,CRICOS,Removed or Changed
C10452,True,106871E,CRICOS,Removed or Changed
C10452,True,106871E,CRICOS,Removed or Changed
C10172,True,026806C,CRICOS,Removed or Changed
C10172,True,026806C,CRICOS,Removed or Changed
C10172,True,026806C,CRICOS,Removed or Changed
C10172,True,026806C,CRICOS,Removed or Changed
C10172,True,026806C,CRICOS,Removed or Changed
C10172,True,026806C,CRICOS,Removed or Changed
C10172,True,026806C,CRICOS,Removed or Changed
C03056,True,086292E,CRICOS,Removed or Changed
C03056,True,086292E,CRICOS,Removed or Changed
C03056,True,086292E,CRICOS,Removed or Changed
C03056,True,086292E,CRICOS,Removed or Changed
C03056,True,086292E,CRICOS,Removed or Changed
C03056,True,086292E,CRICOS,Removed or Changed
C03056,True,086292E,CRICOS,Removed or Changed
C03056,True,086292E,CRICOS,Removed or Changed
C03056,True,086292E,CRICOS,Removed or Changed
C03056,True,086292E,CRICOS,Removed or Changed
C03056,True,086292E,CRICOS,Removed or Changed
C03056,True,086292E,CRICOS,Removed or Changed
C04423,True,092411G,CRICOS,Removed or Changed
C04423,True,092411G,CRICOS,Removed or Changed
C04423,True,092411G,CRICOS,Removed or Changed
C04423,True,092411G,CRICOS,Removed or Changed
C04423,True,092411G,CRICOS,Removed or Changed
C04423,True,092411G,CRICOS,Removed or Changed
C04423,True,092411G,CRICOS,Removed or Changed
C10386,True,092380K,CRICOS,Removed or Changed
C10386,True,092380K,CRICOS,Removed or Changed
C10386,True,092380K,CRICOS,Removed or Changed
C10386,True,092380K,CRICOS,Removed or Changed
C10386,True,092380K,CRICOS,Removed or Changed
C10386,True,092380K,CRICOS,Removed or Changed
C10386,True,092380K,CRICOS,Removed or Changed
C10386,True,092380K,CRICOS,Removed or Changed
C11239,True,081085G,CRICOS,Removed or Changed
C11239,True,081085G,CRICOS,Removed or Changed
C11239,True,081085G,CRICOS,Removed or Changed
C11239,True,081085G,CRICOS,Removed or Changed
C11239,True,081085G,CRICOS,Removed or Changed
C11239,True,081085G,CRICOS,Removed or Changed
C11239,True,081085G,CRICOS,Removed or Changed
C11239,True,081085G,CRICOS,Removed or Changed
C11239,True,081085G,CRICOS,Removed or Changed
C11239,True,081085G,CRICOS,Removed or Changed
C11239,True,081085G,CRICOS,Removed or Changed
C11239,True,081085G,CRICOS,Removed or Changed
C11239,True,081085G,CRICOS,Removed or Changed
C11239,True,081085G,CRICOS,Removed or Changed
C11239,True,081085G,CRICOS,Removed or Changed
C11239,True,081085G,CRICOS,Removed or Changed
C11239,True,081085G,CRICOS,Removed or Changed
C11239,True,081085G,CRICOS,Removed or Changed
C11239,True,081085G,CRICOS,Removed or Changed
C11239,True,081085G,CRICOS,Removed or Changed
C11239,True,081085G,CRICOS,Removed or Changed
C11239,True,081085G,CRICOS,Removed or Changed
C11239,True,081085G,CRICOS,Removed or Changed
C11239,True,081085G,CRICOS,Removed or Changed
C11216,True,071910G,CRICOS,Removed or Changed
C11216,True,071910G,CRICOS,Removed or Changed
C11216,True,071910G,CRICOS,Removed or Changed
C11216,True,071910G,CRICOS,Removed or Changed
C11216,True,071910G,CRICOS,Removed or Changed
C11216,True,071910G,CRICOS,Removed or Changed
C11216,True,071910G,CRICOS,Removed or Changed
C11216,True,071910G,CRICOS,Removed or Changed
C11216,True,071910G,CRICOS,Removed or Changed
C11216,True,071910G,CRICOS,Removed or Changed
C11216,True,071910G,CRICOS,Removed or Changed
C11216,True,071910G,CRICOS,Removed or Changed
C11216,True,071910G,CRICOS,Removed or Changed
C11216,True,071910G,CRICOS,Removed or Changed
C11216,True,071910G,CRICOS,Removed or Changed
C11216,True,071910G,CRICOS,Removed or Changed
C11216,True,071910G,CRICOS,Removed or Changed
C11216,True,071910G,CRICOS,Removed or Changed
C11216,True,071910G,CRICOS,Removed or Changed
C11216,True,071910G,CRICOS,Removed or Changed
C11216,True,071910G,CRICOS,Removed or Changed
C11216,True,071910G,CRICOS,Removed or Changed
C11216,True,071910G,CRICOS,Removed or Changed
C11216,True,071910G,CRICOS,Removed or Changed
C11216,True,071910G,CRICOS,Removed or Changed
C11216,True,071910G,CRICOS,Removed or Changed
C11216,True,071910G,CRICOS,Removed or Changed
C11216,True,071910G,CRICOS,Removed or Changed
C11216,True,071910G,CRICOS,Removed or Changed
C11216,True,071910G,CRICOS,Removed or Changed
C11247,True,084252G,CRICOS,Removed or Changed
C11247,True,084252G,CRICOS,Removed or Changed
C11247,True,084252G,CRICOS,Removed or Changed
C11247,True,084252G,CRICOS,Removed or Changed
C11247,True,084252G,CRICOS,Removed or Changed
C11247,True,084252G,CRICOS,Removed or Changed
C11247,True,084252G,CRICOS,Removed or Changed
C11247,True,084252G,CRICOS,Removed or Changed
C11247,True,084252G,CRICOS,Removed or Changed
C11247,True,084252G,CRICOS,Removed or Changed
C11247,True,084252G,CRICOS,Removed or Changed
C11247,True,084252G,CRICOS,Removed or Changed
C11247,True,084252G,CRICOS,Removed or Changed
C11247,True,084252G,CRICOS,Removed or Changed
C11247,True,084252G,CRICOS,Removed or Changed
C11247,True,084252G,CRICOS,Removed or Changed
C11247,True,084252G,CRICOS,Removed or Changed
C11247,True,084252G,CRICOS,Removed or Changed
C11247,True,084252G,CRICOS,Removed or Changed
C11247,True,084252G,CRICOS,Removed or Changed
C11247,True,084252G,CRICOS,Removed or Changed
C11247,True,084252G,CRICOS,Removed or Changed
C11247,True,084252G,CRICOS,Removed or Changed
C11247,True,084252G,CRICOS,Removed or Changed
C04295,True,084256C,CRICOS,Removed or Changed
C04295,True,084256C,CRICOS,Removed or Changed
C04295,True,084256C,CRICOS,Removed or Changed
C04295,True,084256C,CRICOS,Removed or Changed
C04295,True,084256C,CRICOS,Removed or Changed
C04295,True,084256C,CRICOS,Removed or Changed
C04295,True,084256C,CRICOS,Removed or Changed
C04295,True,084256C,CRICOS,Removed or Changed
C04295,True,084256C,CRICOS,Removed or Changed
C04295,True,084256C,CRICOS,Removed or Changed
C04295,True,084256C,CRICOS,Removed or Changed
C04295,True,084256C,CRICOS,Removed or Changed
C04295,True,084256C,CRICOS,Removed or Changed
C04295,True,084256C,CRICOS,Removed or Changed
C04295,True,084256C,CRICOS,Removed or Changed
C04295,True,084256C,CRICOS,Removed or Changed
C04295,True,084256C,CRICOS,Removed or Changed
C04295,True,084256C,CRICOS,Removed or Changed
C04295,True,084256C,CRICOS,Removed or Changed
C10223,True,079561C,CRICOS,Removed or Changed
C10223,True,079561C,CRICOS,Removed or Changed
C10223,True,079561C,CRICOS,Removed or Changed
C10223,True,079561C,CRICOS,Removed or Changed
C10223,True,079561C,CRICOS,Removed or Changed
C10223,True,079561C,CRICOS,Removed or Changed
C10223,True,079561C,CRICOS,Removed or Changed
C10223,True,079561C,CRICOS,Removed or Changed
C10223,True,079561C,CRICOS,Removed or Changed
C10223,True,079561C,CRICOS,Removed or Changed
C10223,True,079561C,CRICOS,Removed or Changed
C10223,True,079561C,CRICOS,Removed or Changed
C10223,True,079561C,CRICOS,Removed or Changed
C10223,True,079561C,CRICOS,Removed or Changed
C03057,True,086291F,CRICOS,Removed or Changed
C03057,True,086291F,CRICOS,Removed or Changed
C03057,True,086291F,CRICOS,Removed or Changed
C03057,True,086291F,CRICOS,Removed or Changed
C03057,True,086291F,CRICOS,Removed or Changed
C03057,True,086291F,CRICOS,Removed or Changed
C03057,True,086291F,CRICOS,Removed or Changed
C03057,True,086291F,CRICOS,Removed or Changed
C03057,True,086291F,CRICOS,Removed or Changed
C03057,True,086291F,CRICOS,Removed or Changed
C03057,True,086291F,CRICOS,Removed or Changed
C03057,True,086291F,CRICOS,Removed or Changed
C10424,True,103083B,CRICOS,Removed or Changed
C10424,True,103083B,CRICOS,Removed or Changed
C10424,True,103083B,CRICOS,Removed or Changed
C10424,True,103083B,CRICOS,Removed or Changed
C10424,True,103083B,CRICOS,Removed or Changed
C10424,True,103083B,CRICOS,Removed or Changed
C10424,True,103083B,CRICOS,Removed or Changed
C10424,True,103083B,CRICOS,Removed or Changed
C10424,True,103083B,CRICOS,Removed or Changed
C10424,True,103083B,CRICOS,Removed or Changed
C06110,True,109001E,CRICOS,Removed or Changed
C06110,True,109001E,CRICOS,Removed or Changed
C06110,True,109001E,CRICOS,Removed or Changed
C06110,True,109001E,CRICOS,Removed or Changed
C06110,True,109001E,CRICOS,Removed or Changed
C06110,True,109001E,CRICOS,Removed or Changed
C06110,True,109001E,CRICOS,Removed or Changed
C06110,True,109001E,CRICOS,Removed or Changed
C06110,True,109001E,CRICOS,Removed or Changed
C06110,True,109001E,CRICOS,Removed or Changed
C06110,True,109001E,CRICOS,Removed or Changed
C06110,True,109001E,CRICOS,Removed or Changed
C06110,True,109001E,CRICOS,Removed or Changed
C06110,True,109001E,CRICOS,Removed or Changed
C06110,True,109001E,CRICOS,Removed or Changed
C06110,True,109001E,CRICOS,Removed or Changed
C06110,True,109001E,CRICOS,Removed or Changed
C06110,True,109001E,CRICOS,Removed or Changed
C06110,True,109001E,CRICOS,Removed or Changed
C06110,True,109001E,CRICOS,Removed or Changed
C06110,True,109001E,CRICOS,Removed or Changed
C06110,True,109001E,CRICOS,Removed or Changed
C04294,True,084258A,CRICOS,Removed or Changed
C04294,True,084258A,CRICOS,Removed or Changed
C04294,True,084258A,CRICOS,Removed or Changed
C04294,True,084258A,CRICOS,Removed or Changed
C10122,True,019877B,CRICOS,Removed or Changed
C10122,True,019877B,CRICOS,Removed or Changed
C10122,True,019877B,CRICOS,Removed or Changed
C10122,True,019877B,CRICOS,Removed or Changed
C10122,True,019877B,CRICOS,Removed or Changed
C10122,True,019877B,CRICOS,Removed or Changed
C10122,True,019877B,CRICOS,Removed or Changed
C10122,True,019877B,CRICOS,Removed or Changed
C10122,True,019877B,CRICOS,Removed or Changed
C10122,True,019877B,CRICOS,Removed or Changed
C10122,True,019877B,CRICOS,Removed or Changed
C10122,True,019877B,CRICOS,Removed or Changed
C04300,True,084263D,CRICOS,Removed or Changed
C04300,True,084263D,CRICOS,Removed or Changed
C04300,True,084263D,CRICOS,Removed or Changed
C04300,True,084263D,CRICOS,Removed or Changed
C04300,True,084263D,CRICOS,Removed or Changed
C04300,True,084263D,CRICOS,Removed or Changed
C04370,True,109317G,CRICOS,Removed or Changed
C04370,True,109317G,CRICOS,Removed or Changed
C04370,True,109317G,CRICOS,Removed or Changed
C04370,True,109317G,CRICOS,Removed or Changed
C04370,True,109317G,CRICOS,Removed or Changed
C04370,True,109317G,CRICOS,Removed or Changed
C04370,True,109317G,CRICOS,Removed or Changed
C04371,True,096873A,CRICOS,Removed or Changed
C04371,True,096873A,CRICOS,Removed or Changed
C04371,True,096873A,CRICOS,Removed or Changed
C04371,True,096873A,CRICOS,Removed or Changed
C04371,True,096873A,CRICOS,Removed or Changed
C04371,True,096873A,CRICOS,Removed or Changed
C04371,True,096873A,CRICOS,Removed or Changed
C04371,True,096873A,CRICOS,Removed or Changed
C04371,True,096873A,CRICOS,Removed or Changed
C06124,True,084267M,CRICOS,Removed or Changed
C06124,True,084267M,CRICOS,Removed or Changed
C06124,True,084267M,CRICOS,Removed or Changed
C06124,True,084267M,CRICOS,Removed or Changed
C06124,True,084267M,CRICOS,Removed or Changed
C06124,True,084267M,CRICOS,Removed or Changed
C06124,True,084267M,CRICOS,Removed or Changed
C06124,True,084267M,CRICOS,Removed or Changed
C06124,True,084267M,CRICOS,Removed or Changed
C06124,True,084267M,CRICOS,Removed or Changed
C06124,True,084267M,CRICOS,Removed or Changed
C11277,True,098054J,CRICOS,Removed or Changed
C11277,True,098054J,CRICOS,Removed or Changed
C11277,True,098054J,CRICOS,Removed or Changed
C11277,True,098054J,CRICOS,Removed or Changed
C11277,True,098054J,CRICOS,Removed or Changed
C11277,True,098054J,CRICOS,Removed or Changed
C11277,True,098054J,CRICOS,Removed or Changed
C11277,True,098054J,CRICOS,Removed or Changed
C11277,True,098054J,CRICOS,Removed or Changed
C11277,True,098054J,CRICOS,Removed or Changed
C11277,True,098054J,CRICOS,Removed or Changed
C11277,True,098054J,CRICOS,Removed or Changed
C11277,True,098054J,CRICOS,Removed or Changed
C11277,True,098054J,CRICOS,Removed or Changed
C11354,True,110894H,CRICOS,Removed or Changed
C11354,True,110894H,CRICOS,Removed or Changed
C11354,True,110894H,CRICOS,Removed or Changed
C11354,True,110894H,CRICOS,Removed or Changed
C11354,True,110894H,CRICOS,Removed or Changed
C10482,True,Pending,CRICOS,Removed or Changed
C10482,True,Pending,CRICOS,Removed or Changed
C10482,True,Pending,CRICOS,Removed or Changed
C10482,True,Pending,CRICOS,Removed or Changed
C04008,True,019745C,CRICOS,Removed or Changed
C04008,True,019745C,CRICOS,Removed or Changed
C04008,True,019745C,CRICOS,Removed or Changed
C04008,True,019745C,CRICOS,Removed or Changed
C04008,True,019745C,CRICOS,Removed or Changed
C04008,True,019745C,CRICOS,Removed or Changed
C04008,True,019745C,CRICOS,Removed or Changed
C04008,True,019745C,CRICOS,Removed or Changed
C04008,True,019745C,CRICOS,Removed or Changed
C04008,True,019745C,CRICOS,Removed or Changed
C04008,True,019745C,CRICOS,Removed or Changed
C04008,True,019745C,CRICOS,Removed or Changed
C04008,True,019745C,CRICOS,Removed or Changed
C04008,True,019745C,CRICOS,Removed or Changed
C04008,True,019745C,CRICOS,Removed or Changed
C04008,True,019745C,CRICOS,Removed or Changed
C04008,True,019745C,CRICOS,Removed or Changed
C04008,True,019745C,CRICOS,Removed or Changed
C04008,True,019745C,CRICOS,Removed or Changed
C04008,True,019745C,CRICOS,Removed or Changed
C04008,True,019745C,CRICOS,Removed or Changed
C04008,True,019745C,CRICOS,Removed or Changed
C04008,True,019745C,CRICOS,Removed or Changed
C06017,True,046112A,CRICOS,Removed or Changed
C06017,True,046112A,CRICOS,Removed or Changed
C06017,True,046112A,CRICOS,Removed or Changed
C06017,True,046112A,CRICOS,Removed or Changed
C06017,True,046112A,CRICOS,Removed or Changed
C06017,True,046112A,CRICOS,Removed or Changed
C06017,True,046112A,CRICOS,Removed or Changed
C06017,True,046112A,CRICOS,Removed or Changed
C06017,True,046112A,CRICOS,Removed or Changed
C07029,True,014223C,CRICOS,Removed or Changed
C07029,True,014223C,CRICOS,Removed or Changed
C07029,True,014223C,CRICOS,Removed or Changed
C07029,True,014223C,CRICOS,Removed or Changed
C07029,True,014223C,CRICOS,Removed or Changed
C07029,True,014223C,CRICOS,Removed or Changed
C07029,True,014223C,CRICOS,Removed or Changed
C07029,True,014223C,CRICOS,Removed or Changed
C07029,True,014223C,CRICOS,Removed or Changed
C10136,True,040713B,CRICOS,Removed or Changed
C10136,True,040713B,CRICOS,Removed or Changed
C10136,True,040713B,CRICOS,Removed or Changed
C10136,True,040713B,CRICOS,Removed or Changed
C10136,True,040713B,CRICOS,Removed or Changed
C10136,True,040713B,CRICOS,Removed or Changed
C04381,True,107949B,CRICOS,Removed or Changed
C04381,True,107949B,CRICOS,Removed or Changed
C04381,True,107949B,CRICOS,Removed or Changed
C04381,True,107949B,CRICOS,Removed or Changed
C04381,True,107949B,CRICOS,Removed or Changed
C04381,True,107949B,CRICOS,Removed or Changed
C04381,True,107949B,CRICOS,Removed or Changed
C04381,True,107949B,CRICOS,Removed or Changed
C04385,True,098387K,CRICOS,Removed or Changed
C04385,True,098387K,CRICOS,Removed or Changed
C04385,True,098387K,CRICOS,Removed or Changed
C04385,True,098387K,CRICOS,Removed or Changed
C04385,True,098387K,CRICOS,Removed or Changed
C04385,True,098387K,CRICOS,Removed or Changed
C04385,True,098387K,CRICOS,Removed or Changed
C04385,True,098387K,CRICOS,Removed or Changed
C04385,True,098387K,CRICOS,Removed or Changed
C04385,True,098387K,CRICOS,Removed or Changed
C04385,True,098387K,CRICOS,Removed or Changed
C04385,True,098387K,CRICOS,Removed or Changed
C04385,True,098387K,CRICOS,Removed or Changed
C04385,True,098387K,CRICOS,Removed or Changed
C11254,True,088014M,CRICOS,Removed or Changed
C11254,True,088014M,CRICOS,Removed or Changed
C11254,True,088014M,CRICOS,Removed or Changed
C11254,True,088014M,CRICOS,Removed or Changed
C11254,True,088014M,CRICOS,Removed or Changed
C11254,True,088014M,CRICOS,Removed or Changed
C11254,True,088014M,CRICOS,Removed or Changed
C11254,True,088014M,CRICOS,Removed or Changed
C11254,True,088014M,CRICOS,Removed or Changed
C11254,True,088014M,CRICOS,Removed or Changed
C11254,True,088014M,CRICOS,Removed or Changed
C04379,True,100411,CRICOS,Removed or Changed
C04379,True,100411,CRICOS,Removed or Changed
C04379,True,100411,CRICOS,Removed or Changed
C04379,True,100411,CRICOS,Removed or Changed
C04379,True,100411,CRICOS,Removed or Changed
C04379,True,100411,CRICOS,Removed or Changed
C04379,True,100411,CRICOS,Removed or Changed
C04379,True,100411,CRICOS,Removed or Changed
C06116,True,088013A,CRICOS,Removed or Changed
C06116,True,088013A,CRICOS,Removed or Changed
C06116,True,088013A,CRICOS,Removed or Changed
C06116,True,088013A,CRICOS,Removed or Changed
C06116,True,088013A,CRICOS,Removed or Changed
C06116,True,088013A,CRICOS,Removed or Changed
C06116,True,088013A,CRICOS,Removed or Changed
C06116,True,088013A,CRICOS,Removed or Changed
C06116,True,088013A,CRICOS,Removed or Changed
C06116,True,088013A,CRICOS,Removed or Changed
C10405,True,102566B,CRICOS,Removed or Changed
C10405,True,102566B,CRICOS,Removed or Changed
C10405,True,102566B,CRICOS,Removed or Changed
C10405,True,102566B,CRICOS,Removed or Changed
C06126,True,098505J,CRICOS,Removed or Changed
C06126,True,098505J,CRICOS,Removed or Changed
C06126,True,098505J,CRICOS,Removed or Changed
C06126,True,098505J,CRICOS,Removed or Changed
C06126,True,098505J,CRICOS,Removed or Changed
C06126,True,098505J,CRICOS,Removed or Changed
C06126,True,098505J,CRICOS,Removed or Changed
C06126,True,098505J,CRICOS,Removed or Changed
C11285,True,098059D,CRICOS,Removed or Changed
C11285,True,098059D,CRICOS,Removed or Changed
C11285,True,098059D,CRICOS,Removed or Changed
C11285,True,098059D,CRICOS,Removed or Changed
C04267,True,080272B,CRICOS,Removed or Changed
C04267,True,080272B,CRICOS,Removed or Changed
C04267,True,080272B,CRICOS,Removed or Changed
C04267,True,080272B,CRICOS,Removed or Changed
C04267,True,080272B,CRICOS,Removed or Changed
C04267,True,080272B,CRICOS,Removed or Changed
C10228,True,079735G,CRICOS,Removed or Changed
C10228,True,079735G,CRICOS,Removed or Changed
C10228,True,079735G,CRICOS,Removed or Changed
C10228,True,079735G,CRICOS,Removed or Changed
C10228,True,079735G,CRICOS,Removed or Changed
C10228,True,079735G,CRICOS,Removed or Changed
C10228,True,079735G,CRICOS,Removed or Changed
C11225,True,071632B,CRICOS,Removed or Changed
C11225,True,071632B,CRICOS,Removed or Changed
C11225,True,071632B,CRICOS,Removed or Changed
C11225,True,071632B,CRICOS,Removed or Changed
C11225,True,071632B,CRICOS,Removed or Changed
C11225,True,071632B,CRICOS,Removed or Changed
C11225,True,071632B,CRICOS,Removed or Changed
C09057,True,043289M,CRICOS,Removed or Changed
C09057,True,043289M,CRICOS,Removed or Changed
C09057,True,043289M,CRICOS,Removed or Changed
C09057,True,043289M,CRICOS,Removed or Changed
C09057,True,043289M,CRICOS,Removed or Changed
C09057,True,043289M,CRICOS,Removed or Changed
C09057,True,043289M,CRICOS,Removed or Changed
C09057,True,043289M,CRICOS,Removed or Changed
C09057,True,043289M,CRICOS,Removed or Changed
C09057,True,043289M,CRICOS,Removed or Changed
C09057,True,043289M,CRICOS,Removed or Changed
C09057,True,043289M,CRICOS,Removed or Changed
C09057,True,043289M,CRICOS,Removed or Changed
C09057,True,043289M,CRICOS,Removed or Changed
C09057,True,043289M,CRICOS,Removed or Changed
C09057,True,043289M,CRICOS,Removed or Changed
C09057,True,043289M,CRICOS,Removed or Changed
C09057,True,043289M,CRICOS,Removed or Changed
C09057,True,043289M,CRICOS,Removed or Changed
C04259,True,077377G,CRICOS,Removed or Changed
C04259,True,077377G,CRICOS,Removed or Changed
C04259,True,077377G,CRICOS,Removed or Changed
C04259,True,077377G,CRICOS,Removed or Changed
C04259,True,077377G,CRICOS,Removed or Changed
C04259,True,077377G,CRICOS,Removed or Changed
C04259,True,077377G,CRICOS,Removed or Changed
C04259,True,077377G,CRICOS,Removed or Changed
C04259,True,077377G,CRICOS,Removed or Changed
C11298,True,101146,CRICOS,Removed or Changed
C11298,True,101146,CRICOS,Removed or Changed
C11298,True,101146,CRICOS,Removed or Changed
C11298,True,101146,CRICOS,Removed or Changed
C11298,True,101146,CRICOS,Removed or Changed
C11298,True,101146,CRICOS,Removed or Changed
C11298,True,101146,CRICOS,Removed or Changed
C11298,True,101146,CRICOS,Removed or Changed
C10412,True,102819H,CRICOS,Removed or Changed
C10412,True,102819H,CRICOS,Removed or Changed
C10412,True,102819H,CRICOS,Removed or Changed
C10412,True,102819H,CRICOS,Removed or Changed
C10412,True,102819H,CRICOS,Removed or Changed
C10412,True,102819H,CRICOS,Removed or Changed
C10412,True,102819H,CRICOS,Removed or Changed
C10412,True,102819H,CRICOS,Removed or Changed
C10412,True,102819H,CRICOS,Removed or Changed
C10454,True,106872D,CRICOS,Removed or Changed
C10454,True,106872D,CRICOS,Removed or Changed
C10454,True,106872D,CRICOS,Removed or Changed
C10454,True,106872D,CRICOS,Removed or Changed
C10454,True,106872D,CRICOS,Removed or Changed
C10454,True,106872D,CRICOS,Removed or Changed
C03002,True,008674D,CRICOS,Removed or Changed
C03002,True,008674D,CRICOS,Removed or Changed
C03002,True,008674D,CRICOS,Removed or Changed
C03002,True,008674D,CRICOS,Removed or Changed
C03002,True,008674D,CRICOS,Removed or Changed
C03002,True,008674D,CRICOS,Removed or Changed
C03002,True,008674D,CRICOS,Removed or Changed
C03002,True,008674D,CRICOS,Removed or Changed
C03002,True,008674D,CRICOS,Removed or Changed
C03002,True,008674D,CRICOS,Removed or Changed
C03002,True,008674D,CRICOS,Removed or Changed
C03002,True,008674D,CRICOS,Removed or Changed
C03002,True,008674D,CRICOS,Removed or Changed
C03002,True,008674D,CRICOS,Removed or Changed
C03002,True,008674D,CRICOS,Removed or Changed
C03002,True,008674D,CRICOS,Removed or Changed
C03002,True,008674D,CRICOS,Removed or Changed
C03002,True,008674D,CRICOS,Removed or Changed
C03002,True,008674D,CRICOS,Removed or Changed
C03002,True,008674D,CRICOS,Removed or Changed
C03002,True,008674D,CRICOS,Removed or Changed
C03002,True,008674D,CRICOS,Removed or Changed
C09018,True,015936F,CRICOS,Removed or Changed
C09018,True,015936F,CRICOS,Removed or Changed
C09018,True,015936F,CRICOS,Removed or Changed
C09018,True,015936F,CRICOS,Removed or Changed
C09018,True,015936F,CRICOS,Removed or Changed
C09018,True,015936F,CRICOS,Removed or Changed
C09018,True,015936F,CRICOS,Removed or Changed
C09018,True,015936F,CRICOS,Removed or Changed
C09018,True,015936F,CRICOS,Removed or Changed
C09018,True,015936F,CRICOS,Removed or Changed
C09018,True,015936F,CRICOS,Removed or Changed
C09018,True,015936F,CRICOS,Removed or Changed
C09018,True,015936F,CRICOS,Removed or Changed
C09018,True,015936F,CRICOS,Removed or Changed
C09018,True,015936F,CRICOS,Removed or Changed
C09018,True,015936F,CRICOS,Removed or Changed
C09018,True,015936F,CRICOS,Removed or Changed
C09018,True,015936F,CRICOS,Removed or Changed
C04395,True,098389G,CRICOS,Removed or Changed
C04395,True,098389G,CRICOS,Removed or Changed
C04395,True,098389G,CRICOS,Removed or Changed
C04395,True,098389G,CRICOS,Removed or Changed
C04395,True,098389G,CRICOS,Removed or Changed
C04395,True,098389G,CRICOS,Removed or Changed
C04395,True,098389G,CRICOS,Removed or Changed
C04395,True,098389G,CRICOS,Removed or Changed
C04395,True,098389G,CRICOS,Removed or Changed
C04395,True,098389G,CRICOS,Removed or Changed
C04395,True,098389G,CRICOS,Removed or Changed
C04395,True,098389G,CRICOS,Removed or Changed
C04395,True,098389G,CRICOS,Removed or Changed
C04395,True,098389G,CRICOS,Removed or Changed
C04395,True,098389G,CRICOS,Removed or Changed
C10451,True,106870F,CRICOS,Removed or Changed
C10451,True,106870F,CRICOS,Removed or Changed
C10451,True,106870F,CRICOS,Removed or Changed
C10451,True,106870F,CRICOS,Removed or Changed
C10451,True,106870F,CRICOS,Removed or Changed
C10451,True,106870F,CRICOS,Removed or Changed
C10451,True,106870F,CRICOS,Removed or Changed
C10451,True,106870F,CRICOS,Removed or Changed
C03068,True,100293,CRICOS,Removed or Changed
C03068,True,100293,CRICOS,Removed or Changed
C03068,True,100293,CRICOS,Removed or Changed
C03068,True,100293,CRICOS,Removed or Changed
C03068,True,100293,CRICOS,Removed or Changed
C03068,True,100293,CRICOS,Removed or Changed
C03068,True,100293,CRICOS,Removed or Changed
C03068,True,100293,CRICOS,Removed or Changed
C03068,True,100293,CRICOS,Removed or Changed
C03068,True,100293,CRICOS,Removed or Changed
C09079,True,080270D,CRICOS,Removed or Changed
C09079,True,080270D,CRICOS,Removed or Changed
C09079,True,080270D,CRICOS,Removed or Changed
C09079,True,080270D,CRICOS,Removed or Changed
C09079,True,080270D,CRICOS,Removed or Changed
C09079,True,080270D,CRICOS,Removed or Changed
C09079,True,080270D,CRICOS,Removed or Changed
C09079,True,080270D,CRICOS,Removed or Changed
C09079,True,080270D,CRICOS,Removed or Changed
C09079,True,080270D,CRICOS,Removed or Changed
C09079,True,080270D,CRICOS,Removed or Changed
C09079,True,080270D,CRICOS,Removed or Changed
C09079,True,080270D,CRICOS,Removed or Changed
C04431,True,107869B,CRICOS,Removed or Changed
C04431,True,107869B,CRICOS,Removed or Changed
C04431,True,107869B,CRICOS,Removed or Changed
C04431,True,107869B,CRICOS,Removed or Changed
C04431,True,107869B,CRICOS,Removed or Changed
C04431,True,107869B,CRICOS,Removed or Changed
C04431,True,107869B,CRICOS,Removed or Changed
C04431,True,107869B,CRICOS,Removed or Changed
C04320,True,092803C,CRICOS,Removed or Changed
C04320,True,092803C,CRICOS,Removed or Changed
C04320,True,092803C,CRICOS,Removed or Changed
C04320,True,092803C,CRICOS,Removed or Changed
C04320,True,092803C,CRICOS,Removed or Changed
C04320,True,092803C,CRICOS,Removed or Changed
C04320,True,092803C,CRICOS,Removed or Changed
C04320,True,092803C,CRICOS,Removed or Changed
C04320,True,092803C,CRICOS,Removed or Changed
C04320,True,092803C,CRICOS,Removed or Changed
C04320,True,092803C,CRICOS,Removed or Changed
C04320,True,092803C,CRICOS,Removed or Changed
C04320,True,092803C,CRICOS,Removed or Changed
C04320,True,092803C,CRICOS,Removed or Changed
C04320,True,092803C,CRICOS,Removed or Changed
C04320,True,092803C,CRICOS,Removed or Changed
C04320,True,092803C,CRICOS,Removed or Changed
C04320,True,092803C,CRICOS,Removed or Changed
C07021,True,020210B,CRICOS,Removed or Changed
C07021,True,020210B,CRICOS,Removed or Changed
C07021,True,020210B,CRICOS,Removed or Changed
C07021,True,020210B,CRICOS,Removed or Changed
C06113,True,084253F,CRICOS,Removed or Changed
C06113,True,084253F,CRICOS,Removed or Changed
C06113,True,084253F,CRICOS,Removed or Changed
C06113,True,084253F,CRICOS,Removed or Changed
C06113,True,084253F,CRICOS,Removed or Changed
C06113,True,084253F,CRICOS,Removed or Changed
C06113,True,084253F,CRICOS,Removed or Changed
C06113,True,084253F,CRICOS,Removed or Changed
C06113,True,084253F,CRICOS,Removed or Changed
C06113,True,084253F,CRICOS,Removed or Changed
C06113,True,084253F,CRICOS,Removed or Changed
C06113,True,084253F,CRICOS,Removed or Changed
C06113,True,084253F,CRICOS,Removed or Changed
C06113,True,084253F,CRICOS,Removed or Changed
C06113,True,084253F,CRICOS,Removed or Changed
C06113,True,084253F,CRICOS,Removed or Changed
C06113,True,084253F,CRICOS,Removed or Changed
C06113,True,084253F,CRICOS,Removed or Changed
C06113,True,084253F,CRICOS,Removed or Changed
C04309,True,088084G,CRICOS,Removed or Changed
C04309,True,088084G,CRICOS,Removed or Changed
C04309,True,088084G,CRICOS,Removed or Changed
C04309,True,088084G,CRICOS,Removed or Changed
C04309,True,088084G,CRICOS,Removed or Changed
C04309,True,088084G,CRICOS,Removed or Changed
C04309,True,088084G,CRICOS,Removed or Changed
C04309,True,088084G,CRICOS,Removed or Changed
C04309,True,088084G,CRICOS,Removed or Changed
C04309,True,088084G,CRICOS,Removed or Changed
C04309,True,088084G,CRICOS,Removed or Changed
C04309,True,088084G,CRICOS,Removed or Changed
C04309,True,088084G,CRICOS,Removed or Changed
C04309,True,088084G,CRICOS,Removed or Changed
C10404,True,102565C,CRICOS,Removed or Changed
C10404,True,102565C,CRICOS,Removed or Changed
C10404,True,102565C,CRICOS,Removed or Changed
C10404,True,102565C,CRICOS,Removed or Changed
C10404,True,102565C,CRICOS,Removed or Changed
C10404,True,102565C,CRICOS,Removed or Changed
C03051,True,075277F,CRICOS,Removed or Changed
C03051,True,075277F,CRICOS,Removed or Changed
C03051,True,075277F,CRICOS,Removed or Changed
C03051,True,075277F,CRICOS,Removed or Changed
C03051,True,075277F,CRICOS,Removed or Changed
C03051,True,075277F,CRICOS,Removed or Changed
C09081,True,085890B,CRICOS,Removed or Changed
C09081,True,085890B,CRICOS,Removed or Changed
C09081,True,085890B,CRICOS,Removed or Changed
C04432,True,106475F,CRICOS,Removed or Changed
C04432,True,106475F,CRICOS,Removed or Changed
C04432,True,106475F,CRICOS,Removed or Changed
C04432,True,106475F,CRICOS,Removed or Changed
C10163,True,040712C,CRICOS,Removed or Changed
C10163,True,040712C,CRICOS,Removed or Changed
C10163,True,040712C,CRICOS,Removed or Changed
C10163,True,040712C,CRICOS,Removed or Changed
C10163,True,040712C,CRICOS,Removed or Changed
C10163,True,040712C,CRICOS,Removed or Changed
C10163,True,040712C,CRICOS,Removed or Changed
C10163,True,040712C,CRICOS,Removed or Changed
C10129,True,026195C,CRICOS,Removed or Changed
C10129,True,026195C,CRICOS,Removed or Changed
C10129,True,026195C,CRICOS,Removed or Changed
C10129,True,026195C,CRICOS,Removed or Changed
C10129,True,026195C,CRICOS,Removed or Changed
C04368,True,096871C,CRICOS,Removed or Changed
C04368,True,096871C,CRICOS,Removed or Changed
C04368,True,096871C,CRICOS,Removed or Changed
C04368,True,096871C,CRICOS,Removed or Changed
C04368,True,096871C,CRICOS,Removed or Changed
C04368,True,096871C,CRICOS,Removed or Changed
C04368,True,096871C,CRICOS,Removed or Changed
C04368,True,096871C,CRICOS,Removed or Changed
C04368,True,096871C,CRICOS,Removed or Changed
C03064,True,099357G,CRICOS,Removed or Changed
C03064,True,099357G,CRICOS,Removed or Changed
C03064,True,099357G,CRICOS,Removed or Changed
C03064,True,099357G,CRICOS,Removed or Changed
C03064,True,099357G,CRICOS,Removed or Changed
C03064,True,099357G,CRICOS,Removed or Changed
C03064,True,099357G,CRICOS,Removed or Changed
C03064,True,099357G,CRICOS,Removed or Changed
C03064,True,099357G,CRICOS,Removed or Changed
C03064,True,099357G,CRICOS,Removed or Changed
C03064,True,099357G,CRICOS,Removed or Changed
C03064,True,099357G,CRICOS,Removed or Changed
C03064,True,099357G,CRICOS,Removed or Changed
C09055,True,071630D,CRICOS,Removed or Changed
C09055,True,071630D,CRICOS,Removed or Changed
C09055,True,071630D,CRICOS,Removed or Changed
C09055,True,071630D,CRICOS,Removed or Changed
C09055,True,071630D,CRICOS,Removed or Changed
C09055,True,071630D,CRICOS,Removed or Changed
C09055,True,071630D,CRICOS,Removed or Changed
C09055,True,071630D,CRICOS,Removed or Changed
C04372,True,084268K,CRICOS,Removed or Changed
C04372,True,084268K,CRICOS,Removed or Changed
C04372,True,084268K,CRICOS,Removed or Changed
C04372,True,084268K,CRICOS,Removed or Changed
C04372,True,084268K,CRICOS,Removed or Changed
C04372,True,084268K,CRICOS,Removed or Changed
C04372,True,084268K,CRICOS,Removed or Changed
C04372,True,084268K,CRICOS,Removed or Changed
C04372,True,084268K,CRICOS,Removed or Changed
C04372,True,084268K,CRICOS,Removed or Changed
C03069,True,109388C,CRICOS,Removed or Changed
C03069,True,109388C,CRICOS,Removed or Changed
C03069,True,109388C,CRICOS,Removed or Changed
C03069,True,109388C,CRICOS,Removed or Changed
C03069,True,109388C,CRICOS,Removed or Changed
C03069,True,109388C,CRICOS,Removed or Changed
C03069,True,109388C,CRICOS,Removed or Changed
C06147,True,108844C,CRICOS,Removed or Changed
C06147,True,108844C,CRICOS,Removed or Changed
C06147,True,108844C,CRICOS,Removed or Changed
C06147,True,108844C,CRICOS,Removed or Changed
C06147,True,108844C,CRICOS,Removed or Changed
C06147,True,108844C,CRICOS,Removed or Changed
C06147,True,108844C,CRICOS,Removed or Changed
C06009,True,001102G,CRICOS,Removed or Changed
C06009,True,001102G,CRICOS,Removed or Changed
C06009,True,001102G,CRICOS,Removed or Changed
C06009,True,001102G,CRICOS,Removed or Changed
C06009,True,001102G,CRICOS,Removed or Changed
C06009,True,001102G,CRICOS,Removed or Changed
C06009,True,001102G,CRICOS,Removed or Changed
C06009,True,001102G,CRICOS,Removed or Changed
C06009,True,001102G,CRICOS,Removed or Changed
C06009,True,001102G,CRICOS,Removed or Changed
C07012,True,020411D,CRICOS,Removed or Changed
C07012,True,020411D,CRICOS,Removed or Changed
C07012,True,020411D,CRICOS,Removed or Changed
C07012,True,020411D,CRICOS,Removed or Changed
C07012,True,020411D,CRICOS,Removed or Changed
C07012,True,020411D,CRICOS,Removed or Changed
C07012,True,020411D,CRICOS,Removed or Changed
C07012,True,020411D,CRICOS,Removed or Changed
C07012,True,020411D,CRICOS,Removed or Changed
C10124,True,013614G,CRICOS,Removed or Changed
C10124,True,013614G,CRICOS,Removed or Changed
C10124,True,013614G,CRICOS,Removed or Changed
C10124,True,013614G,CRICOS,Removed or Changed
C10124,True,013614G,CRICOS,Removed or Changed
C10124,True,013614G,CRICOS,Removed or Changed
C04380,True,100398,CRICOS,Removed or Changed
C04380,True,100398,CRICOS,Removed or Changed
C04380,True,100398,CRICOS,Removed or Changed
C04380,True,100398,CRICOS,Removed or Changed
C04380,True,100398,CRICOS,Removed or Changed
C04380,True,100398,CRICOS,Removed or Changed
C04380,True,100398,CRICOS,Removed or Changed
C04380,True,100398,CRICOS,Removed or Changed
C04305,True,088012B,CRICOS,Removed or Changed
C04305,True,088012B,CRICOS,Removed or Changed
C04305,True,088012B,CRICOS,Removed or Changed
C04305,True,088012B,CRICOS,Removed or Changed
C04305,True,088012B,CRICOS,Removed or Changed
C04305,True,088012B,CRICOS,Removed or Changed
C04305,True,088012B,CRICOS,Removed or Changed
C04305,True,088012B,CRICOS,Removed or Changed
C04305,True,088012B,CRICOS,Removed or Changed
C04305,True,088012B,CRICOS,Removed or Changed
C50008,True,066310G,CRICOS,Removed or Changed
C50008,True,066310G,CRICOS,Removed or Changed
C50008,True,066310G,CRICOS,Removed or Changed
C50008,True,066310G,CRICOS,Removed or Changed
C50008,True,066310G,CRICOS,Removed or Changed
C50008,True,066310G,CRICOS,Removed or Changed
C50008,True,066310G,CRICOS,Removed or Changed
C50008,True,066310G,CRICOS,Removed or Changed
C50008,True,066310G,CRICOS,Removed or Changed
C50008,True,066310G,CRICOS,Removed or Changed
C50008,True,066310G,CRICOS,Removed or Changed
C50008,True,066310G,CRICOS,Removed or Changed
C50008,True,066310G,CRICOS,Removed or Changed
C50008,True,066310G,CRICOS,Removed or Changed
C50008,True,066310G,CRICOS,Removed or Changed
C50008,True,066310G,CRICOS,Removed or Changed
C50008,True,066310G,CRICOS,Removed or Changed
C50008,True,066310G,CRICOS,Removed or Changed
C50008,True,066310G,CRICOS,Removed or Changed
C50008,True,066310G,CRICOS,Removed or Changed
C50008,True,066310G,CRICOS,Removed or Changed
C50008,True,066310G,CRICOS,Removed or Changed
C50008,True,066310G,CRICOS,Removed or Changed
C50008,True,066310G,CRICOS,Removed or Changed
C50008,True,066310G,CRICOS,Removed or Changed
C50008,True,066310G,CRICOS,Removed or Changed
C50008,True,066310G,CRICOS,Removed or Changed
C50008,True,066310G,CRICOS,Removed or Changed
C50008,True,066310G,CRICOS,Removed or Changed
C50008,True,066310G,CRICOS,Removed or Changed
C50008,True,066310G,CRICOS,Removed or Changed
C50008,True,066310G,CRICOS,Removed or Changed
C50008,True,066310G,CRICOS,Removed or Changed
C50008,True,066310G,CRICOS,Removed or Changed
C50008,True,066310G,CRICOS,Removed or Changed
C07119,True,071750G,CRICOS,Removed or Changed
C07119,True,071750G,CRICOS,Removed or Changed
C07119,True,071750G,CRICOS,Removed or Changed
C07119,True,071750G,CRICOS,Removed or Changed
C07119,True,071750G,CRICOS,Removed or Changed
C07119,True,071750G,CRICOS,Removed or Changed
C07119,True,071750G,CRICOS,Removed or Changed
C07119,True,071750G,CRICOS,Removed or Changed
C07119,True,071750G,CRICOS,Removed or Changed
C07119,True,071750G,CRICOS,Removed or Changed
C10377,True,087781B,CRICOS,Removed or Changed
C10377,True,087781B,CRICOS,Removed or Changed
C10377,True,087781B,CRICOS,Removed or Changed
C10377,True,087781B,CRICOS,Removed or Changed
C10377,True,087781B,CRICOS,Removed or Changed
C10377,True,087781B,CRICOS,Removed or Changed
C04418,True,107831E,CRICOS,Removed or Changed
C04418,True,107831E,CRICOS,Removed or Changed
C04418,True,107831E,CRICOS,Removed or Changed
C04418,True,107831E,CRICOS,Removed or Changed
C04418,True,107831E,CRICOS,Removed or Changed
C04418,True,107831E,CRICOS,Removed or Changed
C04418,True,107831E,CRICOS,Removed or Changed
C04418,True,107831E,CRICOS,Removed or Changed
C06127,True,098053K,CRICOS,Removed or Changed
C06127,True,098053K,CRICOS,Removed or Changed
C06127,True,098053K,CRICOS,Removed or Changed
C06127,True,098053K,CRICOS,Removed or Changed
C06127,True,098053K,CRICOS,Removed or Changed
C06127,True,098053K,CRICOS,Removed or Changed
C06127,True,098053K,CRICOS,Removed or Changed
C06127,True,098053K,CRICOS,Removed or Changed
C06127,True,098053K,CRICOS,Removed or Changed
C06127,True,098053K,CRICOS,Removed or Changed
C06127,True,098053K,CRICOS,Removed or Changed
C06127,True,098053K,CRICOS,Removed or Changed
C06127,True,098053K,CRICOS,Removed or Changed
C06127,True,098053K,CRICOS,Removed or Changed
C11283,True,098165B,CRICOS,Removed or Changed
C11283,True,098165B,CRICOS,Removed or Changed
C11283,True,098165B,CRICOS,Removed or Changed
C11283,True,098165B,CRICOS,Removed or Changed
C11283,True,098165B,CRICOS,Removed or Changed
C11283,True,098165B,CRICOS,Removed or Changed
C11283,True,098165B,CRICOS,Removed or Changed
C11283,True,098165B,CRICOS,Removed or Changed
C11283,True,098165B,CRICOS,Removed or Changed
C11283,True,098165B,CRICOS,Removed or Changed
C11283,True,098165B,CRICOS,Removed or Changed
C11283,True,098165B,CRICOS,Removed or Changed
C11283,True,098165B,CRICOS,Removed or Changed
C11283,True,098165B,CRICOS,Removed or Changed
C50006,True,018126E,CRICOS,Removed or Changed
C50006,True,018126E,CRICOS,Removed or Changed
C50006,True,018126E,CRICOS,Removed or Changed
C50006,True,018126E,CRICOS,Removed or Changed
C50006,True,018126E,CRICOS,Removed or Changed
C50006,True,018126E,CRICOS,Removed or Changed
C50006,True,018126E,CRICOS,Removed or Changed
C50006,True,018126E,CRICOS,Removed or Changed
C50006,True,018126E,CRICOS,Removed or Changed
C50006,True,018126E,CRICOS,Removed or Changed
C50006,True,018126E,CRICOS,Removed or Changed
C50006,True,018126E,CRICOS,Removed or Changed
C50006,True,018126E,CRICOS,Removed or Changed
C50006,True,018126E,CRICOS,Removed or Changed
C50006,True,018126E,CRICOS,Removed or Changed
C50006,True,018126E,CRICOS,Removed or Changed
C50006,True,018126E,CRICOS,Removed or Changed
C50006,True,018126E,CRICOS,Removed or Changed
C50006,True,018126E,CRICOS,Removed or Changed
C50006,True,018126E,CRICOS,Removed or Changed
C50006,True,018126E,CRICOS,Removed or Changed
C50006,True,018126E,CRICOS,Removed or Changed
C50006,True,018126E,CRICOS,Removed or Changed
C50006,True,018126E,CRICOS,Removed or Changed
C50006,True,018126E,CRICOS,Removed or Changed
C50006,True,018126E,CRICOS,Removed or Changed
C04235,True,061397B,CRICOS,Removed or Changed
C04235,True,061397B,CRICOS,Removed or Changed
C04235,True,061397B,CRICOS,Removed or Changed
C04235,True,061397B,CRICOS,Removed or Changed
C04235,True,061397B,CRICOS,Removed or Changed
C04235,True,061397B,CRICOS,Removed or Changed
C04235,True,061397B,CRICOS,Removed or Changed
C04235,True,061397B,CRICOS,Removed or Changed
C04235,True,061397B,CRICOS,Removed or Changed
C04235,True,061397B,CRICOS,Removed or Changed
C04235,True,061397B,CRICOS,Removed or Changed
C04235,True,061397B,CRICOS,Removed or Changed
C04235,True,061397B,CRICOS,Removed or Changed
C04235,True,061397B,CRICOS,Removed or Changed
C04235,True,061397B,CRICOS,Removed or Changed
C04235,True,061397B,CRICOS,Removed or Changed
C04235,True,061397B,CRICOS,Removed or Changed
C04235,True,061397B,CRICOS,Removed or Changed
C04235,True,061397B,CRICOS,Removed or Changed
C04235,True,061397B,CRICOS,Removed or Changed
C04235,True,061397B,CRICOS,Removed or Changed
C04235,True,061397B,CRICOS,Removed or Changed
C04235,True,061397B,CRICOS,Removed or Changed
C04235,True,061397B,CRICOS,Removed or Changed
C04235,True,061397B,CRICOS,Removed or Changed
C04235,True,061397B,CRICOS,Removed or Changed
C10327,True,079757B,CRICOS,Removed or Changed
C10327,True,079757B,CRICOS,Removed or Changed
C10327,True,079757B,CRICOS,Removed or Changed
C10327,True,079757B,CRICOS,Removed or Changed
C10327,True,079757B,CRICOS,Removed or Changed
C10327,True,079757B,CRICOS,Removed or Changed
C11237,True,081086G,CRICOS,Removed or Changed
C11237,True,081086G,CRICOS,Removed or Changed
C11237,True,081086G,CRICOS,Removed or Changed
C11237,True,081086G,CRICOS,Removed or Changed
C11237,True,081086G,CRICOS,Removed or Changed
C11237,True,081086G,CRICOS,Removed or Changed
C11237,True,081086G,CRICOS,Removed or Changed
C11237,True,081086G,CRICOS,Removed or Changed
C11237,True,081086G,CRICOS,Removed or Changed
C11237,True,081086G,CRICOS,Removed or Changed
C11237,True,081086G,CRICOS,Removed or Changed
C11237,True,081086G,CRICOS,Removed or Changed
C11237,True,081086G,CRICOS,Removed or Changed
C11237,True,081086G,CRICOS,Removed or Changed
C11237,True,081086G,CRICOS,Removed or Changed
C11237,True,081086G,CRICOS,Removed or Changed
C11237,True,081086G,CRICOS,Removed or Changed
C11237,True,081086G,CRICOS,Removed or Changed
C11237,True,081086G,CRICOS,Removed or Changed
C11237,True,081086G,CRICOS,Removed or Changed
C11237,True,081086G,CRICOS,Removed or Changed
C11237,True,081086G,CRICOS,Removed or Changed
C11237,True,081086G,CRICOS,Removed or Changed
C10410,True,102817K,CRICOS,Removed or Changed
C10410,True,102817K,CRICOS,Removed or Changed
C03001,True,008672F,CRICOS,Removed or Changed
C03001,True,008672F,CRICOS,Removed or Changed
C03001,True,008672F,CRICOS,Removed or Changed
C03001,True,008672F,CRICOS,Removed or Changed
C03001,True,008672F,CRICOS,Removed or Changed
C03001,True,008672F,CRICOS,Removed or Changed
C03001,True,008672F,CRICOS,Removed or Changed
C03001,True,008672F,CRICOS,Removed or Changed
C03001,True,008672F,CRICOS,Removed or Changed
C03001,True,008672F,CRICOS,Removed or Changed
C03001,True,008672F,CRICOS,Removed or Changed
C03001,True,008672F,CRICOS,Removed or Changed
C03001,True,008672F,CRICOS,Removed or Changed
C03001,True,008672F,CRICOS,Removed or Changed
C03001,True,008672F,CRICOS,Removed or Changed
C03001,True,008672F,CRICOS,Removed or Changed
C03001,True,008672F,CRICOS,Removed or Changed
C03001,True,008672F,CRICOS,Removed or Changed
C03001,True,008672F,CRICOS,Removed or Changed
C03001,True,008672F,CRICOS,Removed or Changed
C03001,True,008672F,CRICOS,Removed or Changed
C03001,True,008672F,CRICOS,Removed or Changed
C09004,True,015933J,CRICOS,Removed or Changed
C09004,True,015933J,CRICOS,Removed or Changed
C09004,True,015933J,CRICOS,Removed or Changed
C09004,True,015933J,CRICOS,Removed or Changed
C10229,True,057197M,CRICOS,Removed or Changed
C10229,True,057197M,CRICOS,Removed or Changed
C10229,True,057197M,CRICOS,Removed or Changed
C11206,True,061284M,CRICOS,Removed or Changed
C11206,True,061284M,CRICOS,Removed or Changed
C11206,True,061284M,CRICOS,Removed or Changed
C11206,True,061284M,CRICOS,Removed or Changed
C11206,True,061284M,CRICOS,Removed or Changed
C11206,True,061284M,CRICOS,Removed or Changed
C11206,True,061284M,CRICOS,Removed or Changed
C11206,True,061284M,CRICOS,Removed or Changed
C11206,True,061284M,CRICOS,Removed or Changed
C11265,True,095711E,CRICOS,Removed or Changed
C11265,True,095711E,CRICOS,Removed or Changed
C11265,True,095711E,CRICOS,Removed or Changed
C11265,True,095711E,CRICOS,Removed or Changed
C11265,True,095711E,CRICOS,Removed or Changed
C11265,True,095711E,CRICOS,Removed or Changed
C11265,True,095711E,CRICOS,Removed or Changed
C11265,True,095711E,CRICOS,Removed or Changed
C11265,True,095711E,CRICOS,Removed or Changed
C11265,True,095711E,CRICOS,Removed or Changed
C11265,True,095711E,CRICOS,Removed or Changed
C11265,True,095711E,CRICOS,Removed or Changed
C11265,True,095711E,CRICOS,Removed or Changed
C11265,True,095711E,CRICOS,Removed or Changed
C11265,True,095711E,CRICOS,Removed or Changed
C11265,True,095711E,CRICOS,Removed or Changed
C11265,True,095711E,CRICOS,Removed or Changed
C11265,True,095711E,CRICOS,Removed or Changed
C11265,True,095711E,CRICOS,Removed or Changed
C11265,True,095711E,CRICOS,Removed or Changed
C11265,True,095711E,CRICOS,Removed or Changed
C11265,True,095711E,CRICOS,Removed or Changed
C09129,True,106662C,CRICOS,Removed or Changed
C09129,True,106662C,CRICOS,Removed or Changed
C09129,True,106662C,CRICOS,Removed or Changed
C09129,True,106662C,CRICOS,Removed or Changed
C09129,True,106662C,CRICOS,Removed or Changed
C09129,True,106662C,CRICOS,Removed or Changed
C09129,True,106662C,CRICOS,Removed or Changed
C09129,True,106662C,CRICOS,Removed or Changed
C04428,True,105155H,CRICOS,Removed or Changed
C04428,True,105155H,CRICOS,Removed or Changed
C04428,True,105155H,CRICOS,Removed or Changed
C04428,True,105155H,CRICOS,Removed or Changed
C04428,True,105155H,CRICOS,Removed or Changed
C04428,True,105155H,CRICOS,Removed or Changed
C04428,True,105155H,CRICOS,Removed or Changed
C04428,True,105155H,CRICOS,Removed or Changed
C04428,True,105155H,CRICOS,Removed or Changed
C04428,True,105155H,CRICOS,Removed or Changed
C07018,True,009678C,CRICOS,Removed or Changed
C07018,True,009678C,CRICOS,Removed or Changed
C07018,True,009678C,CRICOS,Removed or Changed
C07018,True,009678C,CRICOS,Removed or Changed
C07018,True,009678C,CRICOS,Removed or Changed
C07018,True,009678C,CRICOS,Removed or Changed
C07018,True,009678C,CRICOS,Removed or Changed
C07018,True,009678C,CRICOS,Removed or Changed
C07018,True,009678C,CRICOS,Removed or Changed
C04290,True,084677D,CRICOS,Removed or Changed
C04290,True,084677D,CRICOS,Removed or Changed
C04290,True,084677D,CRICOS,Removed or Changed
C04290,True,084677D,CRICOS,Removed or Changed
C04290,True,084677D,CRICOS,Removed or Changed
C04290,True,084677D,CRICOS,Removed or Changed
C04290,True,084677D,CRICOS,Removed or Changed
C04290,True,084677D,CRICOS,Removed or Changed
C04290,True,084677D,CRICOS,Removed or Changed
C03054,True,076139G,CRICOS,Removed or Changed
C03054,True,076139G,CRICOS,Removed or Changed
C03054,True,076139G,CRICOS,Removed or Changed
C03054,True,076139G,CRICOS,Removed or Changed
C03054,True,076139G,CRICOS,Removed or Changed
C03054,True,076139G,CRICOS,Removed or Changed
C03054,True,076139G,CRICOS,Removed or Changed
C03054,True,076139G,CRICOS,Removed or Changed
C03054,True,076139G,CRICOS,Removed or Changed
C03054,True,076139G,CRICOS,Removed or Changed
C03054,True,076139G,CRICOS,Removed or Changed
C03054,True,076139G,CRICOS,Removed or Changed
C11292,True,098504K,CRICOS,Removed or Changed
C11292,True,098504K,CRICOS,Removed or Changed
C11292,True,098504K,CRICOS,Removed or Changed
C11292,True,098504K,CRICOS,Removed or Changed
C11292,True,098504K,CRICOS,Removed or Changed
C11292,True,098504K,CRICOS,Removed or Changed
C11292,True,098504K,CRICOS,Removed or Changed
C11292,True,098504K,CRICOS,Removed or Changed
C11292,True,098504K,CRICOS,Removed or Changed
C11292,True,098504K,CRICOS,Removed or Changed
C11292,True,098504K,CRICOS,Removed or Changed
C11292,True,098504K,CRICOS,Removed or Changed
C11292,True,098504K,CRICOS,Removed or Changed
C11292,True,098504K,CRICOS,Removed or Changed
C10271,True,071631C,CRICOS,Removed or Changed
C10271,True,071631C,CRICOS,Removed or Changed
C10271,True,071631C,CRICOS,Removed or Changed
C10271,True,071631C,CRICOS,Removed or Changed
C10271,True,071631C,CRICOS,Removed or Changed
C10271,True,071631C,CRICOS,Removed or Changed
C10271,True,071631C,CRICOS,Removed or Changed
C10271,True,071631C,CRICOS,Removed or Changed
C10271,True,071631C,CRICOS,Removed or Changed
C10271,True,071631C,CRICOS,Removed or Changed
C10271,True,071631C,CRICOS,Removed or Changed
C10271,True,071631C,CRICOS,Removed or Changed
C10345,True,084259M,CRICOS,Removed or Changed
C10345,True,084259M,CRICOS,Removed or Changed
C10345,True,084259M,CRICOS,Removed or Changed
C10345,True,084259M,CRICOS,Removed or Changed
C10345,True,084259M,CRICOS,Removed or Changed
C10345,True,084259M,CRICOS,Removed or Changed
C10391,True,092384F,CRICOS,Removed or Changed
C10391,True,092384F,CRICOS,Removed or Changed
C10391,True,092384F,CRICOS,Removed or Changed
C10391,True,092384F,CRICOS,Removed or Changed
C10391,True,092384F,CRICOS,Removed or Changed
C10391,True,092384F,CRICOS,Removed or Changed
C10391,True,092384F,CRICOS,Removed or Changed
C10391,True,092384F,CRICOS,Removed or Changed
C10391,True,092384F,CRICOS,Removed or Changed
C10391,True,092384F,CRICOS,Removed or Changed
C10391,True,092384F,CRICOS,Removed or Changed
C10391,True,092384F,CRICOS,Removed or Changed
C10391,True,092384F,CRICOS,Removed or Changed
C10391,True,092384F,CRICOS,Removed or Changed
C10391,True,092384F,CRICOS,Removed or Changed
C10391,True,092384F,CRICOS,Removed or Changed
C10391,True,092384F,CRICOS,Removed or Changed
C10391,True,092384F,CRICOS,Removed or Changed
C11275,True,098384B,CRICOS,Removed or Changed
C11275,True,098384B,CRICOS,Removed or Changed
C11275,True,098384B,CRICOS,Removed or Changed
C11275,True,098384B,CRICOS,Removed or Changed
C11275,True,098384B,CRICOS,Removed or Changed
C11275,True,098384B,CRICOS,Removed or Changed
C11275,True,098384B,CRICOS,Removed or Changed
C11275,True,098384B,CRICOS,Removed or Changed
C11275,True,098384B,CRICOS,Removed or Changed
C11275,True,098384B,CRICOS,Removed or Changed
C11275,True,098384B,CRICOS,Removed or Changed
C11275,True,098384B,CRICOS,Removed or Changed
C11275,True,098384B,CRICOS,Removed or Changed
C11275,True,098384B,CRICOS,Removed or Changed
C11275,True,098384B,CRICOS,Removed or Changed
C11275,True,098384B,CRICOS,Removed or Changed
C11275,True,098384B,CRICOS,Removed or Changed
C11275,True,098384B,CRICOS,Removed or Changed
C06130,True,098166A,CRICOS,Removed or Changed
C06130,True,098166A,CRICOS,Removed or Changed
C06130,True,098166A,CRICOS,Removed or Changed
C06130,True,098166A,CRICOS,Removed or Changed
C06130,True,098166A,CRICOS,Removed or Changed
C06130,True,098166A,CRICOS,Removed or Changed
C06130,True,098166A,CRICOS,Removed or Changed
C06130,True,098166A,CRICOS,Removed or Changed
C06130,True,098166A,CRICOS,Removed or Changed
C06130,True,098166A,CRICOS,Removed or Changed
C06130,True,098166A,CRICOS,Removed or Changed
C06130,True,098166A,CRICOS,Removed or Changed
C06130,True,098166A,CRICOS,Removed or Changed
C06130,True,098166A,CRICOS,Removed or Changed
C09166,True,110752M,CRICOS,Removed or Changed
C09166,True,110752M,CRICOS,Removed or Changed
C09166,True,110752M,CRICOS,Removed or Changed
C09166,True,110752M,CRICOS,Removed or Changed
C09166,True,110752M,CRICOS,Removed or Changed
C09166,True,110752M,CRICOS,Removed or Changed
C10359,True,088069G,CRICOS,Removed or Changed
C10359,True,088069G,CRICOS,Removed or Changed
C10359,True,088069G,CRICOS,Removed or Changed
C10359,True,088069G,CRICOS,Removed or Changed
C10359,True,088069G,CRICOS,Removed or Changed
C10359,True,088069G,CRICOS,Removed or Changed
C03029,True,030869J,CRICOS,Removed or Changed
C03029,True,030869J,CRICOS,Removed or Changed
C03029,True,030869J,CRICOS,Removed or Changed
C03029,True,030869J,CRICOS,Removed or Changed
C03029,True,030869J,CRICOS,Removed or Changed
C03029,True,030869J,CRICOS,Removed or Changed
C03029,True,030869J,CRICOS,Removed or Changed
C03029,True,030869J,CRICOS,Removed or Changed
C03029,True,030869J,CRICOS,Removed or Changed
C03029,True,030869J,CRICOS,Removed or Changed
C03029,True,030869J,CRICOS,Removed or Changed
C03029,True,030869J,CRICOS,Removed or Changed
C03029,True,030869J,CRICOS,Removed or Changed
C03029,True,030869J,CRICOS,Removed or Changed
C03029,True,030869J,CRICOS,Removed or Changed
C03029,True,030869J,CRICOS,Removed or Changed
C03029,True,030869J,CRICOS,Removed or Changed
C03029,True,030869J,CRICOS,Removed or Changed
C03029,True,030869J,CRICOS,Removed or Changed
C03029,True,030869J,CRICOS,Removed or Changed
C03029,True,030869J,CRICOS,Removed or Changed
C03029,True,030869J,CRICOS,Removed or Changed
C04007,True,064794J,CRICOS,Removed or Changed
C04007,True,064794J,CRICOS,Removed or Changed
C04007,True,064794J,CRICOS,Removed or Changed
C04007,True,064794J,CRICOS,Removed or Changed
C04007,True,064794J,CRICOS,Removed or Changed
C04007,True,064794J,CRICOS,Removed or Changed
C04007,True,064794J,CRICOS,Removed or Changed
C04007,True,064794J,CRICOS,Removed or Changed
C04007,True,064794J,CRICOS,Removed or Changed
C04007,True,064794J,CRICOS,Removed or Changed
C04007,True,064794J,CRICOS,Removed or Changed
C04007,True,064794J,CRICOS,Removed or Changed
C04007,True,064794J,CRICOS,Removed or Changed
C04007,True,064794J,CRICOS,Removed or Changed
C04007,True,064794J,CRICOS,Removed or Changed
C04007,True,064794J,CRICOS,Removed or Changed
C04007,True,064794J,CRICOS,Removed or Changed
C04007,True,064794J,CRICOS,Removed or Changed
C04007,True,064794J,CRICOS,Removed or Changed
C04007,True,064794J,CRICOS,Removed or Changed
C04007,True,064794J,CRICOS,Removed or Changed
C04007,True,064794J,CRICOS,Removed or Changed
C04007,True,064794J,CRICOS,Removed or Changed
C04007,True,064794J,CRICOS,Removed or Changed
C04007,True,064794J,CRICOS,Removed or Changed
C04007,True,064794J,CRICOS,Removed or Changed
C04007,True,064794J,CRICOS,Removed or Changed
C04007,True,064794J,CRICOS,Removed or Changed
C06006,True,066575D,CRICOS,Removed or Changed
C06006,True,066575D,CRICOS,Removed or Changed
C06006,True,066575D,CRICOS,Removed or Changed
C06006,True,066575D,CRICOS,Removed or Changed
C06006,True,066575D,CRICOS,Removed or Changed
C06006,True,066575D,CRICOS,Removed or Changed
C06006,True,066575D,CRICOS,Removed or Changed
C06006,True,066575D,CRICOS,Removed or Changed
C06006,True,066575D,CRICOS,Removed or Changed
C06006,True,066575D,CRICOS,Removed or Changed
C06006,True,066575D,CRICOS,Removed or Changed
C06006,True,066575D,CRICOS,Removed or Changed
C06006,True,066575D,CRICOS,Removed or Changed
C06006,True,066575D,CRICOS,Removed or Changed
C06006,True,066575D,CRICOS,Removed or Changed
C06006,True,066575D,CRICOS,Removed or Changed
C06006,True,066575D,CRICOS,Removed or Changed
C06006,True,066575D,CRICOS,Removed or Changed
C06006,True,066575D,CRICOS,Removed or Changed
C06006,True,066575D,CRICOS,Removed or Changed
C06006,True,066575D,CRICOS,Removed or Changed
C06006,True,066575D,CRICOS,Removed or Changed
C06006,True,066575D,CRICOS,Removed or Changed
C06006,True,066575D,CRICOS,Removed or Changed
C07004,True,109002D,CRICOS,Removed or Changed
C07004,True,109002D,CRICOS,Removed or Changed
C07004,True,109002D,CRICOS,Removed or Changed
C07004,True,109002D,CRICOS,Removed or Changed
C07004,True,109002D,CRICOS,Removed or Changed
C07004,True,109002D,CRICOS,Removed or Changed
C07004,True,109002D,CRICOS,Removed or Changed
C07004,True,109002D,CRICOS,Removed or Changed
C07004,True,109002D,CRICOS,Removed or Changed
C07004,True,109002D,CRICOS,Removed or Changed
C07004,True,109002D,CRICOS,Removed or Changed
C07004,True,109002D,CRICOS,Removed or Changed
C07004,True,109002D,CRICOS,Removed or Changed
C07004,True,109002D,CRICOS,Removed or Changed
C11280,True,100400,CRICOS,Removed or Changed
C11280,True,100400,CRICOS,Removed or Changed
C11280,True,100400,CRICOS,Removed or Changed
C11280,True,100400,CRICOS,Removed or Changed
C11280,True,100400,CRICOS,Removed or Changed
C11280,True,100400,CRICOS,Removed or Changed
C11280,True,100400,CRICOS,Removed or Changed
C11280,True,100400,CRICOS,Removed or Changed
C03061,True,098375C,CRICOS,Removed or Changed
C03061,True,098375C,CRICOS,Removed or Changed
C03061,True,098375C,CRICOS,Removed or Changed
C03061,True,098375C,CRICOS,Removed or Changed
C03061,True,098375C,CRICOS,Removed or Changed
C03061,True,098375C,CRICOS,Removed or Changed
C03061,True,098375C,CRICOS,Removed or Changed
C03061,True,098375C,CRICOS,Removed or Changed
C03061,True,098375C,CRICOS,Removed or Changed
C03061,True,098375C,CRICOS,Removed or Changed
C03061,True,098375C,CRICOS,Removed or Changed
C03061,True,098375C,CRICOS,Removed or Changed
C03061,True,098375C,CRICOS,Removed or Changed
C03061,True,098375C,CRICOS,Removed or Changed
C10376,True,087780C,CRICOS,Removed or Changed
C10376,True,087780C,CRICOS,Removed or Changed
C10376,True,087780C,CRICOS,Removed or Changed
C10376,True,087780C,CRICOS,Removed or Changed
C10376,True,087780C,CRICOS,Removed or Changed
C10376,True,087780C,CRICOS,Removed or Changed
C11301,True,101142,CRICOS,Removed or Changed
C11301,True,101142,CRICOS,Removed or Changed
C11301,True,101142,CRICOS,Removed or Changed
C11301,True,101142,CRICOS,Removed or Changed
C11301,True,101142,CRICOS,Removed or Changed
C11301,True,101142,CRICOS,Removed or Changed
C11301,True,101142,CRICOS,Removed or Changed
C11301,True,101142,CRICOS,Removed or Changed
C11301,True,101142,CRICOS,Removed or Changed
C11301,True,101142,CRICOS,Removed or Changed
C11301,True,101142,CRICOS,Removed or Changed
C11301,True,101142,CRICOS,Removed or Changed
C03050,True,055629G,CRICOS,Removed or Changed
C03050,True,055629G,CRICOS,Removed or Changed
C03050,True,055629G,CRICOS,Removed or Changed
C03050,True,055629G,CRICOS,Removed or Changed
C03050,True,055629G,CRICOS,Removed or Changed
C03050,True,055629G,CRICOS,Removed or Changed
C03050,True,055629G,CRICOS,Removed or Changed
C03050,True,055629G,CRICOS,Removed or Changed
C03050,True,055629G,CRICOS,Removed or Changed
C03050,True,055629G,CRICOS,Removed or Changed
C03050,True,055629G,CRICOS,Removed or Changed
C03050,True,055629G,CRICOS,Removed or Changed
C03050,True,055629G,CRICOS,Removed or Changed
C03050,True,055629G,CRICOS,Removed or Changed
C03050,True,055629G,CRICOS,Removed or Changed
C03050,True,055629G,CRICOS,Removed or Changed
C03050,True,055629G,CRICOS,Removed or Changed
C03050,True,055629G,CRICOS,Removed or Changed
C10375,True,087779G,CRICOS,Removed or Changed
C10375,True,087779G,CRICOS,Removed or Changed
C10375,True,087779G,CRICOS,Removed or Changed
C10375,True,087779G,CRICOS,Removed or Changed
C10375,True,087779G,CRICOS,Removed or Changed
C10375,True,087779G,CRICOS,Removed or Changed
C50009,True,018126E,CRICOS,Removed or Changed
C50009,True,018126E,CRICOS,Removed or Changed
C50009,True,018126E,CRICOS,Removed or Changed
C50009,True,018126E,CRICOS,Removed or Changed
C50009,True,018126E,CRICOS,Removed or Changed
C50009,True,018126E,CRICOS,Removed or Changed
C50009,True,018126E,CRICOS,Removed or Changed
C50009,True,018126E,CRICOS,Removed or Changed
C50009,True,018126E,CRICOS,Removed or Changed
C50009,True,018126E,CRICOS,Removed or Changed
C50009,True,018126E,CRICOS,Removed or Changed
C50009,True,018126E,CRICOS,Removed or Changed
C50009,True,018126E,CRICOS,Removed or Changed
C50009,True,018126E,CRICOS,Removed or Changed
C50009,True,018126E,CRICOS,Removed or Changed
C50009,True,018126E,CRICOS,Removed or Changed
C50009,True,018126E,CRICOS,Removed or Changed
C50009,True,018126E,CRICOS,Removed or Changed
C50009,True,018126E,CRICOS,Removed or Changed
C50009,True,018126E,CRICOS,Removed or Changed
C50009,True,018126E,CRICOS,Removed or Changed
C50009,True,018126E,CRICOS,Removed or Changed
C50009,True,018126E,CRICOS,Removed or Changed
C50009,True,018126E,CRICOS,Removed or Changed
C50009,True,018126E,CRICOS,Removed or Changed
C50009,True,018126E,CRICOS,Removed or Changed
C50009,True,018126E,CRICOS,Removed or Changed
C50009,True,018126E,CRICOS,Removed or Changed
C50009,True,018126E,CRICOS,Removed or Changed
C50009,True,018126E,CRICOS,Removed or Changed
C50009,True,018126E,CRICOS,Removed or Changed
C11274,True,084266A,CRICOS,Removed or Changed
C11274,True,084266A,CRICOS,Removed or Changed
C11274,True,084266A,CRICOS,Removed or Changed
C11274,True,084266A,CRICOS,Removed or Changed
C11274,True,084266A,CRICOS,Removed or Changed
C11274,True,084266A,CRICOS,Removed or Changed
C11274,True,084266A,CRICOS,Removed or Changed
C11274,True,084266A,CRICOS,Removed or Changed
C11274,True,084266A,CRICOS,Removed or Changed
C11274,True,084266A,CRICOS,Removed or Changed
C11274,True,084266A,CRICOS,Removed or Changed
C11274,True,084266A,CRICOS,Removed or Changed
C09075,True,084096C,CRICOS,Removed or Changed
C09075,True,084096C,CRICOS,Removed or Changed
C09075,True,084096C,CRICOS,Removed or Changed
C09075,True,084096C,CRICOS,Removed or Changed
C09075,True,084096C,CRICOS,Removed or Changed
C09075,True,084096C,CRICOS,Removed or Changed
C11230,True,075570A,CRICOS,Removed or Changed
C11230,True,075570A,CRICOS,Removed or Changed
C11230,True,075570A,CRICOS,Removed or Changed
C11230,True,075570A,CRICOS,Removed or Changed
C10325,True,079755D,CRICOS,Removed or Changed
C10325,True,079755D,CRICOS,Removed or Changed
C10325,True,079755D,CRICOS,Removed or Changed
C10325,True,079755D,CRICOS,Removed or Changed
C10325,True,079755D,CRICOS,Removed or Changed
C10325,True,079755D,CRICOS,Removed or Changed
C10325,True,079755D,CRICOS,Removed or Changed
C10325,True,079755D,CRICOS,Removed or Changed
C11300,True,101001,CRICOS,Removed or Changed
C11300,True,101001,CRICOS,Removed or Changed
C11300,True,101001,CRICOS,Removed or Changed
C11300,True,101001,CRICOS,Removed or Changed
C11300,True,101001,CRICOS,Removed or Changed
C11300,True,101001,CRICOS,Removed or Changed
C11300,True,101001,CRICOS,Removed or Changed
C11300,True,101001,CRICOS,Removed or Changed
C11300,True,101001,CRICOS,Removed or Changed
C10460,True,107050A,CRICOS,Removed or Changed
C10460,True,107050A,CRICOS,Removed or Changed
C10460,True,107050A,CRICOS,Removed or Changed
C10460,True,107050A,CRICOS,Removed or Changed
C11264,True,095712D,CRICOS,Removed or Changed
C11264,True,095712D,CRICOS,Removed or Changed
C11264,True,095712D,CRICOS,Removed or Changed
C11264,True,095712D,CRICOS,Removed or Changed
C11264,True,095712D,CRICOS,Removed or Changed
C11264,True,095712D,CRICOS,Removed or Changed
C11264,True,095712D,CRICOS,Removed or Changed
C11264,True,095712D,CRICOS,Removed or Changed
C11264,True,095712D,CRICOS,Removed or Changed
C11264,True,095712D,CRICOS,Removed or Changed
C11264,True,095712D,CRICOS,Removed or Changed
C11264,True,095712D,CRICOS,Removed or Changed
C11264,True,095712D,CRICOS,Removed or Changed
C11264,True,095712D,CRICOS,Removed or Changed
C11264,True,095712D,CRICOS,Removed or Changed
C11264,True,095712D,CRICOS,Removed or Changed
C10455,True,106873C,CRICOS,Removed or Changed
C10455,True,106873C,CRICOS,Removed or Changed
C10455,True,106873C,CRICOS,Removed or Changed
C10455,True,106873C,CRICOS,Removed or Changed
C10455,True,106873C,CRICOS,Removed or Changed
C10455,True,106873C,CRICOS,Removed or Changed
C04424,True,104623D,CRICOS,Removed or Changed
C04424,True,104623D,CRICOS,Removed or Changed
C04424,True,104623D,CRICOS,Removed or Changed
C04424,True,104623D,CRICOS,Removed or Changed
C04424,True,104623D,CRICOS,Removed or Changed
C04424,True,104623D,CRICOS,Removed or Changed
C04424,True,104623D,CRICOS,Removed or Changed
C04424,True,104623D,CRICOS,Removed or Changed
C04424,True,104623D,CRICOS,Removed or Changed
C04424,True,104623D,CRICOS,Removed or Changed
C04424,True,104623D,CRICOS,Removed or Changed
C04424,True,104623D,CRICOS,Removed or Changed
C04424,True,104623D,CRICOS,Removed or Changed
C04424,True,104623D,CRICOS,Removed or Changed
C04424,True,104623D,CRICOS,Removed or Changed
C04424,True,104623D,CRICOS,Removed or Changed
C09100,True,092385E,CRICOS,Removed or Changed
C09100,True,092385E,CRICOS,Removed or Changed
C09100,True,092385E,CRICOS,Removed or Changed
C09100,True,092385E,CRICOS,Removed or Changed
C09100,True,092385E,CRICOS,Removed or Changed
C09100,True,092385E,CRICOS,Removed or Changed
C09100,True,092385E,CRICOS,Removed or Changed
C09100,True,092385E,CRICOS,Removed or Changed
C04297,True,084255D,CRICOS,Removed or Changed
C04297,True,084255D,CRICOS,Removed or Changed
C04297,True,084255D,CRICOS,Removed or Changed
C04297,True,084255D,CRICOS,Removed or Changed
C04297,True,084255D,CRICOS,Removed or Changed
C04297,True,084255D,CRICOS,Removed or Changed
C04297,True,084255D,CRICOS,Removed or Changed
C04297,True,084255D,CRICOS,Removed or Changed
C04297,True,084255D,CRICOS,Removed or Changed
C04297,True,084255D,CRICOS,Removed or Changed
C04297,True,084255D,CRICOS,Removed or Changed
C04297,True,084255D,CRICOS,Removed or Changed
C04297,True,084255D,CRICOS,Removed or Changed
C04297,True,084255D,CRICOS,Removed or Changed
C04297,True,084255D,CRICOS,Removed or Changed
C04297,True,084255D,CRICOS,Removed or Changed
C04297,True,084255D,CRICOS,Removed or Changed
C04429,True,105154J,CRICOS,Removed or Changed
C04429,True,105154J,CRICOS,Removed or Changed
C04429,True,105154J,CRICOS,Removed or Changed
C04429,True,105154J,CRICOS,Removed or Changed
C04429,True,105154J,CRICOS,Removed or Changed
C04429,True,105154J,CRICOS,Removed or Changed
C04429,True,105154J,CRICOS,Removed or Changed
C04429,True,105154J,CRICOS,Removed or Changed
C04429,True,105154J,CRICOS,Removed or Changed
C04429,True,105154J,CRICOS,Removed or Changed
C04429,True,105154J,CRICOS,Removed or Changed
C04429,True,105154J,CRICOS,Removed or Changed
C04429,True,105154J,CRICOS,Removed or Changed
C04429,True,105154J,CRICOS,Removed or Changed
C04429,True,105154J,CRICOS,Removed or Changed
C04429,True,105154J,CRICOS,Removed or Changed
C04429,True,105154J,CRICOS,Removed or Changed
C04429,True,105154J,CRICOS,Removed or Changed
C07140,True,098415M,CRICOS,Removed or Changed
C07140,True,098415M,CRICOS,Removed or Changed
C07140,True,098415M,CRICOS,Removed or Changed
C07140,True,098415M,CRICOS,Removed or Changed
C07140,True,098415M,CRICOS,Removed or Changed
C07140,True,098415M,CRICOS,Removed or Changed
C07140,True,098415M,CRICOS,Removed or Changed
C07140,True,098415M,CRICOS,Removed or Changed
C07140,True,098415M,CRICOS,Removed or Changed
C07140,True,098415M,CRICOS,Removed or Changed
C04373,True,088930G,CRICOS,Removed or Changed
C04373,True,088930G,CRICOS,Removed or Changed
C04373,True,088930G,CRICOS,Removed or Changed
C04373,True,088930G,CRICOS,Removed or Changed
C04373,True,088930G,CRICOS,Removed or Changed
C04373,True,088930G,CRICOS,Removed or Changed
C04373,True,088930G,CRICOS,Removed or Changed
C04373,True,088930G,CRICOS,Removed or Changed
C04373,True,088930G,CRICOS,Removed or Changed
C04373,True,088930G,CRICOS,Removed or Changed
C10148,True,040941A,CRICOS,Removed or Changed
C10148,True,040941A,CRICOS,Removed or Changed
C10148,True,040941A,CRICOS,Removed or Changed
C10148,True,040941A,CRICOS,Removed or Changed
C10148,True,040941A,CRICOS,Removed or Changed
C10148,True,040941A,CRICOS,Removed or Changed
C10472,True,110750B,CRICOS,Removed or Changed
C10472,True,110750B,CRICOS,Removed or Changed
C10472,True,110750B,CRICOS,Removed or Changed
C09168,True,110745K,CRICOS,Removed or Changed
C09168,True,110745K,CRICOS,Removed or Changed
C09168,True,110745K,CRICOS,Removed or Changed
C09168,True,110745K,CRICOS,Removed or Changed
C09168,True,110745K,CRICOS,Removed or Changed
C09168,True,110745K,CRICOS,Removed or Changed
C03026,True,032335A,CRICOS,Removed or Changed
C03026,True,032335A,CRICOS,Removed or Changed
C03026,True,032335A,CRICOS,Removed or Changed
C03026,True,032335A,CRICOS,Removed or Changed
C03026,True,032335A,CRICOS,Removed or Changed
C03026,True,032335A,CRICOS,Removed or Changed
C03026,True,032335A,CRICOS,Removed or Changed
C03026,True,032335A,CRICOS,Removed or Changed
C03026,True,032335A,CRICOS,Removed or Changed
C03026,True,032335A,CRICOS,Removed or Changed
C03026,True,032335A,CRICOS,Removed or Changed
C03026,True,032335A,CRICOS,Removed or Changed
C03026,True,032335A,CRICOS,Removed or Changed
C03026,True,032335A,CRICOS,Removed or Changed
C03026,True,032335A,CRICOS,Removed or Changed
C03026,True,032335A,CRICOS,Removed or Changed
C03026,True,032335A,CRICOS,Removed or Changed
C03026,True,032335A,CRICOS,Removed or Changed
C03026,True,032335A,CRICOS,Removed or Changed
C03026,True,032335A,CRICOS,Removed or Changed
C03026,True,032335A,CRICOS,Removed or Changed
C03026,True,032335A,CRICOS,Removed or Changed
C04143,True,001125A,CRICOS,Removed or Changed
C04143,True,001125A,CRICOS,Removed or Changed
C04143,True,001125A,CRICOS,Removed or Changed
C04143,True,001125A,CRICOS,Removed or Changed
C04143,True,001125A,CRICOS,Removed or Changed
C04143,True,001125A,CRICOS,Removed or Changed
C04143,True,001125A,CRICOS,Removed or Changed
C04143,True,001125A,CRICOS,Removed or Changed
C04143,True,001125A,CRICOS,Removed or Changed
C04143,True,001125A,CRICOS,Removed or Changed
C04143,True,001125A,CRICOS,Removed or Changed
C04143,True,001125A,CRICOS,Removed or Changed
C04143,True,001125A,CRICOS,Removed or Changed
C04143,True,001125A,CRICOS,Removed or Changed
C04143,True,001125A,CRICOS,Removed or Changed
C04143,True,001125A,CRICOS,Removed or Changed
C04143,True,001125A,CRICOS,Removed or Changed
C04143,True,001125A,CRICOS,Removed or Changed
C04143,True,001125A,CRICOS,Removed or Changed
C04143,True,001125A,CRICOS,Removed or Changed
C04143,True,001125A,CRICOS,Removed or Changed
C04143,True,001125A,CRICOS,Removed or Changed
C04143,True,001125A,CRICOS,Removed or Changed
C04143,True,001125A,CRICOS,Removed or Changed
C04143,True,001125A,CRICOS,Removed or Changed
C04143,True,001125A,CRICOS,Removed or Changed
C04143,True,001125A,CRICOS,Removed or Changed
C07002,True,088876J,CRICOS,Removed or Changed
C07002,True,088876J,CRICOS,Removed or Changed
C07002,True,088876J,CRICOS,Removed or Changed
C07002,True,088876J,CRICOS,Removed or Changed
C07002,True,088876J,CRICOS,Removed or Changed
C07002,True,088876J,CRICOS,Removed or Changed
C07002,True,088876J,CRICOS,Removed or Changed
C07002,True,088876J,CRICOS,Removed or Changed
C07002,True,088876J,CRICOS,Removed or Changed
C07002,True,088876J,CRICOS,Removed or Changed
C07073,True,016613F,CRICOS,Removed or Changed
C07073,True,016613F,CRICOS,Removed or Changed
C07073,True,016613F,CRICOS,Removed or Changed
C07073,True,016613F,CRICOS,Removed or Changed
C07073,True,016613F,CRICOS,Removed or Changed
C07073,True,016613F,CRICOS,Removed or Changed
C07073,True,016613F,CRICOS,Removed or Changed
C07073,True,016613F,CRICOS,Removed or Changed
C07073,True,016613F,CRICOS,Removed or Changed
C07073,True,016613F,CRICOS,Removed or Changed
C07073,True,016613F,CRICOS,Removed or Changed
C07073,True,016613F,CRICOS,Removed or Changed
C07073,True,016613F,CRICOS,Removed or Changed
C07073,True,016613F,CRICOS,Removed or Changed
C07073,True,016613F,CRICOS,Removed or Changed
C07073,True,016613F,CRICOS,Removed or Changed
C07073,True,016613F,CRICOS,Removed or Changed
C07073,True,016613F,CRICOS,Removed or Changed
C07073,True,016613F,CRICOS,Removed or Changed
C07073,True,016613F,CRICOS,Removed or Changed
C07073,True,016613F,CRICOS,Removed or Changed
C07073,True,016613F,CRICOS,Removed or Changed
C07073,True,016613F,CRICOS,Removed or Changed
C07073,True,016613F,CRICOS,Removed or Changed
C11005,True,088437K,CRICOS,Removed or Changed
C11005,True,088437K,CRICOS,Removed or Changed
C11005,True,088437K,CRICOS,Removed or Changed
C11005,True,088437K,CRICOS,Removed or Changed
C11005,True,088437K,CRICOS,Removed or Changed
C11005,True,088437K,CRICOS,Removed or Changed
C11005,True,088437K,CRICOS,Removed or Changed
C11005,True,088437K,CRICOS,Removed or Changed
C11005,True,088437K,CRICOS,Removed or Changed
C11005,True,088437K,CRICOS,Removed or Changed
C11005,True,088437K,CRICOS,Removed or Changed
C11005,True,088437K,CRICOS,Removed or Changed
C11005,True,088437K,CRICOS,Removed or Changed
C11005,True,088437K,CRICOS,Removed or Changed
C04038,True,036577F,CRICOS,Removed or Changed
C04038,True,036577F,CRICOS,Removed or Changed
C04038,True,036577F,CRICOS,Removed or Changed
C04038,True,036577F,CRICOS,Removed or Changed
C04038,True,036577F,CRICOS,Removed or Changed
C04038,True,036577F,CRICOS,Removed or Changed
C04038,True,036577F,CRICOS,Removed or Changed
C04038,True,036577F,CRICOS,Removed or Changed
C04038,True,036577F,CRICOS,Removed or Changed
C04038,True,036577F,CRICOS,Removed or Changed
C04038,True,036577F,CRICOS,Removed or Changed
C10167,True,043287B,CRICOS,Removed or Changed
C10167,True,043287B,CRICOS,Removed or Changed
C07113,True,055276F,CRICOS,Removed or Changed
C07113,True,055276F,CRICOS,Removed or Changed
C07113,True,055276F,CRICOS,Removed or Changed
C07113,True,055276F,CRICOS,Removed or Changed
C07113,True,055276F,CRICOS,Removed or Changed
C07113,True,055276F,CRICOS,Removed or Changed
C07113,True,055276F,CRICOS,Removed or Changed
C07113,True,055276F,CRICOS,Removed or Changed
C07113,True,055276F,CRICOS,Removed or Changed
C11287,True,098064G,CRICOS,Removed or Changed
C11287,True,098064G,CRICOS,Removed or Changed
C11287,True,098064G,CRICOS,Removed or Changed
C11287,True,098064G,CRICOS,Removed or Changed
C11287,True,098064G,CRICOS,Removed or Changed
C11287,True,098064G,CRICOS,Removed or Changed
C11287,True,098064G,CRICOS,Removed or Changed
C11287,True,098064G,CRICOS,Removed or Changed
C11287,True,098064G,CRICOS,Removed or Changed
C11287,True,098064G,CRICOS,Removed or Changed
C11287,True,098064G,CRICOS,Removed or Changed
C11287,True,098064G,CRICOS,Removed or Changed
C11287,True,098064G,CRICOS,Removed or Changed
C11287,True,098064G,CRICOS,Removed or Changed
C10462,True,107051M,CRICOS,Removed or Changed
C10462,True,107051M,CRICOS,Removed or Changed
C10462,True,107051M,CRICOS,Removed or Changed
C10462,True,107051M,CRICOS,Removed or Changed
C09123,True,100570,CRICOS,Removed or Changed
C09123,True,100570,CRICOS,Removed or Changed
C09123,True,100570,CRICOS,Removed or Changed
C10411,True,102818J,CRICOS,Removed or Changed
C10411,True,102818J,CRICOS,Removed or Changed
C10411,True,102818J,CRICOS,Removed or Changed
C10411,True,102818J,CRICOS,Removed or Changed
C10411,True,102818J,CRICOS,Removed or Changed
C10411,True,102818J,CRICOS,Removed or Changed
C10411,True,102818J,CRICOS,Removed or Changed
C10411,True,102818J,CRICOS,Removed or Changed
C09150,True,106913M,CRICOS,Removed or Changed
C09150,True,106913M,CRICOS,Removed or Changed
C09150,True,106913M,CRICOS,Removed or Changed
C09150,True,106913M,CRICOS,Removed or Changed
C04250,True,074765J,CRICOS,Removed or Changed
C04250,True,074765J,CRICOS,Removed or Changed
C04250,True,074765J,CRICOS,Removed or Changed
C04250,True,074765J,CRICOS,Removed or Changed
C04250,True,074765J,CRICOS,Removed or Changed
C04250,True,074765J,CRICOS,Removed or Changed
C04250,True,074765J,CRICOS,Removed or Changed
C04250,True,074765J,CRICOS,Removed or Changed
C10320,True,079556M,CRICOS,Removed or Changed
C10320,True,079556M,CRICOS,Removed or Changed
C10320,True,079556M,CRICOS,Removed or Changed
C10328,True,079758A,CRICOS,Removed or Changed
C10328,True,079758A,CRICOS,Removed or Changed
C10328,True,079758A,CRICOS,Removed or Changed
C10328,True,079758A,CRICOS,Removed or Changed
C10328,True,079758A,CRICOS,Removed or Changed
C10328,True,079758A,CRICOS,Removed or Changed
C10328,True,079758A,CRICOS,Removed or Changed
C10328,True,079758A,CRICOS,Removed or Changed
C06108,True,109000F,CRICOS,Removed or Changed
C06108,True,109000F,CRICOS,Removed or Changed
C06108,True,109000F,CRICOS,Removed or Changed
C06108,True,109000F,CRICOS,Removed or Changed
C06108,True,109000F,CRICOS,Removed or Changed
C06108,True,109000F,CRICOS,Removed or Changed
C06108,True,109000F,CRICOS,Removed or Changed
C06108,True,109000F,CRICOS,Removed or Changed
C06108,True,109000F,CRICOS,Removed or Changed
C06108,True,109000F,CRICOS,Removed or Changed
C06108,True,109000F,CRICOS,Removed or Changed
C06108,True,109000F,CRICOS,Removed or Changed
C06108,True,109000F,CRICOS,Removed or Changed
C06108,True,109000F,CRICOS,Removed or Changed
C06108,True,109000F,CRICOS,Removed or Changed
C06108,True,109000F,CRICOS,Removed or Changed
C06108,True,109000F,CRICOS,Removed or Changed
C06108,True,109000F,CRICOS,Removed or Changed
C06108,True,109000F,CRICOS,Removed or Changed
C06108,True,109000F,CRICOS,Removed or Changed
C06108,True,109000F,CRICOS,Removed or Changed
C06108,True,109000F,CRICOS,Removed or Changed
C04272,True,081089D,CRICOS,Removed or Changed
C04272,True,081089D,CRICOS,Removed or Changed
C04272,True,081089D,CRICOS,Removed or Changed
C04272,True,081089D,CRICOS,Removed or Changed
C04272,True,081089D,CRICOS,Removed or Changed
C04272,True,081089D,CRICOS,Removed or Changed
C04272,True,081089D,CRICOS,Removed or Changed
C04272,True,081089D,CRICOS,Removed or Changed
C04272,True,081089D,CRICOS,Removed or Changed
C04272,True,081089D,CRICOS,Removed or Changed
C04272,True,081089D,CRICOS,Removed or Changed
C04272,True,081089D,CRICOS,Removed or Changed
C04272,True,081089D,CRICOS,Removed or Changed
C04272,True,081089D,CRICOS,Removed or Changed
C04272,True,081089D,CRICOS,Removed or Changed
C04272,True,081089D,CRICOS,Removed or Changed
C04272,True,081089D,CRICOS,Removed or Changed
C04272,True,081089D,CRICOS,Removed or Changed
C04272,True,081089D,CRICOS,Removed or Changed
C04272,True,081089D,CRICOS,Removed or Changed
C04272,True,081089D,CRICOS,Removed or Changed
C10388,True,092382G,CRICOS,Removed or Changed
C10388,True,092382G,CRICOS,Removed or Changed
C10380,True,087786G,CRICOS,Removed or Changed
C10380,True,087786G,CRICOS,Removed or Changed
C10380,True,087786G,CRICOS,Removed or Changed
C10380,True,087786G,CRICOS,Removed or Changed
C10380,True,087786G,CRICOS,Removed or Changed
C10380,True,087786G,CRICOS,Removed or Changed
C10380,True,087786G,CRICOS,Removed or Changed
C10380,True,087786G,CRICOS,Removed or Changed
C06137,True,101143,CRICOS,Removed or Changed
C06137,True,101143,CRICOS,Removed or Changed
C06137,True,101143,CRICOS,Removed or Changed
C06137,True,101143,CRICOS,Removed or Changed
C06137,True,101143,CRICOS,Removed or Changed
C06137,True,101143,CRICOS,Removed or Changed
C06137,True,101143,CRICOS,Removed or Changed
C06137,True,101143,CRICOS,Removed or Changed
C04392,True,098060M,CRICOS,Removed or Changed
C04392,True,098060M,CRICOS,Removed or Changed
C04392,True,098060M,CRICOS,Removed or Changed
C04392,True,098060M,CRICOS,Removed or Changed
C04392,True,098060M,CRICOS,Removed or Changed
C04392,True,098060M,CRICOS,Removed or Changed
C04392,True,098060M,CRICOS,Removed or Changed
C04392,True,098060M,CRICOS,Removed or Changed
C04392,True,098060M,CRICOS,Removed or Changed
C04392,True,098060M,CRICOS,Removed or Changed
C04392,True,098060M,CRICOS,Removed or Changed
C04392,True,098060M,CRICOS,Removed or Changed
C04392,True,098060M,CRICOS,Removed or Changed
C04392,True,098060M,CRICOS,Removed or Changed
C04392,True,098060M,CRICOS,Removed or Changed
C09160,True,106916H,CRICOS,Removed or Changed
C09160,True,106916H,CRICOS,Removed or Changed
C09137,True,106935E,CRICOS,Removed or Changed
C09137,True,106935E,CRICOS,Removed or Changed
C09137,True,106935E,CRICOS,Removed or Changed
C09137,True,106935E,CRICOS,Removed or Changed
C09137,True,106935E,CRICOS,Removed or Changed
C09137,True,106935E,CRICOS,Removed or Changed
C09137,True,106935E,CRICOS,Removed or Changed
C09137,True,106935E,CRICOS,Removed or Changed
C11238,True,081084J,CRICOS,Removed or Changed
C11238,True,081084J,CRICOS,Removed or Changed
C11238,True,081084J,CRICOS,Removed or Changed
C11238,True,081084J,CRICOS,Removed or Changed
C11238,True,081084J,CRICOS,Removed or Changed
C11238,True,081084J,CRICOS,Removed or Changed
C11238,True,081084J,CRICOS,Removed or Changed
C11238,True,081084J,CRICOS,Removed or Changed
C11238,True,081084J,CRICOS,Removed or Changed
C11238,True,081084J,CRICOS,Removed or Changed
C11238,True,081084J,CRICOS,Removed or Changed
C11238,True,081084J,CRICOS,Removed or Changed
C11238,True,081084J,CRICOS,Removed or Changed
C11238,True,081084J,CRICOS,Removed or Changed
C11238,True,081084J,CRICOS,Removed or Changed
C11238,True,081084J,CRICOS,Removed or Changed
C11238,True,081084J,CRICOS,Removed or Changed
C11238,True,081084J,CRICOS,Removed or Changed
C11238,True,081084J,CRICOS,Removed or Changed
C11238,True,081084J,CRICOS,Removed or Changed
C11238,True,081084J,CRICOS,Removed or Changed
C11238,True,081084J,CRICOS,Removed or Changed
C11238,True,081084J,CRICOS,Removed or Changed
C11238,True,081084J,CRICOS,Removed or Changed
C30020,True,082433G,CRICOS,Removed or Changed
C30020,True,082433G,CRICOS,Removed or Changed
C30020,True,082433G,CRICOS,Removed or Changed
C30020,True,082433G,CRICOS,Removed or Changed
C30020,True,082433G,CRICOS,Removed or Changed
C30020,True,082433G,CRICOS,Removed or Changed
C30020,True,082433G,CRICOS,Removed or Changed
C30020,True,082433G,CRICOS,Removed or Changed
C30020,True,082433G,CRICOS,Removed or Changed
C30020,True,082433G,CRICOS,Removed or Changed
C30020,True,082433G,CRICOS,Removed or Changed
C30020,True,082433G,CRICOS,Removed or Changed
C10363,True,087735G,CRICOS,Removed or Changed
C10363,True,087735G,CRICOS,Removed or Changed
C10363,True,087735G,CRICOS,Removed or Changed
C10363,True,087735G,CRICOS,Removed or Changed
C10363,True,087735G,CRICOS,Removed or Changed
C10363,True,087735G,CRICOS,Removed or Changed
C10363,True,087735G,CRICOS,Removed or Changed
C10363,True,087735G,CRICOS,Removed or Changed
C10363,True,087735G,CRICOS,Removed or Changed
C10363,True,087735G,CRICOS,Removed or Changed
C10367,True,087765B,CRICOS,Removed or Changed
C10367,True,087765B,CRICOS,Removed or Changed
C10367,True,087765B,CRICOS,Removed or Changed
C10367,True,087765B,CRICOS,Removed or Changed
C10367,True,087765B,CRICOS,Removed or Changed
C10367,True,087765B,CRICOS,Removed or Changed
C10367,True,087765B,CRICOS,Removed or Changed
C10367,True,087765B,CRICOS,Removed or Changed
C03032,True,028886D,CRICOS,Removed or Changed
C03032,True,028886D,CRICOS,Removed or Changed
C03032,True,028886D,CRICOS,Removed or Changed
C03032,True,028886D,CRICOS,Removed or Changed
C03032,True,028886D,CRICOS,Removed or Changed
C03032,True,028886D,CRICOS,Removed or Changed
C03032,True,028886D,CRICOS,Removed or Changed
C03032,True,028886D,CRICOS,Removed or Changed
C03032,True,028886D,CRICOS,Removed or Changed
C03032,True,028886D,CRICOS,Removed or Changed
C03032,True,028886D,CRICOS,Removed or Changed
C03032,True,028886D,CRICOS,Removed or Changed
C03032,True,028886D,CRICOS,Removed or Changed
C03032,True,028886D,CRICOS,Removed or Changed
C03032,True,028886D,CRICOS,Removed or Changed
C03032,True,028886D,CRICOS,Removed or Changed
C03032,True,028886D,CRICOS,Removed or Changed
C03032,True,028886D,CRICOS,Removed or Changed
C03032,True,028886D,CRICOS,Removed or Changed
C03032,True,028886D,CRICOS,Removed or Changed
C03032,True,028886D,CRICOS,Removed or Changed
C03032,True,028886D,CRICOS,Removed or Changed
C03032,True,028886D,CRICOS,Removed or Changed
C03032,True,028886D,CRICOS,Removed or Changed
C04285,True,084673G,CRICOS,Removed or Changed
C04285,True,084673G,CRICOS,Removed or Changed
C04285,True,084673G,CRICOS,Removed or Changed
C04285,True,084673G,CRICOS,Removed or Changed
C04285,True,084673G,CRICOS,Removed or Changed
C04285,True,084673G,CRICOS,Removed or Changed
C04285,True,084673G,CRICOS,Removed or Changed
C04285,True,084673G,CRICOS,Removed or Changed
C04285,True,084673G,CRICOS,Removed or Changed
C10365,True,087763D,CRICOS,Removed or Changed
C10365,True,087763D,CRICOS,Removed or Changed
C10365,True,087763D,CRICOS,Removed or Changed
C10365,True,087763D,CRICOS,Removed or Changed
C10365,True,087763D,CRICOS,Removed or Changed
C10365,True,087763D,CRICOS,Removed or Changed
C10365,True,087763D,CRICOS,Removed or Changed
C10365,True,087763D,CRICOS,Removed or Changed
C04317,True,089508C,CRICOS,Removed or Changed
C04317,True,089508C,CRICOS,Removed or Changed
C04317,True,089508C,CRICOS,Removed or Changed
C04317,True,089508C,CRICOS,Removed or Changed
C04317,True,089508C,CRICOS,Removed or Changed
C04317,True,089508C,CRICOS,Removed or Changed
C04317,True,089508C,CRICOS,Removed or Changed
C04317,True,089508C,CRICOS,Removed or Changed
C04317,True,089508C,CRICOS,Removed or Changed
C04317,True,089508C,CRICOS,Removed or Changed
C04317,True,089508C,CRICOS,Removed or Changed
C04317,True,089508C,CRICOS,Removed or Changed
C04317,True,089508C,CRICOS,Removed or Changed
C04317,True,089508C,CRICOS,Removed or Changed
C04317,True,089508C,CRICOS,Removed or Changed
C04317,True,089508C,CRICOS,Removed or Changed
C04317,True,089508C,CRICOS,Removed or Changed
C04317,True,089508C,CRICOS,Removed or Changed
C04317,True,089508C,CRICOS,Removed or Changed
C04317,True,089508C,CRICOS,Removed or Changed
C04317,True,089508C,CRICOS,Removed or Changed
C04317,True,089508C,CRICOS,Removed or Changed
C04317,True,089508C,CRICOS,Removed or Changed
C04317,True,089508C,CRICOS,Removed or Changed
C04317,True,089508C,CRICOS,Removed or Changed
C04317,True,089508C,CRICOS,Removed or Changed
C04317,True,089508C,CRICOS,Removed or Changed
C11270,True,096458E,CRICOS,Removed or Changed
C11270,True,096458E,CRICOS,Removed or Changed
C11270,True,096458E,CRICOS,Removed or Changed
C11270,True,096458E,CRICOS,Removed or Changed
C11270,True,096458E,CRICOS,Removed or Changed
C11270,True,096458E,CRICOS,Removed or Changed
C11270,True,096458E,CRICOS,Removed or Changed
C11270,True,096458E,CRICOS,Removed or Changed
C11270,True,096458E,CRICOS,Removed or Changed
C11270,True,096458E,CRICOS,Removed or Changed
C11270,True,096458E,CRICOS,Removed or Changed
C11270,True,096458E,CRICOS,Removed or Changed
C11270,True,096458E,CRICOS,Removed or Changed
C11270,True,096458E,CRICOS,Removed or Changed
C10479,True,114585M,CRICOS,Removed or Changed
C10479,True,114585M,CRICOS,Removed or Changed
C04386,True,098167M,CRICOS,Removed or Changed
C04386,True,098167M,CRICOS,Removed or Changed
C04386,True,098167M,CRICOS,Removed or Changed
C04386,True,098167M,CRICOS,Removed or Changed
C04386,True,098167M,CRICOS,Removed or Changed
C04386,True,098167M,CRICOS,Removed or Changed
C10126,True,009473E,CRICOS,Removed or Changed
C10126,True,009473E,CRICOS,Removed or Changed
C10126,True,009473E,CRICOS,Removed or Changed
C10126,True,009473E,CRICOS,Removed or Changed
C10126,True,009473E,CRICOS,Removed or Changed
C10126,True,009473E,CRICOS,Removed or Changed
C09131,True,107049E,CRICOS,Removed or Changed
C09131,True,107049E,CRICOS,Removed or Changed
C11027,True,020212M,CRICOS,Removed or Changed
C11027,True,020212M,CRICOS,Removed or Changed
C11027,True,020212M,CRICOS,Removed or Changed
C11027,True,020212M,CRICOS,Removed or Changed
C06100,True,075569E,CRICOS,Removed or Changed
C06100,True,075569E,CRICOS,Removed or Changed
C06100,True,075569E,CRICOS,Removed or Changed
C06100,True,075569E,CRICOS,Removed or Changed
C11232,True,077342G,CRICOS,Removed or Changed
C11232,True,077342G,CRICOS,Removed or Changed
C11232,True,077342G,CRICOS,Removed or Changed
C11232,True,077342G,CRICOS,Removed or Changed
C11232,True,077342G,CRICOS,Removed or Changed
C11232,True,077342G,CRICOS,Removed or Changed
C11232,True,077342G,CRICOS,Removed or Changed
C11232,True,077342G,CRICOS,Removed or Changed
C11232,True,077342G,CRICOS,Removed or Changed
C11232,True,077342G,CRICOS,Removed or Changed
C11232,True,077342G,CRICOS,Removed or Changed
C11232,True,077342G,CRICOS,Removed or Changed
C11232,True,077342G,CRICOS,Removed or Changed
C11232,True,077342G,CRICOS,Removed or Changed
C11232,True,077342G,CRICOS,Removed or Changed
C11232,True,077342G,CRICOS,Removed or Changed
C11232,True,077342G,CRICOS,Removed or Changed
C11232,True,077342G,CRICOS,Removed or Changed
C11232,True,077342G,CRICOS,Removed or Changed
C11232,True,077342G,CRICOS,Removed or Changed
C11232,True,077342G,CRICOS,Removed or Changed
C11232,True,077342G,CRICOS,Removed or Changed
C11232,True,077342G,CRICOS,Removed or Changed
C11232,True,077342G,CRICOS,Removed or Changed
C11232,True,077342G,CRICOS,Removed or Changed
C11232,True,077342G,CRICOS,Removed or Changed
C11232,True,077342G,CRICOS,Removed or Changed
C11232,True,077342G,CRICOS,Removed or Changed
C11232,True,077342G,CRICOS,Removed or Changed
C11232,True,077342G,CRICOS,Removed or Changed
C11232,True,077342G,CRICOS,Removed or Changed
C11232,True,077342G,CRICOS,Removed or Changed
C11232,True,077342G,CRICOS,Removed or Changed
C11232,True,077342G,CRICOS,Removed or Changed
C11232,True,077342G,CRICOS,Removed or Changed
C10461,True,107052K,CRICOS,Removed or Changed
C10461,True,107052K,CRICOS,Removed or Changed
C10461,True,107052K,CRICOS,Removed or Changed
C10461,True,107052K,CRICOS,Removed or Changed
C10461,True,107052K,CRICOS,Removed or Changed
C10461,True,107052K,CRICOS,Removed or Changed
C10461,True,107052K,CRICOS,Removed or Changed
C10461,True,107052K,CRICOS,Removed or Changed
C10447,True,106141F,CRICOS,Removed or Changed
C10447,True,106141F,CRICOS,Removed or Changed
C10447,True,106141F,CRICOS,Removed or Changed
C10447,True,106141F,CRICOS,Removed or Changed
C04404,True,101148,CRICOS,Removed or Changed
C04404,True,101148,CRICOS,Removed or Changed
C04404,True,101148,CRICOS,Removed or Changed
C04404,True,101148,CRICOS,Removed or Changed
C04404,True,101148,CRICOS,Removed or Changed
C04404,True,101148,CRICOS,Removed or Changed
C04404,True,101148,CRICOS,Removed or Changed
C04404,True,101148,CRICOS,Removed or Changed
C09145,True,106926F,CRICOS,Removed or Changed
C09145,True,106926F,CRICOS,Removed or Changed
C09145,True,106926F,CRICOS,Removed or Changed
C09145,True,106926F,CRICOS,Removed or Changed
C09149,True,106912A,CRICOS,Removed or Changed
C09149,True,106912A,CRICOS,Removed or Changed
C07142,True,107948C,CRICOS,Removed or Changed
C07142,True,107948C,CRICOS,Removed or Changed
C07142,True,107948C,CRICOS,Removed or Changed
C07142,True,107948C,CRICOS,Removed or Changed
C07142,True,107948C,CRICOS,Removed or Changed
C07142,True,107948C,CRICOS,Removed or Changed
C07142,True,107948C,CRICOS,Removed or Changed
C07142,True,107948C,CRICOS,Removed or Changed
C07142,True,107948C,CRICOS,Removed or Changed
C07142,True,107948C,CRICOS,Removed or Changed
C11236,True,081083K,CRICOS,Removed or Changed
C11236,True,081083K,CRICOS,Removed or Changed
C11236,True,081083K,CRICOS,Removed or Changed
C11236,True,081083K,CRICOS,Removed or Changed
C11236,True,081083K,CRICOS,Removed or Changed
C11236,True,081083K,CRICOS,Removed or Changed
C11236,True,081083K,CRICOS,Removed or Changed
C11236,True,081083K,CRICOS,Removed or Changed
C11236,True,081083K,CRICOS,Removed or Changed
C11236,True,081083K,CRICOS,Removed or Changed
C11236,True,081083K,CRICOS,Removed or Changed
C11236,True,081083K,CRICOS,Removed or Changed
C11236,True,081083K,CRICOS,Removed or Changed
C11236,True,081083K,CRICOS,Removed or Changed
C11236,True,081083K,CRICOS,Removed or Changed
C11236,True,081083K,CRICOS,Removed or Changed
C11236,True,081083K,CRICOS,Removed or Changed
C11236,True,081083K,CRICOS,Removed or Changed
C11236,True,081083K,CRICOS,Removed or Changed
C11236,True,081083K,CRICOS,Removed or Changed
C11236,True,081083K,CRICOS,Removed or Changed
C11236,True,081083K,CRICOS,Removed or Changed
C11236,True,081083K,CRICOS,Removed or Changed
C11236,True,081083K,CRICOS,Removed or Changed
C10387,True,092381J,CRICOS,Removed or Changed
C10387,True,092381J,CRICOS,Removed or Changed
C10387,True,092381J,CRICOS,Removed or Changed
C10387,True,092381J,CRICOS,Removed or Changed
C10387,True,092381J,CRICOS,Removed or Changed
C10387,True,092381J,CRICOS,Removed or Changed
C10387,True,092381J,CRICOS,Removed or Changed
C10387,True,092381J,CRICOS,Removed or Changed
C10387,True,092381J,CRICOS,Removed or Changed
C10387,True,092381J,CRICOS,Removed or Changed
C03063,True,098418G,CRICOS,Removed or Changed
C03063,True,098418G,CRICOS,Removed or Changed
C03063,True,098418G,CRICOS,Removed or Changed
C03063,True,098418G,CRICOS,Removed or Changed
C03063,True,098418G,CRICOS,Removed or Changed
C03063,True,098418G,CRICOS,Removed or Changed
C03063,True,098418G,CRICOS,Removed or Changed
C03063,True,098418G,CRICOS,Removed or Changed
C03063,True,098418G,CRICOS,Removed or Changed
C03063,True,098418G,CRICOS,Removed or Changed
C03063,True,098418G,CRICOS,Removed or Changed
C03063,True,098418G,CRICOS,Removed or Changed
C03063,True,098418G,CRICOS,Removed or Changed
C03063,True,098418G,CRICOS,Removed or Changed
C04410,True,102330M,CRICOS,Removed or Changed
C04410,True,102330M,CRICOS,Removed or Changed
C04410,True,102330M,CRICOS,Removed or Changed
C04410,True,102330M,CRICOS,Removed or Changed
C04410,True,102330M,CRICOS,Removed or Changed
C04410,True,102330M,CRICOS,Removed or Changed
C04410,True,102330M,CRICOS,Removed or Changed
C04410,True,102330M,CRICOS,Removed or Changed
C04410,True,102330M,CRICOS,Removed or Changed
C04410,True,102330M,CRICOS,Removed or Changed
C10449,True,106139M,CRICOS,Removed or Changed
C10449,True,106139M,CRICOS,Removed or Changed
C10449,True,106139M,CRICOS,Removed or Changed
C10449,True,106139M,CRICOS,Removed or Changed
C04273,True,081095F,CRICOS,Removed or Changed
C04273,True,081095F,CRICOS,Removed or Changed
C04273,True,081095F,CRICOS,Removed or Changed
C04273,True,081095F,CRICOS,Removed or Changed
C04273,True,081095F,CRICOS,Removed or Changed
C04273,True,081095F,CRICOS,Removed or Changed
C04273,True,081095F,CRICOS,Removed or Changed
C04273,True,081095F,CRICOS,Removed or Changed
C04273,True,081095F,CRICOS,Removed or Changed
C04273,True,081095F,CRICOS,Removed or Changed
C04273,True,081095F,CRICOS,Removed or Changed
C04273,True,081095F,CRICOS,Removed or Changed
C04273,True,081095F,CRICOS,Removed or Changed
C04273,True,081095F,CRICOS,Removed or Changed
C30019,True,082432G,CRICOS,Removed or Changed
C30019,True,082432G,CRICOS,Removed or Changed
C30019,True,082432G,CRICOS,Removed or Changed
C30019,True,082432G,CRICOS,Removed or Changed
C30019,True,082432G,CRICOS,Removed or Changed
C30019,True,082432G,CRICOS,Removed or Changed
C30019,True,082432G,CRICOS,Removed or Changed
C30019,True,082432G,CRICOS,Removed or Changed
C30019,True,082432G,CRICOS,Removed or Changed
C30019,True,082432G,CRICOS,Removed or Changed
C30019,True,082432G,CRICOS,Removed or Changed
C30019,True,082432G,CRICOS,Removed or Changed
C10362,True,087734J,CRICOS,Removed or Changed
C10362,True,087734J,CRICOS,Removed or Changed
C10362,True,087734J,CRICOS,Removed or Changed
C10362,True,087734J,CRICOS,Removed or Changed
C10362,True,087734J,CRICOS,Removed or Changed
C10362,True,087734J,CRICOS,Removed or Changed
C10362,True,087734J,CRICOS,Removed or Changed
C10362,True,087734J,CRICOS,Removed or Changed
C10362,True,087734J,CRICOS,Removed or Changed
C10362,True,087734J,CRICOS,Removed or Changed
C10362,True,087734J,CRICOS,Removed or Changed
C10362,True,087734J,CRICOS,Removed or Changed
C10362,True,087734J,CRICOS,Removed or Changed
C10362,True,087734J,CRICOS,Removed or Changed
C10362,True,087734J,CRICOS,Removed or Changed
C10366,True,087764C,CRICOS,Removed or Changed
C10366,True,087764C,CRICOS,Removed or Changed
C10366,True,087764C,CRICOS,Removed or Changed
C10366,True,087764C,CRICOS,Removed or Changed
C10366,True,087764C,CRICOS,Removed or Changed
C10366,True,087764C,CRICOS,Removed or Changed
C10366,True,087764C,CRICOS,Removed or Changed
C10366,True,087764C,CRICOS,Removed or Changed
C09158,True,111249G,CRICOS,Removed or Changed
C09158,True,111249G,CRICOS,Removed or Changed
C09158,True,111249G,CRICOS,Removed or Changed
C09158,True,111249G,CRICOS,Removed or Changed
C09158,True,111249G,CRICOS,Removed or Changed
C09158,True,111249G,CRICOS,Removed or Changed
C10364,True,087736G,CRICOS,Removed or Changed
C10364,True,087736G,CRICOS,Removed or Changed
C10364,True,087736G,CRICOS,Removed or Changed
C10364,True,087736G,CRICOS,Removed or Changed
C10364,True,087736G,CRICOS,Removed or Changed
C10364,True,087736G,CRICOS,Removed or Changed
C10364,True,087736G,CRICOS,Removed or Changed
C10364,True,087736G,CRICOS,Removed or Changed
C10373,True,087777J,CRICOS,Removed or Changed
C10373,True,087777J,CRICOS,Removed or Changed
C10373,True,087777J,CRICOS,Removed or Changed
C10373,True,087777J,CRICOS,Removed or Changed
C10373,True,087777J,CRICOS,Removed or Changed
C10373,True,087777J,CRICOS,Removed or Changed
C04236,True,060932C,CRICOS,Removed or Changed
C04236,True,060932C,CRICOS,Removed or Changed
C04236,True,060932C,CRICOS,Removed or Changed
C04236,True,060932C,CRICOS,Removed or Changed
C04236,True,060932C,CRICOS,Removed or Changed
C04236,True,060932C,CRICOS,Removed or Changed
C04236,True,060932C,CRICOS,Removed or Changed
C04236,True,060932C,CRICOS,Removed or Changed
C04236,True,060932C,CRICOS,Removed or Changed
C04236,True,060932C,CRICOS,Removed or Changed
C04236,True,060932C,CRICOS,Removed or Changed
C04236,True,060932C,CRICOS,Removed or Changed
C04236,True,060932C,CRICOS,Removed or Changed
C04236,True,060932C,CRICOS,Removed or Changed
C04236,True,060932C,CRICOS,Removed or Changed
C04236,True,060932C,CRICOS,Removed or Changed
C04236,True,060932C,CRICOS,Removed or Changed
C04236,True,060932C,CRICOS,Removed or Changed
C04236,True,060932C,CRICOS,Removed or Changed
C04236,True,060932C,CRICOS,Removed or Changed
C04236,True,060932C,CRICOS,Removed or Changed
C04236,True,060932C,CRICOS,Removed or Changed
C04236,True,060932C,CRICOS,Removed or Changed
C04236,True,060932C,CRICOS,Removed or Changed
C04236,True,060932C,CRICOS,Removed or Changed
C04236,True,060932C,CRICOS,Removed or Changed
C04236,True,060932C,CRICOS,Removed or Changed
C04236,True,060932C,CRICOS,Removed or Changed
C10348,True,086359B,CRICOS,Removed or Changed
C10348,True,086359B,CRICOS,Removed or Changed
C10348,True,086359B,CRICOS,Removed or Changed
C10348,True,086359B,CRICOS,Removed or Changed
C10348,True,086359B,CRICOS,Removed or Changed
C10348,True,086359B,CRICOS,Removed or Changed
C10348,True,086359B,CRICOS,Removed or Changed
C10348,True,086359B,CRICOS,Removed or Changed
C10348,True,086359B,CRICOS,Removed or Changed
C04383,True,098042B,CRICOS,Removed or Changed
C04383,True,098042B,CRICOS,Removed or Changed
C04383,True,098042B,CRICOS,Removed or Changed
C04383,True,098042B,CRICOS,Removed or Changed
C04389,True,098055G,CRICOS,Removed or Changed
C04389,True,098055G,CRICOS,Removed or Changed
C04389,True,098055G,CRICOS,Removed or Changed
C04389,True,098055G,CRICOS,Removed or Changed
C11008,True,018156K,CRICOS,Removed or Changed
C11008,True,018156K,CRICOS,Removed or Changed
C11008,True,018156K,CRICOS,Removed or Changed
C11008,True,018156K,CRICOS,Removed or Changed
C11008,True,018156K,CRICOS,Removed or Changed
C11008,True,018156K,CRICOS,Removed or Changed
C11008,True,018156K,CRICOS,Removed or Changed
C11008,True,018156K,CRICOS,Removed or Changed
C10321,True,079751G,CRICOS,Removed or Changed
C10321,True,079751G,CRICOS,Removed or Changed
C11142,True,084251G,CRICOS,Removed or Changed
C11142,True,084251G,CRICOS,Removed or Changed
C11142,True,084251G,CRICOS,Removed or Changed
C11142,True,084251G,CRICOS,Removed or Changed
C11142,True,084251G,CRICOS,Removed or Changed
C11142,True,084251G,CRICOS,Removed or Changed
C11142,True,084251G,CRICOS,Removed or Changed
C11142,True,084251G,CRICOS,Removed or Changed
C11142,True,084251G,CRICOS,Removed or Changed
C11142,True,084251G,CRICOS,Removed or Changed
C11142,True,084251G,CRICOS,Removed or Changed
C11142,True,084251G,CRICOS,Removed or Changed
C11142,True,084251G,CRICOS,Removed or Changed
C11142,True,084251G,CRICOS,Removed or Changed
C11142,True,084251G,CRICOS,Removed or Changed
C11142,True,084251G,CRICOS,Removed or Changed
C11142,True,084251G,CRICOS,Removed or Changed
C11142,True,084251G,CRICOS,Removed or Changed
C11142,True,084251G,CRICOS,Removed or Changed
C11142,True,084251G,CRICOS,Removed or Changed
C11142,True,084251G,CRICOS,Removed or Changed
C11142,True,084251G,CRICOS,Removed or Changed
C11142,True,084251G,CRICOS,Removed or Changed
C11142,True,084251G,CRICOS,Removed or Changed
C04393,True,098062J,CRICOS,Removed or Changed
C04393,True,098062J,CRICOS,Removed or Changed
C04393,True,098062J,CRICOS,Removed or Changed
C04393,True,098062J,CRICOS,Removed or Changed
C04393,True,098062J,CRICOS,Removed or Changed
C04393,True,098062J,CRICOS,Removed or Changed
C04393,True,098062J,CRICOS,Removed or Changed
C04393,True,098062J,CRICOS,Removed or Changed
C04393,True,098062J,CRICOS,Removed or Changed
C04393,True,098062J,CRICOS,Removed or Changed
C04393,True,098062J,CRICOS,Removed or Changed
C04393,True,098062J,CRICOS,Removed or Changed
C09143,True,106924H,CRICOS,Removed or Changed
C09143,True,106924H,CRICOS,Removed or Changed
C09143,True,106924H,CRICOS,Removed or Changed
C09143,True,106924H,CRICOS,Removed or Changed
C09152,True,106905M,CRICOS,Removed or Changed
C09152,True,106905M,CRICOS,Removed or Changed
C09152,True,106905M,CRICOS,Removed or Changed
C09152,True,106905M,CRICOS,Removed or Changed
C09152,True,106905M,CRICOS,Removed or Changed
C09152,True,106905M,CRICOS,Removed or Changed
C09152,True,106905M,CRICOS,Removed or Changed
C09152,True,106905M,CRICOS,Removed or Changed
C10309,True,077341J,CRICOS,Removed or Changed
C10309,True,077341J,CRICOS,Removed or Changed
C04271,True,081087F,CRICOS,Removed or Changed
C04271,True,081087F,CRICOS,Removed or Changed
C04271,True,081087F,CRICOS,Removed or Changed
C04271,True,081087F,CRICOS,Removed or Changed
C04271,True,081087F,CRICOS,Removed or Changed
C04271,True,081087F,CRICOS,Removed or Changed
C04271,True,081087F,CRICOS,Removed or Changed
C04271,True,081087F,CRICOS,Removed or Changed
C04271,True,081087F,CRICOS,Removed or Changed
C04271,True,081087F,CRICOS,Removed or Changed
C04271,True,081087F,CRICOS,Removed or Changed
C04271,True,081087F,CRICOS,Removed or Changed
C04271,True,081087F,CRICOS,Removed or Changed
C04271,True,081087F,CRICOS,Removed or Changed
C11015,True,022411K,CRICOS,Removed or Changed
C11015,True,022411K,CRICOS,Removed or Changed
C11015,True,022411K,CRICOS,Removed or Changed
C11015,True,022411K,CRICOS,Removed or Changed
C11015,True,022411K,CRICOS,Removed or Changed
C11015,True,022411K,CRICOS,Removed or Changed
C11015,True,022411K,CRICOS,Removed or Changed
C11015,True,022411K,CRICOS,Removed or Changed
C11015,True,022411K,CRICOS,Removed or Changed
C10242,True,040705B,CRICOS,Removed or Changed
C10242,True,040705B,CRICOS,Removed or Changed
C10242,True,040705B,CRICOS,Removed or Changed
C10242,True,040705B,CRICOS,Removed or Changed
C09132,True,106929C,CRICOS,Removed or Changed
C09132,True,106929C,CRICOS,Removed or Changed
C09132,True,106929C,CRICOS,Removed or Changed
C09132,True,106929C,CRICOS,Removed or Changed
C09132,True,106929C,CRICOS,Removed or Changed
C09132,True,106929C,CRICOS,Removed or Changed
C09132,True,106929C,CRICOS,Removed or Changed
C09132,True,106929C,CRICOS,Removed or Changed
C04287,True,084675F,CRICOS,Removed or Changed
C04287,True,084675F,CRICOS,Removed or Changed
C04287,True,084675F,CRICOS,Removed or Changed
C04287,True,084675F,CRICOS,Removed or Changed
C04287,True,084675F,CRICOS,Removed or Changed
C04287,True,084675F,CRICOS,Removed or Changed
C04287,True,084675F,CRICOS,Removed or Changed
C04287,True,084675F,CRICOS,Removed or Changed
C04287,True,084675F,CRICOS,Removed or Changed
C10066,True,033909D,CRICOS,Removed or Changed
C10066,True,033909D,CRICOS,Removed or Changed
C10066,True,033909D,CRICOS,Removed or Changed
C10066,True,033909D,CRICOS,Removed or Changed
C10066,True,033909D,CRICOS,Removed or Changed
C10066,True,033909D,CRICOS,Removed or Changed
C10305,True,077333J,CRICOS,Removed or Changed
C10305,True,077333J,CRICOS,Removed or Changed
C04316,True,089509B,CRICOS,Removed or Changed
C04316,True,089509B,CRICOS,Removed or Changed
C04316,True,089509B,CRICOS,Removed or Changed
C04316,True,089509B,CRICOS,Removed or Changed
C04316,True,089509B,CRICOS,Removed or Changed
C04316,True,089509B,CRICOS,Removed or Changed
C04316,True,089509B,CRICOS,Removed or Changed
C04316,True,089509B,CRICOS,Removed or Changed
C04316,True,089509B,CRICOS,Removed or Changed
C04316,True,089509B,CRICOS,Removed or Changed
C04316,True,089509B,CRICOS,Removed or Changed
C04316,True,089509B,CRICOS,Removed or Changed
C04316,True,089509B,CRICOS,Removed or Changed
C04316,True,089509B,CRICOS,Removed or Changed
C04316,True,089509B,CRICOS,Removed or Changed
C04316,True,089509B,CRICOS,Removed or Changed
C04316,True,089509B,CRICOS,Removed or Changed
C04316,True,089509B,CRICOS,Removed or Changed
C04316,True,089509B,CRICOS,Removed or Changed
C04316,True,089509B,CRICOS,Removed or Changed
C04316,True,089509B,CRICOS,Removed or Changed
C04316,True,089509B,CRICOS,Removed or Changed
C10471,True,110749F,CRICOS,Removed or Changed
C10471,True,110749F,CRICOS,Removed or Changed
C10471,True,110749F,CRICOS,Removed or Changed
C10471,True,110749F,CRICOS,Removed or Changed
C10471,True,110749F,CRICOS,Removed or Changed
C10471,True,110749F,CRICOS,Removed or Changed
C10471,True,110749F,CRICOS,Removed or Changed
C10471,True,110749F,CRICOS,Removed or Changed
C10395,True,100483,CRICOS,Removed or Changed
C10395,True,100483,CRICOS,Removed or Changed
C10395,True,100483,CRICOS,Removed or Changed
C10395,True,100483,CRICOS,Removed or Changed
C10395,True,100483,CRICOS,Removed or Changed
C10395,True,100483,CRICOS,Removed or Changed
C10474,True,110746J,CRICOS,Removed or Changed
C10474,True,110746J,CRICOS,Removed or Changed
C10474,True,110746J,CRICOS,Removed or Changed
C10474,True,110746J,CRICOS,Removed or Changed
C10474,True,110746J,CRICOS,Removed or Changed
C10474,True,110746J,CRICOS,Removed or Changed
C04241,True,071909M,CRICOS,Removed or Changed
C04241,True,071909M,CRICOS,Removed or Changed
C04241,True,071909M,CRICOS,Removed or Changed
C04241,True,071909M,CRICOS,Removed or Changed
C04241,True,071909M,CRICOS,Removed or Changed
C04241,True,071909M,CRICOS,Removed or Changed
C10304,True,077331M,CRICOS,Removed or Changed
C10304,True,077331M,CRICOS,Removed or Changed
C04260,True,077380B,CRICOS,Removed or Changed
C04260,True,077380B,CRICOS,Removed or Changed
C04260,True,077380B,CRICOS,Removed or Changed
C04260,True,077380B,CRICOS,Removed or Changed
C04260,True,077380B,CRICOS,Removed or Changed
C04260,True,077380B,CRICOS,Removed or Changed
C04260,True,077380B,CRICOS,Removed or Changed
C04260,True,077380B,CRICOS,Removed or Changed
C04270,True,080271C,CRICOS,Removed or Changed
C04270,True,080271C,CRICOS,Removed or Changed
C04270,True,080271C,CRICOS,Removed or Changed
C04270,True,080271C,CRICOS,Removed or Changed
C04270,True,080271C,CRICOS,Removed or Changed
C04270,True,080271C,CRICOS,Removed or Changed
C04270,True,080271C,CRICOS,Removed or Changed
C04270,True,080271C,CRICOS,Removed or Changed
C04270,True,080271C,CRICOS,Removed or Changed
C04270,True,080271C,CRICOS,Removed or Changed
C04270,True,080271C,CRICOS,Removed or Changed
C04270,True,080271C,CRICOS,Removed or Changed
C04270,True,080271C,CRICOS,Removed or Changed
C04270,True,080271C,CRICOS,Removed or Changed
C04270,True,080271C,CRICOS,Removed or Changed
C04270,True,080271C,CRICOS,Removed or Changed
C06033,True,087648G,CRICOS,Removed or Changed
C06033,True,087648G,CRICOS,Removed or Changed
C06033,True,087648G,CRICOS,Removed or Changed
C06033,True,087648G,CRICOS,Removed or Changed
C10125,True,008756B,CRICOS,Removed or Changed
C10125,True,008756B,CRICOS,Removed or Changed
C10125,True,008756B,CRICOS,Removed or Changed
C10125,True,008756B,CRICOS,Removed or Changed
C10125,True,008756B,CRICOS,Removed or Changed
C10125,True,008756B,CRICOS,Removed or Changed
C10125,True,008756B,CRICOS,Removed or Changed
C10125,True,008756B,CRICOS,Removed or Changed
C10215,True,047836A,CRICOS,Removed or Changed
C10215,True,047836A,CRICOS,Removed or Changed
C10215,True,047836A,CRICOS,Removed or Changed
C10226,True,063721A,CRICOS,Removed or Changed
C10226,True,063721A,CRICOS,Removed or Changed
C10226,True,063721A,CRICOS,Removed or Changed
C10226,True,063721A,CRICOS,Removed or Changed
C09151,True,106903B,CRICOS,Removed or Changed
C09151,True,106903B,CRICOS,Removed or Changed
C09151,True,106903B,CRICOS,Removed or Changed
C09151,True,106903B,CRICOS,Removed or Changed
C09151,True,106903B,CRICOS,Removed or Changed
C09151,True,106903B,CRICOS,Removed or Changed
C09151,True,106903B,CRICOS,Removed or Changed
C09151,True,106903B,CRICOS,Removed or Changed
C10308,True,077339C,CRICOS,Removed or Changed
C10308,True,077339C,CRICOS,Removed or Changed
C10324,True,079754E,CRICOS,Removed or Changed
C10324,True,079754E,CRICOS,Removed or Changed
C09119,True,092896D,CRICOS,Removed or Changed
C09119,True,092896D,CRICOS,Removed or Changed
C09119,True,092896D,CRICOS,Removed or Changed
C09119,True,092896D,CRICOS,Removed or Changed
C09119,True,092896D,CRICOS,Removed or Changed
C09119,True,092896D,CRICOS,Removed or Changed
C09119,True,092896D,CRICOS,Removed or Changed
C09119,True,092896D,CRICOS,Removed or Changed
C09119,True,092896D,CRICOS,Removed or Changed
C04277,True,081094G,CRICOS,Removed or Changed
C04277,True,081094G,CRICOS,Removed or Changed
C04277,True,081094G,CRICOS,Removed or Changed
C04277,True,081094G,CRICOS,Removed or Changed
C04277,True,081094G,CRICOS,Removed or Changed
C04277,True,081094G,CRICOS,Removed or Changed
C04277,True,081094G,CRICOS,Removed or Changed
C04277,True,081094G,CRICOS,Removed or Changed
C11346,True,107469G,CRICOS,Removed or Changed
C11346,True,107469G,CRICOS,Removed or Changed
C11346,True,107469G,CRICOS,Removed or Changed
C11346,True,107469G,CRICOS,Removed or Changed
C11346,True,107469G,CRICOS,Removed or Changed
C11346,True,107469G,CRICOS,Removed or Changed
C11346,True,107469G,CRICOS,Removed or Changed
C11346,True,107469G,CRICOS,Removed or Changed
C04275,True,081088E,CRICOS,Removed or Changed
C04275,True,081088E,CRICOS,Removed or Changed
C04275,True,081088E,CRICOS,Removed or Changed
C04275,True,081088E,CRICOS,Removed or Changed
C04275,True,081088E,CRICOS,Removed or Changed
C04275,True,081088E,CRICOS,Removed or Changed
C04275,True,081088E,CRICOS,Removed or Changed
C04275,True,081088E,CRICOS,Removed or Changed
C04275,True,081088E,CRICOS,Removed or Changed
C04275,True,081088E,CRICOS,Removed or Changed
C04275,True,081088E,CRICOS,Removed or Changed
C04275,True,081088E,CRICOS,Removed or Changed
C04275,True,081088E,CRICOS,Removed or Changed
C04275,True,081088E,CRICOS,Removed or Changed
C04275,True,081088E,CRICOS,Removed or Changed
C04275,True,081088E,CRICOS,Removed or Changed
C04275,True,081088E,CRICOS,Removed or Changed
C04275,True,081088E,CRICOS,Removed or Changed
C04275,True,081088E,CRICOS,Removed or Changed
C04275,True,081088E,CRICOS,Removed or Changed
C04275,True,081088E,CRICOS,Removed or Changed
C04275,True,081088E,CRICOS,Removed or Changed
C04275,True,081088E,CRICOS,Removed or Changed
C04275,True,081088E,CRICOS,Removed or Changed
C09070,True,084091G,CRICOS,Removed or Changed
C09070,True,084091G,CRICOS,Removed or Changed
C09070,True,084091G,CRICOS,Removed or Changed
C09070,True,084091G,CRICOS,Removed or Changed
C09070,True,084091G,CRICOS,Removed or Changed
C09070,True,084091G,CRICOS,Removed or Changed
C10278,True,100484,CRICOS,Removed or Changed
C10278,True,100484,CRICOS,Removed or Changed
C10278,True,100484,CRICOS,Removed or Changed
C10278,True,100484,CRICOS,Removed or Changed
C10278,True,100484,CRICOS,Removed or Changed
C10278,True,100484,CRICOS,Removed or Changed
C10477,True,113304M,CRICOS,Removed or Changed
C10477,True,113304M,CRICOS,Removed or Changed
C10131,True,025797G,CRICOS,Removed or Changed
C10131,True,025797G,CRICOS,Removed or Changed
C10131,True,025797G,CRICOS,Removed or Changed
C10131,True,025797G,CRICOS,Removed or Changed
C10131,True,025797G,CRICOS,Removed or Changed
C10131,True,025797G,CRICOS,Removed or Changed
C10131,True,025797G,CRICOS,Removed or Changed
C10131,True,025797G,CRICOS,Removed or Changed
C04301,True,084264C,CRICOS,Removed or Changed
C04301,True,084264C,CRICOS,Removed or Changed
C04301,True,084264C,CRICOS,Removed or Changed
C04301,True,084264C,CRICOS,Removed or Changed
C04301,True,084264C,CRICOS,Removed or Changed
C04301,True,084264C,CRICOS,Removed or Changed
C04301,True,084264C,CRICOS,Removed or Changed
C04301,True,084264C,CRICOS,Removed or Changed
C04301,True,084264C,CRICOS,Removed or Changed
C04301,True,084264C,CRICOS,Removed or Changed
C04018,True,025004A,CRICOS,Removed or Changed
C04018,True,025004A,CRICOS,Removed or Changed
C04018,True,025004A,CRICOS,Removed or Changed
C04018,True,025004A,CRICOS,Removed or Changed
C04018,True,025004A,CRICOS,Removed or Changed
C04440,True,106031A,CRICOS,Removed or Changed
C04440,True,106031A,CRICOS,Removed or Changed
C04440,True,106031A,CRICOS,Removed or Changed
C04440,True,106031A,CRICOS,Removed or Changed
C04440,True,106031A,CRICOS,Removed or Changed
C09140,True,106938B,CRICOS,Removed or Changed
C09140,True,106938B,CRICOS,Removed or Changed
C09140,True,106938B,CRICOS,Removed or Changed
C09140,True,106938B,CRICOS,Removed or Changed
C09140,True,106938B,CRICOS,Removed or Changed
C09140,True,106938B,CRICOS,Removed or Changed
C09140,True,106938B,CRICOS,Removed or Changed
C09140,True,106938B,CRICOS,Removed or Changed
C04237,True,061286J,CRICOS,Removed or Changed
C04237,True,061286J,CRICOS,Removed or Changed
C04237,True,061286J,CRICOS,Removed or Changed
C04237,True,061286J,CRICOS,Removed or Changed
C04237,True,061286J,CRICOS,Removed or Changed
C04237,True,061286J,CRICOS,Removed or Changed
C04237,True,061286J,CRICOS,Removed or Changed
C04237,True,061286J,CRICOS,Removed or Changed
C04237,True,061286J,CRICOS,Removed or Changed
C04288,True,084676E,CRICOS,Removed or Changed
C04288,True,084676E,CRICOS,Removed or Changed
C04288,True,084676E,CRICOS,Removed or Changed
C04288,True,084676E,CRICOS,Removed or Changed
C04288,True,084676E,CRICOS,Removed or Changed
C04288,True,084676E,CRICOS,Removed or Changed
C04288,True,084676E,CRICOS,Removed or Changed
C04288,True,084676E,CRICOS,Removed or Changed
C04288,True,084676E,CRICOS,Removed or Changed
C04222,True,096325G,CRICOS,Removed or Changed
C04222,True,096325G,CRICOS,Removed or Changed
C04222,True,096325G,CRICOS,Removed or Changed
C04222,True,096325G,CRICOS,Removed or Changed
C04222,True,096325G,CRICOS,Removed or Changed
C04222,True,096325G,CRICOS,Removed or Changed
C04222,True,096325G,CRICOS,Removed or Changed
C04222,True,096325G,CRICOS,Removed or Changed
C04222,True,096325G,CRICOS,Removed or Changed
C04222,True,096325G,CRICOS,Removed or Changed
C04222,True,096325G,CRICOS,Removed or Changed
C04222,True,096325G,CRICOS,Removed or Changed
C04222,True,096325G,CRICOS,Removed or Changed
C04222,True,096325G,CRICOS,Removed or Changed
C04222,True,096325G,CRICOS,Removed or Changed
C04222,True,096325G,CRICOS,Removed or Changed
C04222,True,096325G,CRICOS,Removed or Changed
C06123,True,096326F,CRICOS,Removed or Changed
C06123,True,096326F,CRICOS,Removed or Changed
C06123,True,096326F,CRICOS,Removed or Changed
C06123,True,096326F,CRICOS,Removed or Changed
C06123,True,096326F,CRICOS,Removed or Changed
C06123,True,096326F,CRICOS,Removed or Changed
C06123,True,096326F,CRICOS,Removed or Changed
C06123,True,096326F,CRICOS,Removed or Changed
C06123,True,096326F,CRICOS,Removed or Changed
C06123,True,096326F,CRICOS,Removed or Changed
C06123,True,096326F,CRICOS,Removed or Changed
C06123,True,096326F,CRICOS,Removed or Changed
C06123,True,096326F,CRICOS,Removed or Changed
C06123,True,096326F,CRICOS,Removed or Changed
C06123,True,096326F,CRICOS,Removed or Changed
C06123,True,096326F,CRICOS,Removed or Changed
C10478,True,113313K,CRICOS,Removed or Changed
C10478,True,113313K,CRICOS,Removed or Changed
C04430,True,107870J,CRICOS,Removed or Changed
C04430,True,107870J,CRICOS,Removed or Changed
C04430,True,107870J,CRICOS,Removed or Changed
C04430,True,107870J,CRICOS,Removed or Changed
C04430,True,107870J,CRICOS,Removed or Changed
C04430,True,107870J,CRICOS,Removed or Changed
C04430,True,107870J,CRICOS,Removed or Changed
C04430,True,107870J,CRICOS,Removed or Changed
C04234,True,096324G,CRICOS,Removed or Changed
C04234,True,096324G,CRICOS,Removed or Changed
C04234,True,096324G,CRICOS,Removed or Changed
C04234,True,096324G,CRICOS,Removed or Changed
C04234,True,096324G,CRICOS,Removed or Changed
C04234,True,096324G,CRICOS,Removed or Changed
C04234,True,096324G,CRICOS,Removed or Changed
C04234,True,096324G,CRICOS,Removed or Changed
C04234,True,096324G,CRICOS,Removed or Changed
C04234,True,096324G,CRICOS,Removed or Changed
C04234,True,096324G,CRICOS,Removed or Changed
C04234,True,096324G,CRICOS,Removed or Changed
C04234,True,096324G,CRICOS,Removed or Changed
C04234,True,096324G,CRICOS,Removed or Changed
C04234,True,096324G,CRICOS,Removed or Changed
C04234,True,096324G,CRICOS,Removed or Changed
C04234,True,096324G,CRICOS,Removed or Changed
C10184,True,023607A,CRICOS,Removed or Changed
C10184,True,023607A,CRICOS,Removed or Changed
C10184,True,023607A,CRICOS,Removed or Changed
C10184,True,023607A,CRICOS,Removed or Changed
C10184,True,023607A,CRICOS,Removed or Changed
C10184,True,023607A,CRICOS,Removed or Changed
C10184,True,023607A,CRICOS,Removed or Changed
C10184,True,023607A,CRICOS,Removed or Changed
C10184,True,023607A,CRICOS,Removed or Changed
C10184,True,023607A,CRICOS,Removed or Changed
C50007,True,012083D,CRICOS,Removed or Changed
C50007,True,012083D,CRICOS,Removed or Changed
C50007,True,012083D,CRICOS,Removed or Changed
C50007,True,012083D,CRICOS,Removed or Changed
C50007,True,012083D,CRICOS,Removed or Changed
C50007,True,012083D,CRICOS,Removed or Changed
C50007,True,012083D,CRICOS,Removed or Changed
C50007,True,012083D,CRICOS,Removed or Changed
C50007,True,012083D,CRICOS,Removed or Changed
C50007,True,012083D,CRICOS,Removed or Changed
C50007,True,012083D,CRICOS,Removed or Changed
C50007,True,012083D,CRICOS,Removed or Changed
C50007,True,012083D,CRICOS,Removed or Changed
C50007,True,012083D,CRICOS,Removed or Changed
C50007,True,012083D,CRICOS,Removed or Changed
C50007,True,012083D,CRICOS,Removed or Changed
C50007,True,012083D,CRICOS,Removed or Changed
C50007,True,012083D,CRICOS,Removed or Changed
C04394,True,098414A,CRICOS,Removed or Changed
C04394,True,098414A,CRICOS,Removed or Changed
C04394,True,098414A,CRICOS,Removed or Changed
C04394,True,098414A,CRICOS,Removed or Changed
C04394,True,098414A,CRICOS,Removed or Changed
C04394,True,098414A,CRICOS,Removed or Changed
C04411,True,102331K,CRICOS,Removed or Changed
C04411,True,102331K,CRICOS,Removed or Changed
C04411,True,102331K,CRICOS,Removed or Changed
C04411,True,102331K,CRICOS,Removed or Changed
C04411,True,102331K,CRICOS,Removed or Changed
C04411,True,102331K,CRICOS,Removed or Changed
C09134,True,106930K,CRICOS,Removed or Changed
C09134,True,106930K,CRICOS,Removed or Changed
C09134,True,106930K,CRICOS,Removed or Changed
C09134,True,106930K,CRICOS,Removed or Changed
C09134,True,106930K,CRICOS,Removed or Changed
C09134,True,106930K,CRICOS,Removed or Changed
C09134,True,106930K,CRICOS,Removed or Changed
C09134,True,106930K,CRICOS,Removed or Changed
C07135,True,098048G,CRICOS,Removed or Changed
C07135,True,098048G,CRICOS,Removed or Changed
C07135,True,098048G,CRICOS,Removed or Changed
C07135,True,098048G,CRICOS,Removed or Changed
C10322,True,079752G,CRICOS,Removed or Changed
C10322,True,079752G,CRICOS,Removed or Changed
C10322,True,079752G,CRICOS,Removed or Changed
C10322,True,079752G,CRICOS,Removed or Changed
C10322,True,079752G,CRICOS,Removed or Changed
C10322,True,079752G,CRICOS,Removed or Changed
C10322,True,079752G,CRICOS,Removed or Changed
C10322,True,079752G,CRICOS,Removed or Changed
C10322,True,079752G,CRICOS,Removed or Changed
C10322,True,079752G,CRICOS,Removed or Changed
C09148,True,106922K,CRICOS,Removed or Changed
C09148,True,106922K,CRICOS,Removed or Changed
C09148,True,106922K,CRICOS,Removed or Changed
C09148,True,106922K,CRICOS,Removed or Changed
C09148,True,106922K,CRICOS,Removed or Changed
C09148,True,106922K,CRICOS,Removed or Changed
C10456,True,106874B,CRICOS,Removed or Changed
C10456,True,106874B,CRICOS,Removed or Changed
C10456,True,106874B,CRICOS,Removed or Changed
C10456,True,106874B,CRICOS,Removed or Changed
C04274,True,081096E,CRICOS,Removed or Changed
C04274,True,081096E,CRICOS,Removed or Changed
C04274,True,081096E,CRICOS,Removed or Changed
C04274,True,081096E,CRICOS,Removed or Changed
C04274,True,081096E,CRICOS,Removed or Changed
C04274,True,081096E,CRICOS,Removed or Changed
C04274,True,081096E,CRICOS,Removed or Changed
C04274,True,081096E,CRICOS,Removed or Changed
C04443,True,108843D,CRICOS,Removed or Changed
C04443,True,108843D,CRICOS,Removed or Changed
C04443,True,108843D,CRICOS,Removed or Changed
C04443,True,108843D,CRICOS,Removed or Changed
C04443,True,108843D,CRICOS,Removed or Changed
C04443,True,108843D,CRICOS,Removed or Changed
C04443,True,108843D,CRICOS,Removed or Changed
C04433,True,106476E,CRICOS,Removed or Changed
C04433,True,106476E,CRICOS,Removed or Changed
C04433,True,106476E,CRICOS,Removed or Changed
C04433,True,106476E,CRICOS,Removed or Changed
C11249,True,084261F,CRICOS,Removed or Changed
C11249,True,084261F,CRICOS,Removed or Changed
C11249,True,084261F,CRICOS,Removed or Changed
C11249,True,084261F,CRICOS,Removed or Changed
C11249,True,084261F,CRICOS,Removed or Changed
C11249,True,084261F,CRICOS,Removed or Changed
C11249,True,084261F,CRICOS,Removed or Changed
C11249,True,084261F,CRICOS,Removed or Changed
C10169,True,041436K,CRICOS,Removed or Changed
C10169,True,041436K,CRICOS,Removed or Changed
C10169,True,041436K,CRICOS,Removed or Changed
C10169,True,041436K,CRICOS,Removed or Changed
C10169,True,041436K,CRICOS,Removed or Changed
C10169,True,041436K,CRICOS,Removed or Changed
C10342,True,084784A,CRICOS,Removed or Changed
C10342,True,084784A,CRICOS,Removed or Changed
C10342,True,084784A,CRICOS,Removed or Changed
C10342,True,084784A,CRICOS,Removed or Changed
C10342,True,084784A,CRICOS,Removed or Changed
C10342,True,084784A,CRICOS,Removed or Changed
C10342,True,084784A,CRICOS,Removed or Changed
C10342,True,084784A,CRICOS,Removed or Changed
C10342,True,084784A,CRICOS,Removed or Changed
C10342,True,084784A,CRICOS,Removed or Changed
C07147,True,107468H,CRICOS,Removed or Changed
C07147,True,107468H,CRICOS,Removed or Changed
C07147,True,107468H,CRICOS,Removed or Changed
C07147,True,107468H,CRICOS,Removed or Changed
C07147,True,107468H,CRICOS,Removed or Changed
C07147,True,107468H,CRICOS,Removed or Changed
C07147,True,107468H,CRICOS,Removed or Changed
C07147,True,107468H,CRICOS,Removed or Changed
C10245,True,064382G,CRICOS,Removed or Changed
C10245,True,064382G,CRICOS,Removed or Changed
C10245,True,064382G,CRICOS,Removed or Changed
C10245,True,064382G,CRICOS,Removed or Changed
C10245,True,064382G,CRICOS,Removed or Changed
C10245,True,064382G,CRICOS,Removed or Changed
C10310,True,079553C,CRICOS,Removed or Changed
C10310,True,079553C,CRICOS,Removed or Changed
C10310,True,079553C,CRICOS,Removed or Changed
C10310,True,079553C,CRICOS,Removed or Changed
C04324,True,084678C,CRICOS,Removed or Changed
C04324,True,084678C,CRICOS,Removed or Changed
C04324,True,084678C,CRICOS,Removed or Changed
C04324,True,084678C,CRICOS,Removed or Changed
C04324,True,084678C,CRICOS,Removed or Changed
C04324,True,084678C,CRICOS,Removed or Changed
C04324,True,084678C,CRICOS,Removed or Changed
C07019,True,032341C,CRICOS,Removed or Changed
C07019,True,032341C,CRICOS,Removed or Changed
C07019,True,032341C,CRICOS,Removed or Changed
C07019,True,032341C,CRICOS,Removed or Changed
C07019,True,032341C,CRICOS,Removed or Changed
C07019,True,032341C,CRICOS,Removed or Changed
C07019,True,032341C,CRICOS,Removed or Changed
C07019,True,032341C,CRICOS,Removed or Changed
C07019,True,032341C,CRICOS,Removed or Changed
C03012,True,030867M,CRICOS,Removed or Changed
C03012,True,030867M,CRICOS,Removed or Changed
C03012,True,030867M,CRICOS,Removed or Changed
C03012,True,030867M,CRICOS,Removed or Changed
C03012,True,030867M,CRICOS,Removed or Changed
C03012,True,030867M,CRICOS,Removed or Changed
C03012,True,030867M,CRICOS,Removed or Changed
C03012,True,030867M,CRICOS,Removed or Changed
C03012,True,030867M,CRICOS,Removed or Changed
C03012,True,030867M,CRICOS,Removed or Changed
C03012,True,030867M,CRICOS,Removed or Changed
C03012,True,030867M,CRICOS,Removed or Changed
C03012,True,030867M,CRICOS,Removed or Changed
C03012,True,030867M,CRICOS,Removed or Changed
C03012,True,030867M,CRICOS,Removed or Changed
C03012,True,030867M,CRICOS,Removed or Changed
C03012,True,030867M,CRICOS,Removed or Changed
C03012,True,030867M,CRICOS,Removed or Changed
C03012,True,030867M,CRICOS,Removed or Changed
C03012,True,030867M,CRICOS,Removed or Changed
C03012,True,030867M,CRICOS,Removed or Changed
C03012,True,030867M,CRICOS,Removed or Changed
C09153,True,106919E,CRICOS,Removed or Changed
C09153,True,106919E,CRICOS,Removed or Changed
C09153,True,106919E,CRICOS,Removed or Changed
C09153,True,106919E,CRICOS,Removed or Changed
C09153,True,106919E,CRICOS,Removed or Changed
C09153,True,106919E,CRICOS,Removed or Changed
C09153,True,106919E,CRICOS,Removed or Changed
C09153,True,106919E,CRICOS,Removed or Changed
C11326,True,092412G,CRICOS,Removed or Changed
C11326,True,092412G,CRICOS,Removed or Changed
C11326,True,092412G,CRICOS,Removed or Changed
C11326,True,092412G,CRICOS,Removed or Changed
C11326,True,092412G,CRICOS,Removed or Changed
C11326,True,092412G,CRICOS,Removed or Changed
C11326,True,092412G,CRICOS,Removed or Changed
C10219,True,047835B,CRICOS,Removed or Changed
C10219,True,047835B,CRICOS,Removed or Changed
C10219,True,047835B,CRICOS,Removed or Changed
C10219,True,047835B,CRICOS,Removed or Changed
C10219,True,047835B,CRICOS,Removed or Changed
C10219,True,047835B,CRICOS,Removed or Changed
C04306,True,091975B,CRICOS,Removed or Changed
C04306,True,091975B,CRICOS,Removed or Changed
C04306,True,091975B,CRICOS,Removed or Changed
C04306,True,091975B,CRICOS,Removed or Changed
C04388,True,098056G,CRICOS,Removed or Changed
C04388,True,098056G,CRICOS,Removed or Changed
C04388,True,098056G,CRICOS,Removed or Changed
C04388,True,098056G,CRICOS,Removed or Changed
C10214,True,044183B,CRICOS,Removed or Changed
C10214,True,044183B,CRICOS,Removed or Changed
C10214,True,044183B,CRICOS,Removed or Changed
C10306,True,077334G,CRICOS,Removed or Changed
C10306,True,077334G,CRICOS,Removed or Changed
C04391,True,098061K,CRICOS,Removed or Changed
C04391,True,098061K,CRICOS,Removed or Changed
C04391,True,098061K,CRICOS,Removed or Changed
C04391,True,098061K,CRICOS,Removed or Changed
C04391,True,098061K,CRICOS,Removed or Changed
C04391,True,098061K,CRICOS,Removed or Changed
C04391,True,098061K,CRICOS,Removed or Changed
C04391,True,098061K,CRICOS,Removed or Changed
C04391,True,098061K,CRICOS,Removed or Changed
C04391,True,098061K,CRICOS,Removed or Changed
C04391,True,098061K,CRICOS,Removed or Changed
C04391,True,098061K,CRICOS,Removed or Changed
C04391,True,098061K,CRICOS,Removed or Changed
C04391,True,098061K,CRICOS,Removed or Changed
C04391,True,098061K,CRICOS,Removed or Changed
C04391,True,098061K,CRICOS,Removed or Changed
C10466,True,110893J,CRICOS,Removed or Changed
C10466,True,110893J,CRICOS,Removed or Changed
C09130,True,107053J,CRICOS,Removed or Changed
C09130,True,107053J,CRICOS,Removed or Changed
C09130,True,107053J,CRICOS,Removed or Changed
C09130,True,107053J,CRICOS,Removed or Changed
C09139,True,106937C,CRICOS,Removed or Changed
C09139,True,106937C,CRICOS,Removed or Changed
C09139,True,106937C,CRICOS,Removed or Changed
C09139,True,106937C,CRICOS,Removed or Changed
C09139,True,106937C,CRICOS,Removed or Changed
C09139,True,106937C,CRICOS,Removed or Changed
C09139,True,106937C,CRICOS,Removed or Changed
C09139,True,106937C,CRICOS,Removed or Changed
C09162,True,106917G,CRICOS,Removed or Changed
C09162,True,106917G,CRICOS,Removed or Changed
C09162,True,106917G,CRICOS,Removed or Changed
C09162,True,106917G,CRICOS,Removed or Changed
C09162,True,106917G,CRICOS,Removed or Changed
C09162,True,106917G,CRICOS,Removed or Changed
C11210,True,065345D,CRICOS,Removed or Changed
C11210,True,065345D,CRICOS,Removed or Changed
C11210,True,065345D,CRICOS,Removed or Changed
C11210,True,065345D,CRICOS,Removed or Changed
C11210,True,065345D,CRICOS,Removed or Changed
C11210,True,065345D,CRICOS,Removed or Changed
C11210,True,065345D,CRICOS,Removed or Changed
C11210,True,065345D,CRICOS,Removed or Changed
C11210,True,065345D,CRICOS,Removed or Changed
C11210,True,065345D,CRICOS,Removed or Changed
C09142,True,106901D,CRICOS,Removed or Changed
C09142,True,106901D,CRICOS,Removed or Changed
C09142,True,106901D,CRICOS,Removed or Changed
C09142,True,106901D,CRICOS,Removed or Changed
C09142,True,106901D,CRICOS,Removed or Changed
C09142,True,106901D,CRICOS,Removed or Changed
C09142,True,106901D,CRICOS,Removed or Changed
C09142,True,106901D,CRICOS,Removed or Changed
C03055,True,032336M,CRICOS,Removed or Changed
C03055,True,032336M,CRICOS,Removed or Changed
C03055,True,032336M,CRICOS,Removed or Changed
C03055,True,032336M,CRICOS,Removed or Changed
C10303,True,080085E,CRICOS,Removed or Changed
C10303,True,080085E,CRICOS,Removed or Changed
C09074,True,084095D,CRICOS,Removed or Changed
C09074,True,084095D,CRICOS,Removed or Changed
C09074,True,084095D,CRICOS,Removed or Changed
C09074,True,084095D,CRICOS,Removed or Changed
C09074,True,084095D,CRICOS,Removed or Changed
C09074,True,084095D,CRICOS,Removed or Changed
C09074,True,084095D,CRICOS,Removed or Changed
C09074,True,084095D,CRICOS,Removed or Changed
C09146,True,106927E,CRICOS,Removed or Changed
C09146,True,106927E,CRICOS,Removed or Changed
C09146,True,106927E,CRICOS,Removed or Changed
C09146,True,106927E,CRICOS,Removed or Changed
C10239,True,059726G,CRICOS,Removed or Changed
C10239,True,059726G,CRICOS,Removed or Changed
C10239,True,059726G,CRICOS,Removed or Changed
C10239,True,059726G,CRICOS,Removed or Changed
C10239,True,059726G,CRICOS,Removed or Changed
C10465,True,106869K,CRICOS,Removed or Changed
C10465,True,106869K,CRICOS,Removed or Changed
C10465,True,106869K,CRICOS,Removed or Changed
C10465,True,106869K,CRICOS,Removed or Changed
C10465,True,106869K,CRICOS,Removed or Changed
C10465,True,106869K,CRICOS,Removed or Changed
C10465,True,106869K,CRICOS,Removed or Changed
C10465,True,106869K,CRICOS,Removed or Changed
C10399,True,102816M,CRICOS,Removed or Changed
C10399,True,102816M,CRICOS,Removed or Changed
C10399,True,102816M,CRICOS,Removed or Changed
C10399,True,102816M,CRICOS,Removed or Changed
C10399,True,102816M,CRICOS,Removed or Changed
C03066,True,102189M,CRICOS,Removed or Changed
C03066,True,102189M,CRICOS,Removed or Changed
C03066,True,102189M,CRICOS,Removed or Changed
C03066,True,102189M,CRICOS,Removed or Changed
C03066,True,102189M,CRICOS,Removed or Changed
C03066,True,102189M,CRICOS,Removed or Changed
C03066,True,102189M,CRICOS,Removed or Changed
C03066,True,102189M,CRICOS,Removed or Changed
C03066,True,102189M,CRICOS,Removed or Changed
C03066,True,102189M,CRICOS,Removed or Changed
C03066,True,102189M,CRICOS,Removed or Changed
C09164,True,106911B,CRICOS,Removed or Changed
C09164,True,106911B,CRICOS,Removed or Changed
C09164,True,106911B,CRICOS,Removed or Changed
C09164,True,106911B,CRICOS,Removed or Changed
C09164,True,106911B,CRICOS,Removed or Changed
C09164,True,106911B,CRICOS,Removed or Changed
C09164,True,106911B,CRICOS,Removed or Changed
C09164,True,106911B,CRICOS,Removed or Changed
C09144,True,106925G,CRICOS,Removed or Changed
C09144,True,106925G,CRICOS,Removed or Changed
C09144,True,106925G,CRICOS,Removed or Changed
C09144,True,106925G,CRICOS,Removed or Changed
C09144,True,106925G,CRICOS,Removed or Changed
C09144,True,106925G,CRICOS,Removed or Changed
C09144,True,106925G,CRICOS,Removed or Changed
C09144,True,106925G,CRICOS,Removed or Changed
C09159,True,106920A,CRICOS,Removed or Changed
C09159,True,106920A,CRICOS,Removed or Changed
C09159,True,106920A,CRICOS,Removed or Changed
C09159,True,106920A,CRICOS,Removed or Changed
C09159,True,106920A,CRICOS,Removed or Changed
C09159,True,106920A,CRICOS,Removed or Changed
C10448,True,106142E,CRICOS,Removed or Changed
C10448,True,106142E,CRICOS,Removed or Changed
C10448,True,106142E,CRICOS,Removed or Changed
C10448,True,106142E,CRICOS,Removed or Changed
C09072,True,084093F,CRICOS,Removed or Changed
C09072,True,084093F,CRICOS,Removed or Changed
C09072,True,084093F,CRICOS,Removed or Changed
C09072,True,084093F,CRICOS,Removed or Changed
C09072,True,084093F,CRICOS,Removed or Changed
C09072,True,084093F,CRICOS,Removed or Changed
C09072,True,084093F,CRICOS,Removed or Changed
C09072,True,084093F,CRICOS,Removed or Changed
C09133,True,106918F,CRICOS,Removed or Changed
C09133,True,106918F,CRICOS,Removed or Changed
C09133,True,106918F,CRICOS,Removed or Changed
C09133,True,106918F,CRICOS,Removed or Changed
C04382,True,098047G,CRICOS,Removed or Changed
C04382,True,098047G,CRICOS,Removed or Changed
C04382,True,098047G,CRICOS,Removed or Changed
C04382,True,098047G,CRICOS,Removed or Changed
C03067,True,102187B,CRICOS,Removed or Changed
C03067,True,102187B,CRICOS,Removed or Changed
C03067,True,102187B,CRICOS,Removed or Changed
C03067,True,102187B,CRICOS,Removed or Changed
C03067,True,102187B,CRICOS,Removed or Changed
C03067,True,102187B,CRICOS,Removed or Changed
C03067,True,102187B,CRICOS,Removed or Changed
C03067,True,102187B,CRICOS,Removed or Changed
C03067,True,102187B,CRICOS,Removed or Changed
C03067,True,102187B,CRICOS,Removed or Changed
C03067,True,102187B,CRICOS,Removed or Changed
C09138,True,106936D,CRICOS,Removed or Changed
C09138,True,106936D,CRICOS,Removed or Changed
C09138,True,106936D,CRICOS,Removed or Changed
C09138,True,106936D,CRICOS,Removed or Changed
C09138,True,106936D,CRICOS,Removed or Changed
C09138,True,106936D,CRICOS,Removed or Changed
C09138,True,106936D,CRICOS,Removed or Changed
C09138,True,106936D,CRICOS,Removed or Changed
C09067,True,084099M,CRICOS,Removed or Changed
C09067,True,084099M,CRICOS,Removed or Changed
C09067,True,084099M,CRICOS,Removed or Changed
C09067,True,084099M,CRICOS,Removed or Changed
C09067,True,084099M,CRICOS,Removed or Changed
C09067,True,084099M,CRICOS,Removed or Changed
C09067,True,084099M,CRICOS,Removed or Changed
C10480,True,114583B,CRICOS,Removed or Changed
C10480,True,114583B,CRICOS,Removed or Changed
C10368,True,087766A,CRICOS,Removed or Changed
C10368,True,087766A,CRICOS,Removed or Changed
C10368,True,087766A,CRICOS,Removed or Changed
C10368,True,087766A,CRICOS,Removed or Changed
C10368,True,087766A,CRICOS,Removed or Changed
C10368,True,087766A,CRICOS,Removed or Changed
C10368,True,087766A,CRICOS,Removed or Changed
C10368,True,087766A,CRICOS,Removed or Changed
C04299,True,084265B,CRICOS,Removed or Changed
C04299,True,084265B,CRICOS,Removed or Changed
C04299,True,084265B,CRICOS,Removed or Changed
C04299,True,084265B,CRICOS,Removed or Changed
C03059,True,091974C,CRICOS,Removed or Changed
C03059,True,091974C,CRICOS,Removed or Changed
C03059,True,091974C,CRICOS,Removed or Changed
C03059,True,091974C,CRICOS,Removed or Changed
C03059,True,091974C,CRICOS,Removed or Changed
C03059,True,091974C,CRICOS,Removed or Changed
C03059,True,091974C,CRICOS,Removed or Changed
C03059,True,091974C,CRICOS,Removed or Changed
C03059,True,091974C,CRICOS,Removed or Changed
C03059,True,091974C,CRICOS,Removed or Changed
C03059,True,091974C,CRICOS,Removed or Changed
C03059,True,091974C,CRICOS,Removed or Changed
C04406,True,101144,CRICOS,Removed or Changed
C04406,True,101144,CRICOS,Removed or Changed
C04406,True,101144,CRICOS,Removed or Changed
C04406,True,101144,CRICOS,Removed or Changed
C04406,True,101144,CRICOS,Removed or Changed
C04406,True,101144,CRICOS,Removed or Changed
C04406,True,101144,CRICOS,Removed or Changed
C04406,True,101144,CRICOS,Removed or Changed
C10446,True,106140G,CRICOS,Removed or Changed
C10446,True,106140G,CRICOS,Removed or Changed
C10446,True,106140G,CRICOS,Removed or Changed
C10446,True,106140G,CRICOS,Removed or Changed
C09156,True,106915J,CRICOS,Removed or Changed
C09156,True,106915J,CRICOS,Removed or Changed
C09163,True,106910C,CRICOS,Removed or Changed
C09163,True,106910C,CRICOS,Removed or Changed
C09163,True,106910C,CRICOS,Removed or Changed
C09163,True,106910C,CRICOS,Removed or Changed
C10330,True,079759M,CRICOS,Removed or Changed
C10330,True,079759M,CRICOS,Removed or Changed
C09066,True,084098A,CRICOS,Removed or Changed
C09066,True,084098A,CRICOS,Removed or Changed
C09066,True,084098A,CRICOS,Removed or Changed
C09066,True,084098A,CRICOS,Removed or Changed
C09066,True,084098A,CRICOS,Removed or Changed
C09066,True,084098A,CRICOS,Removed or Changed
C10347,True,084270E,CRICOS,Removed or Changed
C10347,True,084270E,CRICOS,Removed or Changed
C10347,True,084270E,CRICOS,Removed or Changed
C10347,True,084270E,CRICOS,Removed or Changed
C10123,True,026198M,CRICOS,Removed or Changed
C10123,True,026198M,CRICOS,Removed or Changed
C10123,True,026198M,CRICOS,Removed or Changed
C09076,True,084097B,CRICOS,Removed or Changed
C09076,True,084097B,CRICOS,Removed or Changed
C09076,True,084097B,CRICOS,Removed or Changed
C09076,True,084097B,CRICOS,Removed or Changed
C09076,True,084097B,CRICOS,Removed or Changed
C09076,True,084097B,CRICOS,Removed or Changed
C09071,True,084092G,CRICOS,Removed or Changed
C09071,True,084092G,CRICOS,Removed or Changed
C09071,True,084092G,CRICOS,Removed or Changed
C09071,True,084092G,CRICOS,Removed or Changed
C09071,True,084092G,CRICOS,Removed or Changed
C09071,True,084092G,CRICOS,Removed or Changed
C10371,True,087738E,CRICOS,Removed or Changed
C10371,True,087738E,CRICOS,Removed or Changed
C10371,True,087738E,CRICOS,Removed or Changed
C10371,True,087738E,CRICOS,Removed or Changed
C10371,True,087738E,CRICOS,Removed or Changed
C10371,True,087738E,CRICOS,Removed or Changed
C10371,True,087738E,CRICOS,Removed or Changed
C10371,True,087738E,CRICOS,Removed or Changed
C10371,True,087738E,CRICOS,Removed or Changed
C10371,True,087738E,CRICOS,Removed or Changed
C07152,True,pending,CRICOS,Removed or Changed
C07152,True,pending,CRICOS,Removed or Changed
C07152,True,pending,CRICOS,Removed or Changed
C07152,True,pending,CRICOS,Removed or Changed
C04265,True,080273A,CRICOS,Removed or Changed
C04265,True,080273A,CRICOS,Removed or Changed
C04265,True,080273A,CRICOS,Removed or Changed
C04265,True,080273A,CRICOS,Removed or Changed
C04265,True,080273A,CRICOS,Removed or Changed
C04265,True,080273A,CRICOS,Removed or Changed
C07137,True,098063G,CRICOS,Removed or Changed
C07137,True,098063G,CRICOS,Removed or Changed
C07137,True,098063G,CRICOS,Removed or Changed
C07137,True,098063G,CRICOS,Removed or Changed
C07137,True,098063G,CRICOS,Removed or Changed
C07137,True,098063G,CRICOS,Removed or Changed
C07137,True,098063G,CRICOS,Removed or Changed
C07137,True,098063G,CRICOS,Removed or Changed
C07137,True,098063G,CRICOS,Removed or Changed
C07137,True,098063G,CRICOS,Removed or Changed
C07137,True,098063G,CRICOS,Removed or Changed
C07137,True,098063G,CRICOS,Removed or Changed
C10445,True,106143D,CRICOS,Removed or Changed
C10445,True,106143D,CRICOS,Removed or Changed
C10445,True,106143D,CRICOS,Removed or Changed
C10445,True,106143D,CRICOS,Removed or Changed
C10445,True,106143D,CRICOS,Removed or Changed
C10445,True,106143D,CRICOS,Removed or Changed
C10445,True,106143D,CRICOS,Removed or Changed
C10445,True,106143D,CRICOS,Removed or Changed
C04448,True,112843C,CRICOS,Removed or Changed
C04448,True,112843C,CRICOS,Removed or Changed
C04448,True,112843C,CRICOS,Removed or Changed
C04448,True,112843C,CRICOS,Removed or Changed
C04448,True,112843C,CRICOS,Removed or Changed
C09167,True,110748G,CRICOS,Removed or Changed
C09167,True,110748G,CRICOS,Removed or Changed
C09167,True,110748G,CRICOS,Removed or Changed
C09167,True,110748G,CRICOS,Removed or Changed
C09167,True,110748G,CRICOS,Removed or Changed
C09167,True,110748G,CRICOS,Removed or Changed
C09136,True,106934F,CRICOS,Removed or Changed
C09136,True,106934F,CRICOS,Removed or Changed
C09136,True,106934F,CRICOS,Removed or Changed
C09136,True,106934F,CRICOS,Removed or Changed
C09136,True,106934F,CRICOS,Removed or Changed
C09136,True,106934F,CRICOS,Removed or Changed
C09136,True,106934F,CRICOS,Removed or Changed
C09136,True,106934F,CRICOS,Removed or Changed
C04278,True,081093G,CRICOS,Removed or Changed
C04278,True,081093G,CRICOS,Removed or Changed
C04278,True,081093G,CRICOS,Removed or Changed
C04278,True,081093G,CRICOS,Removed or Changed
C04278,True,081093G,CRICOS,Removed or Changed
C04278,True,081093G,CRICOS,Removed or Changed
C04278,True,081093G,CRICOS,Removed or Changed
C04278,True,081093G,CRICOS,Removed or Changed
C09073,True,084094E,CRICOS,Removed or Changed
C09073,True,084094E,CRICOS,Removed or Changed
C09073,True,084094E,CRICOS,Removed or Changed
C09073,True,084094E,CRICOS,Removed or Changed
C09073,True,084094E,CRICOS,Removed or Changed
C09073,True,084094E,CRICOS,Removed or Changed
C04006,True,001099J,CRICOS,Removed or Changed
C04006,True,001099J,CRICOS,Removed or Changed
C04006,True,001099J,CRICOS,Removed or Changed
C04006,True,001099J,CRICOS,Removed or Changed
C04006,True,001099J,CRICOS,Removed or Changed
C04006,True,001099J,CRICOS,Removed or Changed
C11307,True,104626A,CRICOS,Removed or Changed
C11307,True,104626A,CRICOS,Removed or Changed
C11307,True,104626A,CRICOS,Removed or Changed
C11307,True,104626A,CRICOS,Removed or Changed
C11307,True,104626A,CRICOS,Removed or Changed
C11307,True,104626A,CRICOS,Removed or Changed
C11307,True,104626A,CRICOS,Removed or Changed
C11307,True,104626A,CRICOS,Removed or Changed
C04390,True,098057F,CRICOS,Removed or Changed
C04390,True,098057F,CRICOS,Removed or Changed
C04390,True,098057F,CRICOS,Removed or Changed
C04390,True,098057F,CRICOS,Removed or Changed
C09157,True,106928D,CRICOS,Removed or Changed
C09157,True,106928D,CRICOS,Removed or Changed
C09157,True,106928D,CRICOS,Removed or Changed
C09157,True,106928D,CRICOS,Removed or Changed
C09157,True,106928D,CRICOS,Removed or Changed
C09157,True,106928D,CRICOS,Removed or Changed
C09157,True,106928D,CRICOS,Removed or Changed
C09157,True,106928D,CRICOS,Removed or Changed
C04438,True,106151D,CRICOS,Removed or Changed
C04438,True,106151D,CRICOS,Removed or Changed
C04438,True,106151D,CRICOS,Removed or Changed
C04438,True,106151D,CRICOS,Removed or Changed
C04438,True,106151D,CRICOS,Removed or Changed
C04438,True,106151D,CRICOS,Removed or Changed
C04438,True,106151D,CRICOS,Removed or Changed
C04438,True,106151D,CRICOS,Removed or Changed
C09124,True,100571,CRICOS,Removed or Changed
C09124,True,100571,CRICOS,Removed or Changed
C09124,True,100571,CRICOS,Removed or Changed
C09135,True,106931J,CRICOS,Removed or Changed
C09135,True,106931J,CRICOS,Removed or Changed
C09135,True,106931J,CRICOS,Removed or Changed
C09135,True,106931J,CRICOS,Removed or Changed
C09135,True,106931J,CRICOS,Removed or Changed
C09135,True,106931J,CRICOS,Removed or Changed
C09135,True,106931J,CRICOS,Removed or Changed
C09135,True,106931J,CRICOS,Removed or Changed
C10370,True,087767M,CRICOS,Removed or Changed
C10370,True,087767M,CRICOS,Removed or Changed
C10370,True,087767M,CRICOS,Removed or Changed
C10370,True,087767M,CRICOS,Removed or Changed
C10370,True,087767M,CRICOS,Removed or Changed
C10370,True,087767M,CRICOS,Removed or Changed
C10370,True,087767M,CRICOS,Removed or Changed
C10370,True,087767M,CRICOS,Removed or Changed
C04048,True,036581K,CRICOS,Removed or Changed
C04048,True,036581K,CRICOS,Removed or Changed
C04048,True,036581K,CRICOS,Removed or Changed
C04048,True,036581K,CRICOS,Removed or Changed
C10406,True,102567A,CRICOS,Removed or Changed
C10406,True,102567A,CRICOS,Removed or Changed
C10406,True,102567A,CRICOS,Removed or Changed
C10020,True,026187C,CRICOS,Removed or Changed
C10020,True,026187C,CRICOS,Removed or Changed
C10020,True,026187C,CRICOS,Removed or Changed
C10020,True,026187C,CRICOS,Removed or Changed
C06125,True,098385A,CRICOS,Removed or Changed
C06125,True,098385A,CRICOS,Removed or Changed
C06125,True,098385A,CRICOS,Removed or Changed
C06125,True,098385A,CRICOS,Removed or Changed
C06125,True,098385A,CRICOS,Removed or Changed
C06125,True,098385A,CRICOS,Removed or Changed
C06125,True,098385A,CRICOS,Removed or Changed
C06125,True,098385A,CRICOS,Removed or Changed
C06125,True,098385A,CRICOS,Removed or Changed
C06125,True,098385A,CRICOS,Removed or Changed
C04374,True,098052M,CRICOS,Removed or Changed
C04374,True,098052M,CRICOS,Removed or Changed
C04374,True,098052M,CRICOS,Removed or Changed
C04374,True,098052M,CRICOS,Removed or Changed
C04374,True,098052M,CRICOS,Removed or Changed
C04374,True,098052M,CRICOS,Removed or Changed
C10307,True,077338D,CRICOS,Removed or Changed
C10307,True,077338D,CRICOS,Removed or Changed
C07138,True,100399,CRICOS,Removed or Changed
C07138,True,100399,CRICOS,Removed or Changed
C07138,True,100399,CRICOS,Removed or Changed
C07138,True,100399,CRICOS,Removed or Changed
C07138,True,100399,CRICOS,Removed or Changed
C07138,True,100399,CRICOS,Removed or Changed
C07138,True,100399,CRICOS,Removed or Changed
C07138,True,100399,CRICOS,Removed or Changed
C10338,True,079765B,CRICOS,Removed or Changed
C10338,True,079765B,CRICOS,Removed or Changed
C10338,True,079765B,CRICOS,Removed or Changed
C10338,True,079765B,CRICOS,Removed or Changed
C10338,True,079765B,CRICOS,Removed or Changed
C10338,True,079765B,CRICOS,Removed or Changed
C10338,True,079765B,CRICOS,Removed or Changed
C10338,True,079765B,CRICOS,Removed or Changed
C07129,True,055275G,CRICOS,Removed or Changed
C07129,True,055275G,CRICOS,Removed or Changed
C07129,True,055275G,CRICOS,Removed or Changed
C07129,True,055275G,CRICOS,Removed or Changed
C07129,True,055275G,CRICOS,Removed or Changed
C07129,True,055275G,CRICOS,Removed or Changed
C07129,True,055275G,CRICOS,Removed or Changed
C09031,True,040706A,CRICOS,Removed or Changed
C09031,True,040706A,CRICOS,Removed or Changed
C09031,True,040706A,CRICOS,Removed or Changed
C09031,True,040706A,CRICOS,Removed or Changed
C09031,True,040706A,CRICOS,Removed or Changed
C09031,True,040706A,CRICOS,Removed or Changed
C09048,True,044180E,CRICOS,Removed or Changed
C09048,True,044180E,CRICOS,Removed or Changed
C09048,True,044180E,CRICOS,Removed or Changed
C09048,True,044180E,CRICOS,Removed or Changed
C09048,True,044180E,CRICOS,Removed or Changed
C10162,True,032310K,CRICOS,Removed or Changed
C10162,True,032310K,CRICOS,Removed or Changed
C10162,True,032310K,CRICOS,Removed or Changed
C10162,True,032310K,CRICOS,Removed or Changed
C10162,True,032310K,CRICOS,Removed or Changed
C10162,True,032310K,CRICOS,Removed or Changed
C10389,True,092383G,CRICOS,Removed or Changed
C10389,True,092383G,CRICOS,Removed or Changed
C10389,True,092383G,CRICOS,Removed or Changed
C10389,True,092383G,CRICOS,Removed or Changed
C10389,True,092383G,CRICOS,Removed or Changed
C10389,True,092383G,CRICOS,Removed or Changed
C10389,True,092383G,CRICOS,Removed or Changed
C10389,True,092383G,CRICOS,Removed or Changed
C10383,True,087789E,CRICOS,Removed or Changed
C10383,True,087789E,CRICOS,Removed or Changed
C10383,True,087789E,CRICOS,Removed or Changed
C10383,True,087789E,CRICOS,Removed or Changed
C10383,True,087789E,CRICOS,Removed or Changed
C10383,True,087789E,CRICOS,Removed or Changed
C09019,True,046619G,CRICOS,Removed or Changed
C09019,True,046619G,CRICOS,Removed or Changed
C09019,True,046619G,CRICOS,Removed or Changed
C09019,True,046619G,CRICOS,Removed or Changed
C09019,True,046619G,CRICOS,Removed or Changed
C09019,True,046619G,CRICOS,Removed or Changed
C07136,True,098058E,CRICOS,Removed or Changed
C07136,True,098058E,CRICOS,Removed or Changed
C07136,True,098058E,CRICOS,Removed or Changed
C07136,True,098058E,CRICOS,Removed or Changed
C04258,True,077375K,CRICOS,Removed or Changed
C04258,True,077375K,CRICOS,Removed or Changed
C04258,True,077375K,CRICOS,Removed or Changed
C04258,True,077375K,CRICOS,Removed or Changed
C10243,True,026202J,CRICOS,Removed or Changed
C10243,True,026202J,CRICOS,Removed or Changed
C09147,True,106921M,CRICOS,Removed or Changed
C09147,True,106921M,CRICOS,Removed or Changed
C09147,True,106921M,CRICOS,Removed or Changed
C09147,True,106921M,CRICOS,Removed or Changed
C09147,True,106921M,CRICOS,Removed or Changed
C09147,True,106921M,CRICOS,Removed or Changed
C10302,True,080084F,CRICOS,Removed or Changed
C10302,True,080084F,CRICOS,Removed or Changed
C10302,True,080084F,CRICOS,Removed or Changed
C10302,True,080084F,CRICOS,Removed or Changed
C03025,True,001121E,CRICOS,Removed or Changed
C03025,True,001121E,CRICOS,Removed or Changed
C03025,True,001121E,CRICOS,Removed or Changed
C03025,True,001121E,CRICOS,Removed or Changed
C03025,True,001121E,CRICOS,Removed or Changed
C03025,True,001121E,CRICOS,Removed or Changed
C10026,True,006487A,CRICOS,Removed or Changed
C10026,True,006487A,CRICOS,Removed or Changed
C10026,True,006487A,CRICOS,Removed or Changed
C10026,True,006487A,CRICOS,Removed or Changed
C04369,True,096872B,CRICOS,Removed or Changed
C04369,True,096872B,CRICOS,Removed or Changed
C04369,True,096872B,CRICOS,Removed or Changed
C04369,True,096872B,CRICOS,Removed or Changed
C04369,True,096872B,CRICOS,Removed or Changed
C04369,True,096872B,CRICOS,Removed or Changed
C04369,True,096872B,CRICOS,Removed or Changed
C04369,True,096872B,CRICOS,Removed or Changed
C04369,True,096872B,CRICOS,Removed or Changed
C07141,True,098503M,CRICOS,Removed or Changed
C07141,True,098503M,CRICOS,Removed or Changed
C07141,True,098503M,CRICOS,Removed or Changed
C07141,True,098503M,CRICOS,Removed or Changed
C07141,True,098503M,CRICOS,Removed or Changed
C07141,True,098503M,CRICOS,Removed or Changed
C07141,True,098503M,CRICOS,Removed or Changed
C07141,True,098503M,CRICOS,Removed or Changed
C07141,True,098503M,CRICOS,Removed or Changed
C07141,True,098503M,CRICOS,Removed or Changed
C07141,True,098503M,CRICOS,Removed or Changed
C07141,True,098503M,CRICOS,Removed or Changed
C07141,True,098503M,CRICOS,Removed or Changed
C07141,True,098503M,CRICOS,Removed or Changed
C09141,True,106923J,CRICOS,Removed or Changed
C09141,True,106923J,CRICOS,Removed or Changed
C09141,True,106923J,CRICOS,Removed or Changed
C09141,True,106923J,CRICOS,Removed or Changed
C09141,True,106923J,CRICOS,Removed or Changed
C09141,True,106923J,CRICOS,Removed or Changed
C10450,True,106138A,CRICOS,Removed or Changed
C10450,True,106138A,CRICOS,Removed or Changed
C10450,True,106138A,CRICOS,Removed or Changed
C10450,True,106138A,CRICOS,Removed or Changed
C10374,True,087778G,CRICOS,Removed or Changed
C10374,True,087778G,CRICOS,Removed or Changed
C10374,True,087778G,CRICOS,Removed or Changed
C10374,True,087778G,CRICOS,Removed or Changed
C10374,True,087778G,CRICOS,Removed or Changed
C10374,True,087778G,CRICOS,Removed or Changed
C09155,True,106914K,CRICOS,Removed or Changed
C09155,True,106914K,CRICOS,Removed or Changed
C10413,True,103340A,CRICOS,Removed or Changed
C10413,True,103340A,CRICOS,Removed or Changed
C10413,True,103340A,CRICOS,Removed or Changed
C10413,True,103340A,CRICOS,Removed or Changed
C10413,True,103340A,CRICOS,Removed or Changed
C10372,True,087768K,CRICOS,Removed or Changed
C10372,True,087768K,CRICOS,Removed or Changed
C10372,True,087768K,CRICOS,Removed or Changed
C10372,True,087768K,CRICOS,Removed or Changed
C10372,True,087768K,CRICOS,Removed or Changed
C10372,True,087768K,CRICOS,Removed or Changed
C10372,True,087768K,CRICOS,Removed or Changed
C10372,True,087768K,CRICOS,Removed or Changed
C10473,True,110751A,CRICOS,Removed or Changed
C10473,True,110751A,CRICOS,Removed or Changed
C10473,True,110751A,CRICOS,Removed or Changed
C10473,True,110751A,CRICOS,Removed or Changed
C10475,True,110747H,CRICOS,Removed or Changed
C10475,True,110747H,CRICOS,Removed or Changed
C10475,True,110747H,CRICOS,Removed or Changed
C10475,True,110747H,CRICOS,Removed or Changed
C10379,True,087783M,CRICOS,Removed or Changed
C10379,True,087783M,CRICOS,Removed or Changed
C10379,True,087783M,CRICOS,Removed or Changed
C10379,True,087783M,CRICOS,Removed or Changed
C10379,True,087783M,CRICOS,Removed or Changed
C10379,True,087783M,CRICOS,Removed or Changed
C09049,True,098041C,CRICOS,Removed or Changed
C09049,True,098041C,CRICOS,Removed or Changed
C09049,True,098041C,CRICOS,Removed or Changed
C09049,True,098041C,CRICOS,Removed or Changed
C10301,True,080086D,CRICOS,Removed or Changed
C10301,True,080086D,CRICOS,Removed or Changed
C10352,True,088064A,CRICOS,Removed or Changed
C10352,True,088064A,CRICOS,Removed or Changed
C04326,True,114584A,CRICOS,Removed or Changed
C04326,True,114584A,CRICOS,Removed or Changed
C04326,True,114584A,CRICOS,Removed or Changed
C10355,True,088067J,CRICOS,Removed or Changed
C10355,True,088067J,CRICOS,Removed or Changed
C10355,True,088067J,CRICOS,Removed or Changed
C10381,True,087787G,CRICOS,Removed or Changed
C10381,True,087787G,CRICOS,Removed or Changed
C10381,True,087787G,CRICOS,Removed or Changed
C10381,True,087787G,CRICOS,Removed or Changed
C10369,True,087737F,CRICOS,Removed or Changed
C10369,True,087737F,CRICOS,Removed or Changed
C10369,True,087737F,CRICOS,Removed or Changed
C10369,True,087737F,CRICOS,Removed or Changed
C10369,True,087737F,CRICOS,Removed or Changed
C10369,True,087737F,CRICOS,Removed or Changed
C10369,True,087737F,CRICOS,Removed or Changed
C10369,True,087737F,CRICOS,Removed or Changed
C11271,True,096459D,CRICOS,Removed or Changed
C11271,True,096459D,CRICOS,Removed or Changed
C11271,True,096459D,CRICOS,Removed or Changed
C11271,True,096459D,CRICOS,Removed or Changed
C11271,True,096459D,CRICOS,Removed or Changed
C11271,True,096459D,CRICOS,Removed or Changed
C09169,True,113303A,CRICOS,Removed or Changed
C09169,True,113303A,CRICOS,Removed or Changed
C03017,True,009468B,CRICOS,Removed or Changed
C03017,True,009468B,CRICOS,Removed or Changed
C03017,True,009468B,CRICOS,Removed or Changed
C03017,True,009468B,CRICOS,Removed or Changed
C03017,True,009468B,CRICOS,Removed or Changed
C03017,True,009468B,CRICOS,Removed or Changed
C11282,True,098049F,CRICOS,Removed or Changed
C11282,True,098049F,CRICOS,Removed or Changed
C11282,True,098049F,CRICOS,Removed or Changed
C11282,True,098049F,CRICOS,Removed or Changed
C04315,True,089510J,CRICOS,Removed or Changed
C04315,True,089510J,CRICOS,Removed or Changed
C04315,True,089510J,CRICOS,Removed or Changed
C04315,True,089510J,CRICOS,Removed or Changed
C10326,True,079756C,CRICOS,Removed or Changed
C10326,True,079756C,CRICOS,Removed or Changed
C10343,True,084785M,CRICOS,Removed or Changed
C10343,True,084785M,CRICOS,Removed or Changed
C10343,True,084785M,CRICOS,Removed or Changed
C10343,True,084785M,CRICOS,Removed or Changed
C10343,True,084785M,CRICOS,Removed or Changed
C10343,True,084785M,CRICOS,Removed or Changed
C10277,True,092410J,CRICOS,Removed or Changed
C10277,True,092410J,CRICOS,Removed or Changed
C10277,True,092410J,CRICOS,Removed or Changed
C10277,True,092410J,CRICOS,Removed or Changed
C10361,True,087733K,CRICOS,Removed or Changed
C10361,True,087733K,CRICOS,Removed or Changed
C10361,True,087733K,CRICOS,Removed or Changed
C10361,True,087733K,CRICOS,Removed or Changed
C10361,True,087733K,CRICOS,Removed or Changed
C10361,True,087733K,CRICOS,Removed or Changed
C10361,True,087733K,CRICOS,Removed or Changed
C10361,True,087733K,CRICOS,Removed or Changed
C10361,True,087733K,CRICOS,Removed or Changed
C10361,True,087733K,CRICOS,Removed or Changed
C10276,True,092409B,CRICOS,Removed or Changed
C10276,True,092409B,CRICOS,Removed or Changed
C10276,True,092409B,CRICOS,Removed or Changed
C10276,True,092409B,CRICOS,Removed or Changed
C10360,True,088070C,CRICOS,Removed or Changed
C10360,True,088070C,CRICOS,Removed or Changed
C10360,True,088070C,CRICOS,Removed or Changed
C10360,True,088070C,CRICOS,Removed or Changed
C04286,True,084674G,CRICOS,Removed or Changed
C04286,True,084674G,CRICOS,Removed or Changed
C04286,True,084674G,CRICOS,Removed or Changed
C04286,True,084674G,CRICOS,Removed or Changed
C04286,True,084674G,CRICOS,Removed or Changed
C04286,True,084674G,CRICOS,Removed or Changed
C04286,True,084674G,CRICOS,Removed or Changed
C04286,True,084674G,CRICOS,Removed or Changed
C09122,True,100449,CRICOS,Removed or Changed
C09122,True,100449,CRICOS,Removed or Changed
C04449,True,113073K,CRICOS,Removed or Changed
C04449,True,113073K,CRICOS,Removed or Changed
C10469,True,110891M,CRICOS,Removed or Changed
C10469,True,110891M,CRICOS,Removed or Changed
C09047,True,088589E,CRICOS,Removed or Changed
C09047,True,088589E,CRICOS,Removed or Changed
C09047,True,088589E,CRICOS,Removed or Changed
C09047,True,088589E,CRICOS,Removed or Changed
C09047,True,088589E,CRICOS,Removed or Changed
C10351,True,088063B,CRICOS,Removed or Changed
C10351,True,088063B,CRICOS,Removed or Changed
C10351,True,088063B,CRICOS,Removed or Changed
C04456,True,Pending,CRICOS,Removed or Changed
C04456,True,Pending,CRICOS,Removed or Changed
C04456,True,Pending,CRICOS,Removed or Changed
C04456,True,Pending,CRICOS,Removed or Changed
C10458,True,106663B,CRICOS,Removed or Changed
C10458,True,106663B,CRICOS,Removed or Changed
C10272,True,071646G,CRICOS,Removed or Changed
C10272,True,071646G,CRICOS,Removed or Changed
C10272,True,071646G,CRICOS,Removed or Changed
C10272,True,071646G,CRICOS,Removed or Changed
C11289,True,098416K,CRICOS,Removed or Changed
C11289,True,098416K,CRICOS,Removed or Changed
C11289,True,098416K,CRICOS,Removed or Changed
C11289,True,098416K,CRICOS,Removed or Changed
C10396,True,102952C,CRICOS,Removed or Changed
C10396,True,102952C,CRICOS,Removed or Changed
C10470,True,110890A,CRICOS,Removed or Changed
C10470,True,110890A,CRICOS,Removed or Changed
C10468,True,110892K,CRICOS,Removed or Changed
C10468,True,110892K,CRICOS,Removed or Changed
C07132,True,088932F,CRICOS,Removed or Changed
C03001,True,008672F,CRICOS,Added or Changed
C03001,True,008672F,CRICOS,Added or Changed
C03001,True,008672F,CRICOS,Added or Changed
C03001,True,008672F,CRICOS,Added or Changed
C03001,True,008672F,CRICOS,Added or Changed
C03001,True,008672F,CRICOS,Added or Changed
C03001,True,008672F,CRICOS,Added or Changed
C03001,True,008672F,CRICOS,Added or Changed
C03001,True,008672F,CRICOS,Added or Changed
C03001,True,008672F,CRICOS,Added or Changed
C03001,True,008672F,CRICOS,Added or Changed
C03001,True,008672F,CRICOS,Added or Changed
C03001,True,008672F,CRICOS,Added or Changed
C03001,True,008672F,CRICOS,Added or Changed
C03001,True,008672F,CRICOS,Added or Changed
C03001,True,008672F,CRICOS,Added or Changed
C03001,True,008672F,CRICOS,Added or Changed
C03001,True,008672F,CRICOS,Added or Changed
C03001,True,008672F,CRICOS,Added or Changed
C03001,True,008672F,CRICOS,Added or Changed
C03001,True,008672F,CRICOS,Added or Changed
C03001,True,008672F,CRICOS,Added or Changed
C03002,True,008674D,CRICOS,Added or Changed
C03002,True,008674D,CRICOS,Added or Changed
C03002,True,008674D,CRICOS,Added or Changed
C03002,True,008674D,CRICOS,Added or Changed
C03002,True,008674D,CRICOS,Added or Changed
C03002,True,008674D,CRICOS,Added or Changed
C03002,True,008674D,CRICOS,Added or Changed
C03002,True,008674D,CRICOS,Added or Changed
C03002,True,008674D,CRICOS,Added or Changed
C03002,True,008674D,CRICOS,Added or Changed
C03002,True,008674D,CRICOS,Added or Changed
C03002,True,008674D,CRICOS,Added or Changed
C03002,True,008674D,CRICOS,Added or Changed
C03002,True,008674D,CRICOS,Added or Changed
C03002,True,008674D,CRICOS,Added or Changed
C03002,True,008674D,CRICOS,Added or Changed
C03002,True,008674D,CRICOS,Added or Changed
C03002,True,008674D,CRICOS,Added or Changed
C03002,True,008674D,CRICOS,Added or Changed
C03002,True,008674D,CRICOS,Added or Changed
C03002,True,008674D,CRICOS,Added or Changed
C03002,True,008674D,CRICOS,Added or Changed
C03012,True,030867M,CRICOS,Added or Changed
C03012,True,030867M,CRICOS,Added or Changed
C03012,True,030867M,CRICOS,Added or Changed
C03012,True,030867M,CRICOS,Added or Changed
C03012,True,030867M,CRICOS,Added or Changed
C03012,True,030867M,CRICOS,Added or Changed
C03012,True,030867M,CRICOS,Added or Changed
C03012,True,030867M,CRICOS,Added or Changed
C03012,True,030867M,CRICOS,Added or Changed
C03012,True,030867M,CRICOS,Added or Changed
C03012,True,030867M,CRICOS,Added or Changed
C03012,True,030867M,CRICOS,Added or Changed
C03012,True,030867M,CRICOS,Added or Changed
C03012,True,030867M,CRICOS,Added or Changed
C03012,True,030867M,CRICOS,Added or Changed
C03012,True,030867M,CRICOS,Added or Changed
C03012,True,030867M,CRICOS,Added or Changed
C03012,True,030867M,CRICOS,Added or Changed
C03012,True,030867M,CRICOS,Added or Changed
C03012,True,030867M,CRICOS,Added or Changed
C03012,True,030867M,CRICOS,Added or Changed
C03012,True,030867M,CRICOS,Added or Changed
C03017,True,009468B,CRICOS,Added or Changed
C03017,True,009468B,CRICOS,Added or Changed
C03017,True,009468B,CRICOS,Added or Changed
C03017,True,009468B,CRICOS,Added or Changed
C03017,True,009468B,CRICOS,Added or Changed
C03017,True,009468B,CRICOS,Added or Changed
C03024,True,006407F,CRICOS,Added or Changed
C03024,True,006407F,CRICOS,Added or Changed
C03024,True,006407F,CRICOS,Added or Changed
C03024,True,006407F,CRICOS,Added or Changed
C03024,True,006407F,CRICOS,Added or Changed
C03024,True,006407F,CRICOS,Added or Changed
C03024,True,006407F,CRICOS,Added or Changed
C03024,True,006407F,CRICOS,Added or Changed
C03024,True,006407F,CRICOS,Added or Changed
C03024,True,006407F,CRICOS,Added or Changed
C03024,True,006407F,CRICOS,Added or Changed
C03024,True,006407F,CRICOS,Added or Changed
C03024,True,006407F,CRICOS,Added or Changed
C03024,True,006407F,CRICOS,Added or Changed
C03024,True,006407F,CRICOS,Added or Changed
C03024,True,006407F,CRICOS,Added or Changed
C03024,True,006407F,CRICOS,Added or Changed
C03024,True,006407F,CRICOS,Added or Changed
C03024,True,006407F,CRICOS,Added or Changed
C03024,True,006407F,CRICOS,Added or Changed
C03024,True,006407F,CRICOS,Added or Changed
C03024,True,006407F,CRICOS,Added or Changed
C03025,True,001121E,CRICOS,Added or Changed
C03025,True,001121E,CRICOS,Added or Changed
C03025,True,001121E,CRICOS,Added or Changed
C03025,True,001121E,CRICOS,Added or Changed
C03025,True,001121E,CRICOS,Added or Changed
C03025,True,001121E,CRICOS,Added or Changed
C03026,True,032335A,CRICOS,Added or Changed
C03026,True,032335A,CRICOS,Added or Changed
C03026,True,032335A,CRICOS,Added or Changed
C03026,True,032335A,CRICOS,Added or Changed
C03026,True,032335A,CRICOS,Added or Changed
C03026,True,032335A,CRICOS,Added or Changed
C03026,True,032335A,CRICOS,Added or Changed
C03026,True,032335A,CRICOS,Added or Changed
C03026,True,032335A,CRICOS,Added or Changed
C03026,True,032335A,CRICOS,Added or Changed
C03026,True,032335A,CRICOS,Added or Changed
C03026,True,032335A,CRICOS,Added or Changed
C03026,True,032335A,CRICOS,Added or Changed
C03026,True,032335A,CRICOS,Added or Changed
C03026,True,032335A,CRICOS,Added or Changed
C03026,True,032335A,CRICOS,Added or Changed
C03026,True,032335A,CRICOS,Added or Changed
C03026,True,032335A,CRICOS,Added or Changed
C03026,True,032335A,CRICOS,Added or Changed
C03026,True,032335A,CRICOS,Added or Changed
C03026,True,032335A,CRICOS,Added or Changed
C03026,True,032335A,CRICOS,Added or Changed
C03029,True,030869J,CRICOS,Added or Changed
C03029,True,030869J,CRICOS,Added or Changed
C03029,True,030869J,CRICOS,Added or Changed
C03029,True,030869J,CRICOS,Added or Changed
C03029,True,030869J,CRICOS,Added or Changed
C03029,True,030869J,CRICOS,Added or Changed
C03029,True,030869J,CRICOS,Added or Changed
C03029,True,030869J,CRICOS,Added or Changed
C03029,True,030869J,CRICOS,Added or Changed
C03029,True,030869J,CRICOS,Added or Changed
C03029,True,030869J,CRICOS,Added or Changed
C03029,True,030869J,CRICOS,Added or Changed
C03029,True,030869J,CRICOS,Added or Changed
C03029,True,030869J,CRICOS,Added or Changed
C03029,True,030869J,CRICOS,Added or Changed
C03029,True,030869J,CRICOS,Added or Changed
C03029,True,030869J,CRICOS,Added or Changed
C03029,True,030869J,CRICOS,Added or Changed
C03029,True,030869J,CRICOS,Added or Changed
C03029,True,030869J,CRICOS,Added or Changed
C03029,True,030869J,CRICOS,Added or Changed
C03029,True,030869J,CRICOS,Added or Changed
C03032,True,028886D,CRICOS,Added or Changed
C03032,True,028886D,CRICOS,Added or Changed
C03032,True,028886D,CRICOS,Added or Changed
C03032,True,028886D,CRICOS,Added or Changed
C03032,True,028886D,CRICOS,Added or Changed
C03032,True,028886D,CRICOS,Added or Changed
C03032,True,028886D,CRICOS,Added or Changed
C03032,True,028886D,CRICOS,Added or Changed
C03032,True,028886D,CRICOS,Added or Changed
C03032,True,028886D,CRICOS,Added or Changed
C03032,True,028886D,CRICOS,Added or Changed
C03032,True,028886D,CRICOS,Added or Changed
C03032,True,028886D,CRICOS,Added or Changed
C03032,True,028886D,CRICOS,Added or Changed
C03032,True,028886D,CRICOS,Added or Changed
C03032,True,028886D,CRICOS,Added or Changed
C03032,True,028886D,CRICOS,Added or Changed
C03032,True,028886D,CRICOS,Added or Changed
C03032,True,028886D,CRICOS,Added or Changed
C03032,True,028886D,CRICOS,Added or Changed
C03032,True,028886D,CRICOS,Added or Changed
C03032,True,028886D,CRICOS,Added or Changed
C03032,True,028886D,CRICOS,Added or Changed
C03032,True,028886D,CRICOS,Added or Changed
C03048,True,052679M,CRICOS,Added or Changed
C03048,True,052679M,CRICOS,Added or Changed
C03048,True,052679M,CRICOS,Added or Changed
C03048,True,052679M,CRICOS,Added or Changed
C03048,True,052679M,CRICOS,Added or Changed
C03048,True,052679M,CRICOS,Added or Changed
C03048,True,052679M,CRICOS,Added or Changed
C03048,True,052679M,CRICOS,Added or Changed
C03048,True,052679M,CRICOS,Added or Changed
C03048,True,052679M,CRICOS,Added or Changed
C03048,True,052679M,CRICOS,Added or Changed
C03048,True,052679M,CRICOS,Added or Changed
C03048,True,052679M,CRICOS,Added or Changed
C03048,True,052679M,CRICOS,Added or Changed
C03048,True,052679M,CRICOS,Added or Changed
C03048,True,052679M,CRICOS,Added or Changed
C03048,True,052679M,CRICOS,Added or Changed
C03048,True,052679M,CRICOS,Added or Changed
C03049,True,052680G,CRICOS,Added or Changed
C03049,True,052680G,CRICOS,Added or Changed
C03049,True,052680G,CRICOS,Added or Changed
C03049,True,052680G,CRICOS,Added or Changed
C03049,True,052680G,CRICOS,Added or Changed
C03049,True,052680G,CRICOS,Added or Changed
C03049,True,052680G,CRICOS,Added or Changed
C03049,True,052680G,CRICOS,Added or Changed
C03049,True,052680G,CRICOS,Added or Changed
C03049,True,052680G,CRICOS,Added or Changed
C03049,True,052680G,CRICOS,Added or Changed
C03049,True,052680G,CRICOS,Added or Changed
C03049,True,052680G,CRICOS,Added or Changed
C03049,True,052680G,CRICOS,Added or Changed
C03049,True,052680G,CRICOS,Added or Changed
C03049,True,052680G,CRICOS,Added or Changed
C03049,True,052680G,CRICOS,Added or Changed
C03049,True,052680G,CRICOS,Added or Changed
C03050,True,055629G,CRICOS,Added or Changed
C03050,True,055629G,CRICOS,Added or Changed
C03050,True,055629G,CRICOS,Added or Changed
C03050,True,055629G,CRICOS,Added or Changed
C03050,True,055629G,CRICOS,Added or Changed
C03050,True,055629G,CRICOS,Added or Changed
C03050,True,055629G,CRICOS,Added or Changed
C03050,True,055629G,CRICOS,Added or Changed
C03050,True,055629G,CRICOS,Added or Changed
C03050,True,055629G,CRICOS,Added or Changed
C03050,True,055629G,CRICOS,Added or Changed
C03050,True,055629G,CRICOS,Added or Changed
C03050,True,055629G,CRICOS,Added or Changed
C03050,True,055629G,CRICOS,Added or Changed
C03050,True,055629G,CRICOS,Added or Changed
C03050,True,055629G,CRICOS,Added or Changed
C03050,True,055629G,CRICOS,Added or Changed
C03050,True,055629G,CRICOS,Added or Changed
C03051,True,075277F,CRICOS,Added or Changed
C03051,True,075277F,CRICOS,Added or Changed
C03051,True,075277F,CRICOS,Added or Changed
C03051,True,075277F,CRICOS,Added or Changed
C03051,True,075277F,CRICOS,Added or Changed
C03051,True,075277F,CRICOS,Added or Changed
C03053,True,076138J,CRICOS,Added or Changed
C03053,True,076138J,CRICOS,Added or Changed
C03053,True,076138J,CRICOS,Added or Changed
C03053,True,076138J,CRICOS,Added or Changed
C03053,True,076138J,CRICOS,Added or Changed
C03053,True,076138J,CRICOS,Added or Changed
C03053,True,076138J,CRICOS,Added or Changed
C03053,True,076138J,CRICOS,Added or Changed
C03053,True,076138J,CRICOS,Added or Changed
C03053,True,076138J,CRICOS,Added or Changed
C03053,True,076138J,CRICOS,Added or Changed
C03053,True,076138J,CRICOS,Added or Changed
C03054,True,076139G,CRICOS,Added or Changed
C03054,True,076139G,CRICOS,Added or Changed
C03054,True,076139G,CRICOS,Added or Changed
C03054,True,076139G,CRICOS,Added or Changed
C03054,True,076139G,CRICOS,Added or Changed
C03054,True,076139G,CRICOS,Added or Changed
C03054,True,076139G,CRICOS,Added or Changed
C03054,True,076139G,CRICOS,Added or Changed
C03054,True,076139G,CRICOS,Added or Changed
C03054,True,076139G,CRICOS,Added or Changed
C03054,True,076139G,CRICOS,Added or Changed
C03054,True,076139G,CRICOS,Added or Changed
C03055,True,032336M,CRICOS,Added or Changed
C03055,True,032336M,CRICOS,Added or Changed
C03055,True,032336M,CRICOS,Added or Changed
C03055,True,032336M,CRICOS,Added or Changed
C03056,True,086292E,CRICOS,Added or Changed
C03056,True,086292E,CRICOS,Added or Changed
C03056,True,086292E,CRICOS,Added or Changed
C03056,True,086292E,CRICOS,Added or Changed
C03056,True,086292E,CRICOS,Added or Changed
C03056,True,086292E,CRICOS,Added or Changed
C03056,True,086292E,CRICOS,Added or Changed
C03056,True,086292E,CRICOS,Added or Changed
C03056,True,086292E,CRICOS,Added or Changed
C03056,True,086292E,CRICOS,Added or Changed
C03056,True,086292E,CRICOS,Added or Changed
C03056,True,086292E,CRICOS,Added or Changed
C03057,True,086291F,CRICOS,Added or Changed
C03057,True,086291F,CRICOS,Added or Changed
C03057,True,086291F,CRICOS,Added or Changed
C03057,True,086291F,CRICOS,Added or Changed
C03057,True,086291F,CRICOS,Added or Changed
C03057,True,086291F,CRICOS,Added or Changed
C03057,True,086291F,CRICOS,Added or Changed
C03057,True,086291F,CRICOS,Added or Changed
C03057,True,086291F,CRICOS,Added or Changed
C03057,True,086291F,CRICOS,Added or Changed
C03057,True,086291F,CRICOS,Added or Changed
C03057,True,086291F,CRICOS,Added or Changed
C03059,True,091974C,CRICOS,Added or Changed
C03059,True,091974C,CRICOS,Added or Changed
C03059,True,091974C,CRICOS,Added or Changed
C03059,True,091974C,CRICOS,Added or Changed
C03059,True,091974C,CRICOS,Added or Changed
C03059,True,091974C,CRICOS,Added or Changed
C03059,True,091974C,CRICOS,Added or Changed
C03059,True,091974C,CRICOS,Added or Changed
C03059,True,091974C,CRICOS,Added or Changed
C03059,True,091974C,CRICOS,Added or Changed
C03059,True,091974C,CRICOS,Added or Changed
C03059,True,091974C,CRICOS,Added or Changed
C03061,True,098375C,CRICOS,Added or Changed
C03061,True,098375C,CRICOS,Added or Changed
C03061,True,098375C,CRICOS,Added or Changed
C03061,True,098375C,CRICOS,Added or Changed
C03061,True,098375C,CRICOS,Added or Changed
C03061,True,098375C,CRICOS,Added or Changed
C03061,True,098375C,CRICOS,Added or Changed
C03061,True,098375C,CRICOS,Added or Changed
C03061,True,098375C,CRICOS,Added or Changed
C03061,True,098375C,CRICOS,Added or Changed
C03061,True,098375C,CRICOS,Added or Changed
C03061,True,098375C,CRICOS,Added or Changed
C03061,True,098375C,CRICOS,Added or Changed
C03061,True,098375C,CRICOS,Added or Changed
C03062,True,098382D,CRICOS,Added or Changed
C03062,True,098382D,CRICOS,Added or Changed
C03062,True,098382D,CRICOS,Added or Changed
C03062,True,098382D,CRICOS,Added or Changed
C03062,True,098382D,CRICOS,Added or Changed
C03062,True,098382D,CRICOS,Added or Changed
C03062,True,098382D,CRICOS,Added or Changed
C03062,True,098382D,CRICOS,Added or Changed
C03062,True,098382D,CRICOS,Added or Changed
C03062,True,098382D,CRICOS,Added or Changed
C03062,True,098382D,CRICOS,Added or Changed
C03062,True,098382D,CRICOS,Added or Changed
C03062,True,098382D,CRICOS,Added or Changed
C03062,True,098382D,CRICOS,Added or Changed
C03063,True,098418G,CRICOS,Added or Changed
C03063,True,098418G,CRICOS,Added or Changed
C03063,True,098418G,CRICOS,Added or Changed
C03063,True,098418G,CRICOS,Added or Changed
C03063,True,098418G,CRICOS,Added or Changed
C03063,True,098418G,CRICOS,Added or Changed
C03063,True,098418G,CRICOS,Added or Changed
C03063,True,098418G,CRICOS,Added or Changed
C03063,True,098418G,CRICOS,Added or Changed
C03063,True,098418G,CRICOS,Added or Changed
C03063,True,098418G,CRICOS,Added or Changed
C03063,True,098418G,CRICOS,Added or Changed
C03063,True,098418G,CRICOS,Added or Changed
C03063,True,098418G,CRICOS,Added or Changed
C03064,True,099357G,CRICOS,Added or Changed
C03064,True,099357G,CRICOS,Added or Changed
C03064,True,099357G,CRICOS,Added or Changed
C03064,True,099357G,CRICOS,Added or Changed
C03064,True,099357G,CRICOS,Added or Changed
C03064,True,099357G,CRICOS,Added or Changed
C03064,True,099357G,CRICOS,Added or Changed
C03064,True,099357G,CRICOS,Added or Changed
C03064,True,099357G,CRICOS,Added or Changed
C03064,True,099357G,CRICOS,Added or Changed
C03064,True,099357G,CRICOS,Added or Changed
C03064,True,099357G,CRICOS,Added or Changed
C03064,True,099357G,CRICOS,Added or Changed
C03066,True,102189M,CRICOS,Added or Changed
C03066,True,102189M,CRICOS,Added or Changed
C03066,True,102189M,CRICOS,Added or Changed
C03066,True,102189M,CRICOS,Added or Changed
C03066,True,102189M,CRICOS,Added or Changed
C03066,True,102189M,CRICOS,Added or Changed
C03066,True,102189M,CRICOS,Added or Changed
C03066,True,102189M,CRICOS,Added or Changed
C03066,True,102189M,CRICOS,Added or Changed
C03066,True,102189M,CRICOS,Added or Changed
C03066,True,102189M,CRICOS,Added or Changed
C03067,True,102187B,CRICOS,Added or Changed
C03067,True,102187B,CRICOS,Added or Changed
C03067,True,102187B,CRICOS,Added or Changed
C03067,True,102187B,CRICOS,Added or Changed
C03067,True,102187B,CRICOS,Added or Changed
C03067,True,102187B,CRICOS,Added or Changed
C03067,True,102187B,CRICOS,Added or Changed
C03067,True,102187B,CRICOS,Added or Changed
C03067,True,102187B,CRICOS,Added or Changed
C03067,True,102187B,CRICOS,Added or Changed
C03067,True,102187B,CRICOS,Added or Changed
C03068,True,0100293,CRICOS,Added or Changed
C03068,True,0100293,CRICOS,Added or Changed
C03068,True,0100293,CRICOS,Added or Changed
C03068,True,0100293,CRICOS,Added or Changed
C03068,True,0100293,CRICOS,Added or Changed
C03068,True,0100293,CRICOS,Added or Changed
C03068,True,0100293,CRICOS,Added or Changed
C03068,True,0100293,CRICOS,Added or Changed
C03068,True,0100293,CRICOS,Added or Changed
C03068,True,0100293,CRICOS,Added or Changed
C03069,True,109388C,CRICOS,Added or Changed
C03069,True,109388C,CRICOS,Added or Changed
C03069,True,109388C,CRICOS,Added or Changed
C03069,True,109388C,CRICOS,Added or Changed
C03069,True,109388C,CRICOS,Added or Changed
C03069,True,109388C,CRICOS,Added or Changed
C03069,True,109388C,CRICOS,Added or Changed
C04006,True,001099J,CRICOS,Added or Changed
C04006,True,001099J,CRICOS,Added or Changed
C04006,True,001099J,CRICOS,Added or Changed
C04006,True,001099J,CRICOS,Added or Changed
C04006,True,001099J,CRICOS,Added or Changed
C04006,True,001099J,CRICOS,Added or Changed
C04007,True,064794J,CRICOS,Added or Changed
C04007,True,064794J,CRICOS,Added or Changed
C04007,True,064794J,CRICOS,Added or Changed
C04007,True,064794J,CRICOS,Added or Changed
C04007,True,064794J,CRICOS,Added or Changed
C04007,True,064794J,CRICOS,Added or Changed
C04007,True,064794J,CRICOS,Added or Changed
C04007,True,064794J,CRICOS,Added or Changed
C04007,True,064794J,CRICOS,Added or Changed
C04007,True,064794J,CRICOS,Added or Changed
C04007,True,064794J,CRICOS,Added or Changed
C04007,True,064794J,CRICOS,Added or Changed
C04007,True,064794J,CRICOS,Added or Changed
C04007,True,064794J,CRICOS,Added or Changed
C04007,True,064794J,CRICOS,Added or Changed
C04007,True,064794J,CRICOS,Added or Changed
C04007,True,064794J,CRICOS,Added or Changed
C04007,True,064794J,CRICOS,Added or Changed
C04007,True,064794J,CRICOS,Added or Changed
C04007,True,064794J,CRICOS,Added or Changed
C04007,True,064794J,CRICOS,Added or Changed
C04007,True,064794J,CRICOS,Added or Changed
C04007,True,064794J,CRICOS,Added or Changed
C04007,True,064794J,CRICOS,Added or Changed
C04007,True,064794J,CRICOS,Added or Changed
C04007,True,064794J,CRICOS,Added or Changed
C04007,True,064794J,CRICOS,Added or Changed
C04007,True,064794J,CRICOS,Added or Changed
C04008,True,019745C,CRICOS,Added or Changed
C04008,True,019745C,CRICOS,Added or Changed
C04008,True,019745C,CRICOS,Added or Changed
C04008,True,019745C,CRICOS,Added or Changed
C04008,True,019745C,CRICOS,Added or Changed
C04008,True,019745C,CRICOS,Added or Changed
C04008,True,019745C,CRICOS,Added or Changed
C04008,True,019745C,CRICOS,Added or Changed
C04008,True,019745C,CRICOS,Added or Changed
C04008,True,019745C,CRICOS,Added or Changed
C04008,True,019745C,CRICOS,Added or Changed
C04008,True,019745C,CRICOS,Added or Changed
C04008,True,019745C,CRICOS,Added or Changed
C04008,True,019745C,CRICOS,Added or Changed
C04008,True,019745C,CRICOS,Added or Changed
C04008,True,019745C,CRICOS,Added or Changed
C04008,True,019745C,CRICOS,Added or Changed
C04008,True,019745C,CRICOS,Added or Changed
C04008,True,019745C,CRICOS,Added or Changed
C04008,True,019745C,CRICOS,Added or Changed
C04008,True,019745C,CRICOS,Added or Changed
C04008,True,019745C,CRICOS,Added or Changed
C04008,True,019745C,CRICOS,Added or Changed
C04018,True,025004A,CRICOS,Added or Changed
C04018,True,025004A,CRICOS,Added or Changed
C04018,True,025004A,CRICOS,Added or Changed
C04018,True,025004A,CRICOS,Added or Changed
C04018,True,025004A,CRICOS,Added or Changed
C04038,True,036577F,CRICOS,Added or Changed
C04038,True,036577F,CRICOS,Added or Changed
C04038,True,036577F,CRICOS,Added or Changed
C04038,True,036577F,CRICOS,Added or Changed
C04038,True,036577F,CRICOS,Added or Changed
C04038,True,036577F,CRICOS,Added or Changed
C04038,True,036577F,CRICOS,Added or Changed
C04038,True,036577F,CRICOS,Added or Changed
C04038,True,036577F,CRICOS,Added or Changed
C04038,True,036577F,CRICOS,Added or Changed
C04038,True,036577F,CRICOS,Added or Changed
C04048,True,036581K,CRICOS,Added or Changed
C04048,True,036581K,CRICOS,Added or Changed
C04048,True,036581K,CRICOS,Added or Changed
C04048,True,036581K,CRICOS,Added or Changed
C04143,True,001125A,CRICOS,Added or Changed
C04143,True,001125A,CRICOS,Added or Changed
C04143,True,001125A,CRICOS,Added or Changed
C04143,True,001125A,CRICOS,Added or Changed
C04143,True,001125A,CRICOS,Added or Changed
C04143,True,001125A,CRICOS,Added or Changed
C04143,True,001125A,CRICOS,Added or Changed
C04143,True,001125A,CRICOS,Added or Changed
C04143,True,001125A,CRICOS,Added or Changed
C04143,True,001125A,CRICOS,Added or Changed
C04143,True,001125A,CRICOS,Added or Changed
C04143,True,001125A,CRICOS,Added or Changed
C04143,True,001125A,CRICOS,Added or Changed
C04143,True,001125A,CRICOS,Added or Changed
C04143,True,001125A,CRICOS,Added or Changed
C04143,True,001125A,CRICOS,Added or Changed
C04143,True,001125A,CRICOS,Added or Changed
C04143,True,001125A,CRICOS,Added or Changed
C04143,True,001125A,CRICOS,Added or Changed
C04143,True,001125A,CRICOS,Added or Changed
C04143,True,001125A,CRICOS,Added or Changed
C04143,True,001125A,CRICOS,Added or Changed
C04143,True,001125A,CRICOS,Added or Changed
C04143,True,001125A,CRICOS,Added or Changed
C04143,True,001125A,CRICOS,Added or Changed
C04143,True,001125A,CRICOS,Added or Changed
C04143,True,001125A,CRICOS,Added or Changed
C04222,True,096325G,CRICOS,Added or Changed
C04222,True,096325G,CRICOS,Added or Changed
C04222,True,096325G,CRICOS,Added or Changed
C04222,True,096325G,CRICOS,Added or Changed
C04222,True,096325G,CRICOS,Added or Changed
C04222,True,096325G,CRICOS,Added or Changed
C04222,True,096325G,CRICOS,Added or Changed
C04222,True,096325G,CRICOS,Added or Changed
C04222,True,096325G,CRICOS,Added or Changed
C04222,True,096325G,CRICOS,Added or Changed
C04222,True,096325G,CRICOS,Added or Changed
C04222,True,096325G,CRICOS,Added or Changed
C04222,True,096325G,CRICOS,Added or Changed
C04222,True,096325G,CRICOS,Added or Changed
C04222,True,096325G,CRICOS,Added or Changed
C04222,True,096325G,CRICOS,Added or Changed
C04222,True,096325G,CRICOS,Added or Changed
C04234,True,096324G,CRICOS,Added or Changed
C04234,True,096324G,CRICOS,Added or Changed
C04234,True,096324G,CRICOS,Added or Changed
C04234,True,096324G,CRICOS,Added or Changed
C04234,True,096324G,CRICOS,Added or Changed
C04234,True,096324G,CRICOS,Added or Changed
C04234,True,096324G,CRICOS,Added or Changed
C04234,True,096324G,CRICOS,Added or Changed
C04234,True,096324G,CRICOS,Added or Changed
C04234,True,096324G,CRICOS,Added or Changed
C04234,True,096324G,CRICOS,Added or Changed
C04234,True,096324G,CRICOS,Added or Changed
C04234,True,096324G,CRICOS,Added or Changed
C04234,True,096324G,CRICOS,Added or Changed
C04234,True,096324G,CRICOS,Added or Changed
C04234,True,096324G,CRICOS,Added or Changed
C04234,True,096324G,CRICOS,Added or Changed
C04235,True,061397B,CRICOS,Added or Changed
C04235,True,061397B,CRICOS,Added or Changed
C04235,True,061397B,CRICOS,Added or Changed
C04235,True,061397B,CRICOS,Added or Changed
C04235,True,061397B,CRICOS,Added or Changed
C04235,True,061397B,CRICOS,Added or Changed
C04235,True,061397B,CRICOS,Added or Changed
C04235,True,061397B,CRICOS,Added or Changed
C04235,True,061397B,CRICOS,Added or Changed
C04235,True,061397B,CRICOS,Added or Changed
C04235,True,061397B,CRICOS,Added or Changed
C04235,True,061397B,CRICOS,Added or Changed
C04235,True,061397B,CRICOS,Added or Changed
C04235,True,061397B,CRICOS,Added or Changed
C04235,True,061397B,CRICOS,Added or Changed
C04235,True,061397B,CRICOS,Added or Changed
C04235,True,061397B,CRICOS,Added or Changed
C04235,True,061397B,CRICOS,Added or Changed
C04235,True,061397B,CRICOS,Added or Changed
C04235,True,061397B,CRICOS,Added or Changed
C04235,True,061397B,CRICOS,Added or Changed
C04235,True,061397B,CRICOS,Added or Changed
C04235,True,061397B,CRICOS,Added or Changed
C04235,True,061397B,CRICOS,Added or Changed
C04235,True,061397B,CRICOS,Added or Changed
C04235,True,061397B,CRICOS,Added or Changed
C04236,True,060932C,CRICOS,Added or Changed
C04236,True,060932C,CRICOS,Added or Changed
C04236,True,060932C,CRICOS,Added or Changed
C04236,True,060932C,CRICOS,Added or Changed
C04236,True,060932C,CRICOS,Added or Changed
C04236,True,060932C,CRICOS,Added or Changed
C04236,True,060932C,CRICOS,Added or Changed
C04236,True,060932C,CRICOS,Added or Changed
C04236,True,060932C,CRICOS,Added or Changed
C04236,True,060932C,CRICOS,Added or Changed
C04236,True,060932C,CRICOS,Added or Changed
C04236,True,060932C,CRICOS,Added or Changed
C04236,True,060932C,CRICOS,Added or Changed
C04236,True,060932C,CRICOS,Added or Changed
C04236,True,060932C,CRICOS,Added or Changed
C04236,True,060932C,CRICOS,Added or Changed
C04236,True,060932C,CRICOS,Added or Changed
C04236,True,060932C,CRICOS,Added or Changed
C04236,True,060932C,CRICOS,Added or Changed
C04236,True,060932C,CRICOS,Added or Changed
C04236,True,060932C,CRICOS,Added or Changed
C04236,True,060932C,CRICOS,Added or Changed
C04236,True,060932C,CRICOS,Added or Changed
C04236,True,060932C,CRICOS,Added or Changed
C04236,True,060932C,CRICOS,Added or Changed
C04236,True,060932C,CRICOS,Added or Changed
C04236,True,060932C,CRICOS,Added or Changed
C04236,True,060932C,CRICOS,Added or Changed
C04237,True,061286J,CRICOS,Added or Changed
C04237,True,061286J,CRICOS,Added or Changed
C04237,True,061286J,CRICOS,Added or Changed
C04237,True,061286J,CRICOS,Added or Changed
C04237,True,061286J,CRICOS,Added or Changed
C04237,True,061286J,CRICOS,Added or Changed
C04237,True,061286J,CRICOS,Added or Changed
C04237,True,061286J,CRICOS,Added or Changed
C04237,True,061286J,CRICOS,Added or Changed
C04238,True,061285K,CRICOS,Added or Changed
C04238,True,061285K,CRICOS,Added or Changed
C04238,True,061285K,CRICOS,Added or Changed
C04238,True,061285K,CRICOS,Added or Changed
C04238,True,061285K,CRICOS,Added or Changed
C04238,True,061285K,CRICOS,Added or Changed
C04238,True,061285K,CRICOS,Added or Changed
C04238,True,061285K,CRICOS,Added or Changed
C04238,True,061285K,CRICOS,Added or Changed
C04241,True,071909M,CRICOS,Added or Changed
C04241,True,071909M,CRICOS,Added or Changed
C04241,True,071909M,CRICOS,Added or Changed
C04241,True,071909M,CRICOS,Added or Changed
C04241,True,071909M,CRICOS,Added or Changed
C04241,True,071909M,CRICOS,Added or Changed
C04250,True,074765J,CRICOS,Added or Changed
C04250,True,074765J,CRICOS,Added or Changed
C04250,True,074765J,CRICOS,Added or Changed
C04250,True,074765J,CRICOS,Added or Changed
C04250,True,074765J,CRICOS,Added or Changed
C04250,True,074765J,CRICOS,Added or Changed
C04250,True,074765J,CRICOS,Added or Changed
C04250,True,074765J,CRICOS,Added or Changed
C04252,True,074915M,CRICOS,Added or Changed
C04252,True,074915M,CRICOS,Added or Changed
C04252,True,074915M,CRICOS,Added or Changed
C04252,True,074915M,CRICOS,Added or Changed
C04252,True,074915M,CRICOS,Added or Changed
C04252,True,074915M,CRICOS,Added or Changed
C04252,True,074915M,CRICOS,Added or Changed
C04252,True,074915M,CRICOS,Added or Changed
C04252,True,074915M,CRICOS,Added or Changed
C04252,True,074915M,CRICOS,Added or Changed
C04252,True,074915M,CRICOS,Added or Changed
C04252,True,074915M,CRICOS,Added or Changed
C04252,True,074915M,CRICOS,Added or Changed
C04252,True,074915M,CRICOS,Added or Changed
C04252,True,074915M,CRICOS,Added or Changed
C04252,True,074915M,CRICOS,Added or Changed
C04252,True,074915M,CRICOS,Added or Changed
C04255,True,080952M,CRICOS,Added or Changed
C04255,True,080952M,CRICOS,Added or Changed
C04255,True,080952M,CRICOS,Added or Changed
C04255,True,080952M,CRICOS,Added or Changed
C04255,True,080952M,CRICOS,Added or Changed
C04255,True,080952M,CRICOS,Added or Changed
C04255,True,080952M,CRICOS,Added or Changed
C04255,True,080952M,CRICOS,Added or Changed
C04255,True,080952M,CRICOS,Added or Changed
C04255,True,080952M,CRICOS,Added or Changed
C04258,True,077375K,CRICOS,Added or Changed
C04258,True,077375K,CRICOS,Added or Changed
C04258,True,077375K,CRICOS,Added or Changed
C04258,True,077375K,CRICOS,Added or Changed
C04259,True,077377G,CRICOS,Added or Changed
C04259,True,077377G,CRICOS,Added or Changed
C04259,True,077377G,CRICOS,Added or Changed
C04259,True,077377G,CRICOS,Added or Changed
C04259,True,077377G,CRICOS,Added or Changed
C04259,True,077377G,CRICOS,Added or Changed
C04259,True,077377G,CRICOS,Added or Changed
C04259,True,077377G,CRICOS,Added or Changed
C04259,True,077377G,CRICOS,Added or Changed
C04260,True,077380B,CRICOS,Added or Changed
C04260,True,077380B,CRICOS,Added or Changed
C04260,True,077380B,CRICOS,Added or Changed
C04260,True,077380B,CRICOS,Added or Changed
C04260,True,077380B,CRICOS,Added or Changed
C04260,True,077380B,CRICOS,Added or Changed
C04260,True,077380B,CRICOS,Added or Changed
C04260,True,077380B,CRICOS,Added or Changed
C04264,True,080598B,CRICOS,Added or Changed
C04264,True,080598B,CRICOS,Added or Changed
C04264,True,080598B,CRICOS,Added or Changed
C04264,True,080598B,CRICOS,Added or Changed
C04264,True,080598B,CRICOS,Added or Changed
C04264,True,080598B,CRICOS,Added or Changed
C04264,True,080598B,CRICOS,Added or Changed
C04264,True,080598B,CRICOS,Added or Changed
C04264,True,080598B,CRICOS,Added or Changed
C04264,True,080598B,CRICOS,Added or Changed
C04264,True,080598B,CRICOS,Added or Changed
C04264,True,080598B,CRICOS,Added or Changed
C04264,True,080598B,CRICOS,Added or Changed
C04264,True,080598B,CRICOS,Added or Changed
C04264,True,080598B,CRICOS,Added or Changed
C04264,True,080598B,CRICOS,Added or Changed
C04264,True,080598B,CRICOS,Added or Changed
C04264,True,080598B,CRICOS,Added or Changed
C04264,True,080598B,CRICOS,Added or Changed
C04264,True,080598B,CRICOS,Added or Changed
C04264,True,080598B,CRICOS,Added or Changed
C04264,True,080598B,CRICOS,Added or Changed
C04264,True,080598B,CRICOS,Added or Changed
C04264,True,080598B,CRICOS,Added or Changed
C04264,True,080598B,CRICOS,Added or Changed
C04265,True,080273A,CRICOS,Added or Changed
C04265,True,080273A,CRICOS,Added or Changed
C04265,True,080273A,CRICOS,Added or Changed
C04265,True,080273A,CRICOS,Added or Changed
C04265,True,080273A,CRICOS,Added or Changed
C04265,True,080273A,CRICOS,Added or Changed
C04267,True,080272B,CRICOS,Added or Changed
C04267,True,080272B,CRICOS,Added or Changed
C04267,True,080272B,CRICOS,Added or Changed
C04267,True,080272B,CRICOS,Added or Changed
C04267,True,080272B,CRICOS,Added or Changed
C04267,True,080272B,CRICOS,Added or Changed
C04270,True,080271C,CRICOS,Added or Changed
C04270,True,080271C,CRICOS,Added or Changed
C04270,True,080271C,CRICOS,Added or Changed
C04270,True,080271C,CRICOS,Added or Changed
C04270,True,080271C,CRICOS,Added or Changed
C04270,True,080271C,CRICOS,Added or Changed
C04270,True,080271C,CRICOS,Added or Changed
C04270,True,080271C,CRICOS,Added or Changed
C04270,True,080271C,CRICOS,Added or Changed
C04270,True,080271C,CRICOS,Added or Changed
C04270,True,080271C,CRICOS,Added or Changed
C04270,True,080271C,CRICOS,Added or Changed
C04270,True,080271C,CRICOS,Added or Changed
C04270,True,080271C,CRICOS,Added or Changed
C04270,True,080271C,CRICOS,Added or Changed
C04270,True,080271C,CRICOS,Added or Changed
C04271,True,081087F,CRICOS,Added or Changed
C04271,True,081087F,CRICOS,Added or Changed
C04271,True,081087F,CRICOS,Added or Changed
C04271,True,081087F,CRICOS,Added or Changed
C04271,True,081087F,CRICOS,Added or Changed
C04271,True,081087F,CRICOS,Added or Changed
C04271,True,081087F,CRICOS,Added or Changed
C04271,True,081087F,CRICOS,Added or Changed
C04271,True,081087F,CRICOS,Added or Changed
C04271,True,081087F,CRICOS,Added or Changed
C04271,True,081087F,CRICOS,Added or Changed
C04271,True,081087F,CRICOS,Added or Changed
C04271,True,081087F,CRICOS,Added or Changed
C04271,True,081087F,CRICOS,Added or Changed
C04272,True,081089D,CRICOS,Added or Changed
C04272,True,081089D,CRICOS,Added or Changed
C04272,True,081089D,CRICOS,Added or Changed
C04272,True,081089D,CRICOS,Added or Changed
C04272,True,081089D,CRICOS,Added or Changed
C04272,True,081089D,CRICOS,Added or Changed
C04272,True,081089D,CRICOS,Added or Changed
C04272,True,081089D,CRICOS,Added or Changed
C04272,True,081089D,CRICOS,Added or Changed
C04272,True,081089D,CRICOS,Added or Changed
C04272,True,081089D,CRICOS,Added or Changed
C04272,True,081089D,CRICOS,Added or Changed
C04272,True,081089D,CRICOS,Added or Changed
C04272,True,081089D,CRICOS,Added or Changed
C04272,True,081089D,CRICOS,Added or Changed
C04272,True,081089D,CRICOS,Added or Changed
C04272,True,081089D,CRICOS,Added or Changed
C04272,True,081089D,CRICOS,Added or Changed
C04272,True,081089D,CRICOS,Added or Changed
C04272,True,081089D,CRICOS,Added or Changed
C04272,True,081089D,CRICOS,Added or Changed
C04273,True,081095F,CRICOS,Added or Changed
C04273,True,081095F,CRICOS,Added or Changed
C04273,True,081095F,CRICOS,Added or Changed
C04273,True,081095F,CRICOS,Added or Changed
C04273,True,081095F,CRICOS,Added or Changed
C04273,True,081095F,CRICOS,Added or Changed
C04273,True,081095F,CRICOS,Added or Changed
C04273,True,081095F,CRICOS,Added or Changed
C04273,True,081095F,CRICOS,Added or Changed
C04273,True,081095F,CRICOS,Added or Changed
C04273,True,081095F,CRICOS,Added or Changed
C04273,True,081095F,CRICOS,Added or Changed
C04273,True,081095F,CRICOS,Added or Changed
C04273,True,081095F,CRICOS,Added or Changed
C04274,True,081096E,CRICOS,Added or Changed
C04274,True,081096E,CRICOS,Added or Changed
C04274,True,081096E,CRICOS,Added or Changed
C04274,True,081096E,CRICOS,Added or Changed
C04274,True,081096E,CRICOS,Added or Changed
C04274,True,081096E,CRICOS,Added or Changed
C04274,True,081096E,CRICOS,Added or Changed
C04274,True,081096E,CRICOS,Added or Changed
C04275,True,081088E,CRICOS,Added or Changed
C04275,True,081088E,CRICOS,Added or Changed
C04275,True,081088E,CRICOS,Added or Changed
C04275,True,081088E,CRICOS,Added or Changed
C04275,True,081088E,CRICOS,Added or Changed
C04275,True,081088E,CRICOS,Added or Changed
C04275,True,081088E,CRICOS,Added or Changed
C04275,True,081088E,CRICOS,Added or Changed
C04275,True,081088E,CRICOS,Added or Changed
C04275,True,081088E,CRICOS,Added or Changed
C04275,True,081088E,CRICOS,Added or Changed
C04275,True,081088E,CRICOS,Added or Changed
C04275,True,081088E,CRICOS,Added or Changed
C04275,True,081088E,CRICOS,Added or Changed
C04275,True,081088E,CRICOS,Added or Changed
C04275,True,081088E,CRICOS,Added or Changed
C04275,True,081088E,CRICOS,Added or Changed
C04275,True,081088E,CRICOS,Added or Changed
C04275,True,081088E,CRICOS,Added or Changed
C04275,True,081088E,CRICOS,Added or Changed
C04275,True,081088E,CRICOS,Added or Changed
C04275,True,081088E,CRICOS,Added or Changed
C04275,True,081088E,CRICOS,Added or Changed
C04275,True,081088E,CRICOS,Added or Changed
C04277,True,081094G,CRICOS,Added or Changed
C04277,True,081094G,CRICOS,Added or Changed
C04277,True,081094G,CRICOS,Added or Changed
C04277,True,081094G,CRICOS,Added or Changed
C04277,True,081094G,CRICOS,Added or Changed
C04277,True,081094G,CRICOS,Added or Changed
C04277,True,081094G,CRICOS,Added or Changed
C04277,True,081094G,CRICOS,Added or Changed
C04278,True,081093G,CRICOS,Added or Changed
C04278,True,081093G,CRICOS,Added or Changed
C04278,True,081093G,CRICOS,Added or Changed
C04278,True,081093G,CRICOS,Added or Changed
C04278,True,081093G,CRICOS,Added or Changed
C04278,True,081093G,CRICOS,Added or Changed
C04278,True,081093G,CRICOS,Added or Changed
C04278,True,081093G,CRICOS,Added or Changed
C04285,True,084673G,CRICOS,Added or Changed
C04285,True,084673G,CRICOS,Added or Changed
C04285,True,084673G,CRICOS,Added or Changed
C04285,True,084673G,CRICOS,Added or Changed
C04285,True,084673G,CRICOS,Added or Changed
C04285,True,084673G,CRICOS,Added or Changed
C04285,True,084673G,CRICOS,Added or Changed
C04285,True,084673G,CRICOS,Added or Changed
C04285,True,084673G,CRICOS,Added or Changed
C04286,True,084674G,CRICOS,Added or Changed
C04286,True,084674G,CRICOS,Added or Changed
C04286,True,084674G,CRICOS,Added or Changed
C04286,True,084674G,CRICOS,Added or Changed
C04286,True,084674G,CRICOS,Added or Changed
C04286,True,084674G,CRICOS,Added or Changed
C04286,True,084674G,CRICOS,Added or Changed
C04286,True,084674G,CRICOS,Added or Changed
C04287,True,084675F,CRICOS,Added or Changed
C04287,True,084675F,CRICOS,Added or Changed
C04287,True,084675F,CRICOS,Added or Changed
C04287,True,084675F,CRICOS,Added or Changed
C04287,True,084675F,CRICOS,Added or Changed
C04287,True,084675F,CRICOS,Added or Changed
C04287,True,084675F,CRICOS,Added or Changed
C04287,True,084675F,CRICOS,Added or Changed
C04287,True,084675F,CRICOS,Added or Changed
C04288,True,084676E,CRICOS,Added or Changed
C04288,True,084676E,CRICOS,Added or Changed
C04288,True,084676E,CRICOS,Added or Changed
C04288,True,084676E,CRICOS,Added or Changed
C04288,True,084676E,CRICOS,Added or Changed
C04288,True,084676E,CRICOS,Added or Changed
C04288,True,084676E,CRICOS,Added or Changed
C04288,True,084676E,CRICOS,Added or Changed
C04288,True,084676E,CRICOS,Added or Changed
C04290,True,084677D,CRICOS,Added or Changed
C04290,True,084677D,CRICOS,Added or Changed
C04290,True,084677D,CRICOS,Added or Changed
C04290,True,084677D,CRICOS,Added or Changed
C04290,True,084677D,CRICOS,Added or Changed
C04290,True,084677D,CRICOS,Added or Changed
C04290,True,084677D,CRICOS,Added or Changed
C04290,True,084677D,CRICOS,Added or Changed
C04290,True,084677D,CRICOS,Added or Changed
C04294,True,084258A,CRICOS,Added or Changed
C04294,True,084258A,CRICOS,Added or Changed
C04294,True,084258A,CRICOS,Added or Changed
C04294,True,084258A,CRICOS,Added or Changed
C04295,True,084256C,CRICOS,Added or Changed
C04295,True,084256C,CRICOS,Added or Changed
C04295,True,084256C,CRICOS,Added or Changed
C04295,True,084256C,CRICOS,Added or Changed
C04295,True,084256C,CRICOS,Added or Changed
C04295,True,084256C,CRICOS,Added or Changed
C04295,True,084256C,CRICOS,Added or Changed
C04295,True,084256C,CRICOS,Added or Changed
C04295,True,084256C,CRICOS,Added or Changed
C04295,True,084256C,CRICOS,Added or Changed
C04295,True,084256C,CRICOS,Added or Changed
C04295,True,084256C,CRICOS,Added or Changed
C04295,True,084256C,CRICOS,Added or Changed
C04295,True,084256C,CRICOS,Added or Changed
C04295,True,084256C,CRICOS,Added or Changed
C04295,True,084256C,CRICOS,Added or Changed
C04295,True,084256C,CRICOS,Added or Changed
C04295,True,084256C,CRICOS,Added or Changed
C04295,True,084256C,CRICOS,Added or Changed
C04296,True,084254E,CRICOS,Added or Changed
C04296,True,084254E,CRICOS,Added or Changed
C04296,True,084254E,CRICOS,Added or Changed
C04296,True,084254E,CRICOS,Added or Changed
C04296,True,084254E,CRICOS,Added or Changed
C04296,True,084254E,CRICOS,Added or Changed
C04296,True,084254E,CRICOS,Added or Changed
C04296,True,084254E,CRICOS,Added or Changed
C04296,True,084254E,CRICOS,Added or Changed
C04296,True,084254E,CRICOS,Added or Changed
C04296,True,084254E,CRICOS,Added or Changed
C04296,True,084254E,CRICOS,Added or Changed
C04296,True,084254E,CRICOS,Added or Changed
C04296,True,084254E,CRICOS,Added or Changed
C04296,True,084254E,CRICOS,Added or Changed
C04296,True,084254E,CRICOS,Added or Changed
C04296,True,084254E,CRICOS,Added or Changed
C04296,True,084254E,CRICOS,Added or Changed
C04296,True,084254E,CRICOS,Added or Changed
C04297,True,084255D,CRICOS,Added or Changed
C04297,True,084255D,CRICOS,Added or Changed
C04297,True,084255D,CRICOS,Added or Changed
C04297,True,084255D,CRICOS,Added or Changed
C04297,True,084255D,CRICOS,Added or Changed
C04297,True,084255D,CRICOS,Added or Changed
C04297,True,084255D,CRICOS,Added or Changed
C04297,True,084255D,CRICOS,Added or Changed
C04297,True,084255D,CRICOS,Added or Changed
C04297,True,084255D,CRICOS,Added or Changed
C04297,True,084255D,CRICOS,Added or Changed
C04297,True,084255D,CRICOS,Added or Changed
C04297,True,084255D,CRICOS,Added or Changed
C04297,True,084255D,CRICOS,Added or Changed
C04297,True,084255D,CRICOS,Added or Changed
C04297,True,084255D,CRICOS,Added or Changed
C04297,True,084255D,CRICOS,Added or Changed
C04299,True,084265B,CRICOS,Added or Changed
C04299,True,084265B,CRICOS,Added or Changed
C04299,True,084265B,CRICOS,Added or Changed
C04299,True,084265B,CRICOS,Added or Changed
C04300,True,084263D,CRICOS,Added or Changed
C04300,True,084263D,CRICOS,Added or Changed
C04300,True,084263D,CRICOS,Added or Changed
C04300,True,084263D,CRICOS,Added or Changed
C04300,True,084263D,CRICOS,Added or Changed
C04300,True,084263D,CRICOS,Added or Changed
C04301,True,084264C,CRICOS,Added or Changed
C04301,True,084264C,CRICOS,Added or Changed
C04301,True,084264C,CRICOS,Added or Changed
C04301,True,084264C,CRICOS,Added or Changed
C04301,True,084264C,CRICOS,Added or Changed
C04301,True,084264C,CRICOS,Added or Changed
C04301,True,084264C,CRICOS,Added or Changed
C04301,True,084264C,CRICOS,Added or Changed
C04301,True,084264C,CRICOS,Added or Changed
C04301,True,084264C,CRICOS,Added or Changed
C04305,True,088012B,CRICOS,Added or Changed
C04305,True,088012B,CRICOS,Added or Changed
C04305,True,088012B,CRICOS,Added or Changed
C04305,True,088012B,CRICOS,Added or Changed
C04305,True,088012B,CRICOS,Added or Changed
C04305,True,088012B,CRICOS,Added or Changed
C04305,True,088012B,CRICOS,Added or Changed
C04305,True,088012B,CRICOS,Added or Changed
C04305,True,088012B,CRICOS,Added or Changed
C04305,True,088012B,CRICOS,Added or Changed
C04306,True,091975B,CRICOS,Added or Changed
C04306,True,091975B,CRICOS,Added or Changed
C04306,True,091975B,CRICOS,Added or Changed
C04306,True,091975B,CRICOS,Added or Changed
C04309,True,088084G,CRICOS,Added or Changed
C04309,True,088084G,CRICOS,Added or Changed
C04309,True,088084G,CRICOS,Added or Changed
C04309,True,088084G,CRICOS,Added or Changed
C04309,True,088084G,CRICOS,Added or Changed
C04309,True,088084G,CRICOS,Added or Changed
C04309,True,088084G,CRICOS,Added or Changed
C04309,True,088084G,CRICOS,Added or Changed
C04309,True,088084G,CRICOS,Added or Changed
C04309,True,088084G,CRICOS,Added or Changed
C04309,True,088084G,CRICOS,Added or Changed
C04309,True,088084G,CRICOS,Added or Changed
C04309,True,088084G,CRICOS,Added or Changed
C04309,True,088084G,CRICOS,Added or Changed
C04315,True,089510J,CRICOS,Added or Changed
C04315,True,089510J,CRICOS,Added or Changed
C04315,True,089510J,CRICOS,Added or Changed
C04315,True,089510J,CRICOS,Added or Changed
C04316,True,089509B,CRICOS,Added or Changed
C04316,True,089509B,CRICOS,Added or Changed
C04316,True,089509B,CRICOS,Added or Changed
C04316,True,089509B,CRICOS,Added or Changed
C04316,True,089509B,CRICOS,Added or Changed
C04316,True,089509B,CRICOS,Added or Changed
C04316,True,089509B,CRICOS,Added or Changed
C04316,True,089509B,CRICOS,Added or Changed
C04316,True,089509B,CRICOS,Added or Changed
C04316,True,089509B,CRICOS,Added or Changed
C04316,True,089509B,CRICOS,Added or Changed
C04316,True,089509B,CRICOS,Added or Changed
C04316,True,089509B,CRICOS,Added or Changed
C04316,True,089509B,CRICOS,Added or Changed
C04316,True,089509B,CRICOS,Added or Changed
C04316,True,089509B,CRICOS,Added or Changed
C04316,True,089509B,CRICOS,Added or Changed
C04316,True,089509B,CRICOS,Added or Changed
C04316,True,089509B,CRICOS,Added or Changed
C04316,True,089509B,CRICOS,Added or Changed
C04316,True,089509B,CRICOS,Added or Changed
C04316,True,089509B,CRICOS,Added or Changed
C04317,True,089508C,CRICOS,Added or Changed
C04317,True,089508C,CRICOS,Added or Changed
C04317,True,089508C,CRICOS,Added or Changed
C04317,True,089508C,CRICOS,Added or Changed
C04317,True,089508C,CRICOS,Added or Changed
C04317,True,089508C,CRICOS,Added or Changed
C04317,True,089508C,CRICOS,Added or Changed
C04317,True,089508C,CRICOS,Added or Changed
C04317,True,089508C,CRICOS,Added or Changed
C04317,True,089508C,CRICOS,Added or Changed
C04317,True,089508C,CRICOS,Added or Changed
C04317,True,089508C,CRICOS,Added or Changed
C04317,True,089508C,CRICOS,Added or Changed
C04317,True,089508C,CRICOS,Added or Changed
C04317,True,089508C,CRICOS,Added or Changed
C04317,True,089508C,CRICOS,Added or Changed
C04317,True,089508C,CRICOS,Added or Changed
C04317,True,089508C,CRICOS,Added or Changed
C04317,True,089508C,CRICOS,Added or Changed
C04317,True,089508C,CRICOS,Added or Changed
C04317,True,089508C,CRICOS,Added or Changed
C04317,True,089508C,CRICOS,Added or Changed
C04317,True,089508C,CRICOS,Added or Changed
C04317,True,089508C,CRICOS,Added or Changed
C04317,True,089508C,CRICOS,Added or Changed
C04317,True,089508C,CRICOS,Added or Changed
C04317,True,089508C,CRICOS,Added or Changed
C04320,True,092803C,CRICOS,Added or Changed
C04320,True,092803C,CRICOS,Added or Changed
C04320,True,092803C,CRICOS,Added or Changed
C04320,True,092803C,CRICOS,Added or Changed
C04320,True,092803C,CRICOS,Added or Changed
C04320,True,092803C,CRICOS,Added or Changed
C04320,True,092803C,CRICOS,Added or Changed
C04320,True,092803C,CRICOS,Added or Changed
C04320,True,092803C,CRICOS,Added or Changed
C04320,True,092803C,CRICOS,Added or Changed
C04320,True,092803C,CRICOS,Added or Changed
C04320,True,092803C,CRICOS,Added or Changed
C04320,True,092803C,CRICOS,Added or Changed
C04320,True,092803C,CRICOS,Added or Changed
C04320,True,092803C,CRICOS,Added or Changed
C04320,True,092803C,CRICOS,Added or Changed
C04320,True,092803C,CRICOS,Added or Changed
C04320,True,092803C,CRICOS,Added or Changed
C04324,True,084678C,CRICOS,Added or Changed
C04324,True,084678C,CRICOS,Added or Changed
C04324,True,084678C,CRICOS,Added or Changed
C04324,True,084678C,CRICOS,Added or Changed
C04324,True,084678C,CRICOS,Added or Changed
C04324,True,084678C,CRICOS,Added or Changed
C04324,True,084678C,CRICOS,Added or Changed
C04325,True,082831D,CRICOS,Added or Changed
C04325,True,082831D,CRICOS,Added or Changed
C04325,True,082831D,CRICOS,Added or Changed
C04325,True,082831D,CRICOS,Added or Changed
C04325,True,082831D,CRICOS,Added or Changed
C04325,True,082831D,CRICOS,Added or Changed
C04325,True,082831D,CRICOS,Added or Changed
C04326,True,114584A,CRICOS,Added or Changed
C04326,True,114584A,CRICOS,Added or Changed
C04326,True,114584A,CRICOS,Added or Changed
C04368,True,096871C,CRICOS,Added or Changed
C04368,True,096871C,CRICOS,Added or Changed
C04368,True,096871C,CRICOS,Added or Changed
C04368,True,096871C,CRICOS,Added or Changed
C04368,True,096871C,CRICOS,Added or Changed
C04368,True,096871C,CRICOS,Added or Changed
C04368,True,096871C,CRICOS,Added or Changed
C04368,True,096871C,CRICOS,Added or Changed
C04368,True,096871C,CRICOS,Added or Changed
C04369,True,096872B,CRICOS,Added or Changed
C04369,True,096872B,CRICOS,Added or Changed
C04369,True,096872B,CRICOS,Added or Changed
C04369,True,096872B,CRICOS,Added or Changed
C04369,True,096872B,CRICOS,Added or Changed
C04369,True,096872B,CRICOS,Added or Changed
C04369,True,096872B,CRICOS,Added or Changed
C04369,True,096872B,CRICOS,Added or Changed
C04369,True,096872B,CRICOS,Added or Changed
C04370,True,109317G,CRICOS,Added or Changed
C04370,True,109317G,CRICOS,Added or Changed
C04370,True,109317G,CRICOS,Added or Changed
C04370,True,109317G,CRICOS,Added or Changed
C04370,True,109317G,CRICOS,Added or Changed
C04370,True,109317G,CRICOS,Added or Changed
C04370,True,109317G,CRICOS,Added or Changed
C04371,True,096873A,CRICOS,Added or Changed
C04371,True,096873A,CRICOS,Added or Changed
C04371,True,096873A,CRICOS,Added or Changed
C04371,True,096873A,CRICOS,Added or Changed
C04371,True,096873A,CRICOS,Added or Changed
C04371,True,096873A,CRICOS,Added or Changed
C04371,True,096873A,CRICOS,Added or Changed
C04371,True,096873A,CRICOS,Added or Changed
C04371,True,096873A,CRICOS,Added or Changed
C04372,True,084268K,CRICOS,Added or Changed
C04372,True,084268K,CRICOS,Added or Changed
C04372,True,084268K,CRICOS,Added or Changed
C04372,True,084268K,CRICOS,Added or Changed
C04372,True,084268K,CRICOS,Added or Changed
C04372,True,084268K,CRICOS,Added or Changed
C04372,True,084268K,CRICOS,Added or Changed
C04372,True,084268K,CRICOS,Added or Changed
C04372,True,084268K,CRICOS,Added or Changed
C04372,True,084268K,CRICOS,Added or Changed
C04373,True,088930G,CRICOS,Added or Changed
C04373,True,088930G,CRICOS,Added or Changed
C04373,True,088930G,CRICOS,Added or Changed
C04373,True,088930G,CRICOS,Added or Changed
C04373,True,088930G,CRICOS,Added or Changed
C04373,True,088930G,CRICOS,Added or Changed
C04373,True,088930G,CRICOS,Added or Changed
C04373,True,088930G,CRICOS,Added or Changed
C04373,True,088930G,CRICOS,Added or Changed
C04373,True,088930G,CRICOS,Added or Changed
C04374,True,098052M,CRICOS,Added or Changed
C04374,True,098052M,CRICOS,Added or Changed
C04374,True,098052M,CRICOS,Added or Changed
C04374,True,098052M,CRICOS,Added or Changed
C04374,True,098052M,CRICOS,Added or Changed
C04374,True,098052M,CRICOS,Added or Changed
C04379,True,0100411,CRICOS,Added or Changed
C04379,True,0100411,CRICOS,Added or Changed
C04379,True,0100411,CRICOS,Added or Changed
C04379,True,0100411,CRICOS,Added or Changed
C04379,True,0100411,CRICOS,Added or Changed
C04379,True,0100411,CRICOS,Added or Changed
C04379,True,0100411,CRICOS,Added or Changed
C04379,True,0100411,CRICOS,Added or Changed
C04380,True,0100398,CRICOS,Added or Changed
C04380,True,0100398,CRICOS,Added or Changed
C04380,True,0100398,CRICOS,Added or Changed
C04380,True,0100398,CRICOS,Added or Changed
C04380,True,0100398,CRICOS,Added or Changed
C04380,True,0100398,CRICOS,Added or Changed
C04380,True,0100398,CRICOS,Added or Changed
C04380,True,0100398,CRICOS,Added or Changed
C04381,True,107949B,CRICOS,Added or Changed
C04381,True,107949B,CRICOS,Added or Changed
C04381,True,107949B,CRICOS,Added or Changed
C04381,True,107949B,CRICOS,Added or Changed
C04381,True,107949B,CRICOS,Added or Changed
C04381,True,107949B,CRICOS,Added or Changed
C04381,True,107949B,CRICOS,Added or Changed
C04381,True,107949B,CRICOS,Added or Changed
C04382,True,098047G,CRICOS,Added or Changed
C04382,True,098047G,CRICOS,Added or Changed
C04382,True,098047G,CRICOS,Added or Changed
C04382,True,098047G,CRICOS,Added or Changed
C04383,True,098042B,CRICOS,Added or Changed
C04383,True,098042B,CRICOS,Added or Changed
C04383,True,098042B,CRICOS,Added or Changed
C04383,True,098042B,CRICOS,Added or Changed
C04385,True,098387K,CRICOS,Added or Changed
C04385,True,098387K,CRICOS,Added or Changed
C04385,True,098387K,CRICOS,Added or Changed
C04385,True,098387K,CRICOS,Added or Changed
C04385,True,098387K,CRICOS,Added or Changed
C04385,True,098387K,CRICOS,Added or Changed
C04385,True,098387K,CRICOS,Added or Changed
C04385,True,098387K,CRICOS,Added or Changed
C04385,True,098387K,CRICOS,Added or Changed
C04385,True,098387K,CRICOS,Added or Changed
C04385,True,098387K,CRICOS,Added or Changed
C04385,True,098387K,CRICOS,Added or Changed
C04385,True,098387K,CRICOS,Added or Changed
C04385,True,098387K,CRICOS,Added or Changed
C04386,True,098167M,CRICOS,Added or Changed
C04386,True,098167M,CRICOS,Added or Changed
C04386,True,098167M,CRICOS,Added or Changed
C04386,True,098167M,CRICOS,Added or Changed
C04386,True,098167M,CRICOS,Added or Changed
C04386,True,098167M,CRICOS,Added or Changed
C04388,True,098056G,CRICOS,Added or Changed
C04388,True,098056G,CRICOS,Added or Changed
C04388,True,098056G,CRICOS,Added or Changed
C04388,True,098056G,CRICOS,Added or Changed
C04389,True,098055G,CRICOS,Added or Changed
C04389,True,098055G,CRICOS,Added or Changed
C04389,True,098055G,CRICOS,Added or Changed
C04389,True,098055G,CRICOS,Added or Changed
C04390,True,098057F,CRICOS,Added or Changed
C04390,True,098057F,CRICOS,Added or Changed
C04390,True,098057F,CRICOS,Added or Changed
C04390,True,098057F,CRICOS,Added or Changed
C04391,True,098061K,CRICOS,Added or Changed
C04391,True,098061K,CRICOS,Added or Changed
C04391,True,098061K,CRICOS,Added or Changed
C04391,True,098061K,CRICOS,Added or Changed
C04391,True,098061K,CRICOS,Added or Changed
C04391,True,098061K,CRICOS,Added or Changed
C04391,True,098061K,CRICOS,Added or Changed
C04391,True,098061K,CRICOS,Added or Changed
C04391,True,098061K,CRICOS,Added or Changed
C04391,True,098061K,CRICOS,Added or Changed
C04391,True,098061K,CRICOS,Added or Changed
C04391,True,098061K,CRICOS,Added or Changed
C04391,True,098061K,CRICOS,Added or Changed
C04391,True,098061K,CRICOS,Added or Changed
C04391,True,098061K,CRICOS,Added or Changed
C04391,True,098061K,CRICOS,Added or Changed
C04392,True,098060M,CRICOS,Added or Changed
C04392,True,098060M,CRICOS,Added or Changed
C04392,True,098060M,CRICOS,Added or Changed
C04392,True,098060M,CRICOS,Added or Changed
C04392,True,098060M,CRICOS,Added or Changed
C04392,True,098060M,CRICOS,Added or Changed
C04392,True,098060M,CRICOS,Added or Changed
C04392,True,098060M,CRICOS,Added or Changed
C04392,True,098060M,CRICOS,Added or Changed
C04392,True,098060M,CRICOS,Added or Changed
C04392,True,098060M,CRICOS,Added or Changed
C04392,True,098060M,CRICOS,Added or Changed
C04392,True,098060M,CRICOS,Added or Changed
C04392,True,098060M,CRICOS,Added or Changed
C04392,True,098060M,CRICOS,Added or Changed
C04393,True,098062J,CRICOS,Added or Changed
C04393,True,098062J,CRICOS,Added or Changed
C04393,True,098062J,CRICOS,Added or Changed
C04393,True,098062J,CRICOS,Added or Changed
C04393,True,098062J,CRICOS,Added or Changed
C04393,True,098062J,CRICOS,Added or Changed
C04393,True,098062J,CRICOS,Added or Changed
C04393,True,098062J,CRICOS,Added or Changed
C04393,True,098062J,CRICOS,Added or Changed
C04393,True,098062J,CRICOS,Added or Changed
C04393,True,098062J,CRICOS,Added or Changed
C04393,True,098062J,CRICOS,Added or Changed
C04394,True,098414A,CRICOS,Added or Changed
C04394,True,098414A,CRICOS,Added or Changed
C04394,True,098414A,CRICOS,Added or Changed
C04394,True,098414A,CRICOS,Added or Changed
C04394,True,098414A,CRICOS,Added or Changed
C04394,True,098414A,CRICOS,Added or Changed
C04395,True,098389G,CRICOS,Added or Changed
C04395,True,098389G,CRICOS,Added or Changed
C04395,True,098389G,CRICOS,Added or Changed
C04395,True,098389G,CRICOS,Added or Changed
C04395,True,098389G,CRICOS,Added or Changed
C04395,True,098389G,CRICOS,Added or Changed
C04395,True,098389G,CRICOS,Added or Changed
C04395,True,098389G,CRICOS,Added or Changed
C04395,True,098389G,CRICOS,Added or Changed
C04395,True,098389G,CRICOS,Added or Changed
C04395,True,098389G,CRICOS,Added or Changed
C04395,True,098389G,CRICOS,Added or Changed
C04395,True,098389G,CRICOS,Added or Changed
C04395,True,098389G,CRICOS,Added or Changed
C04395,True,098389G,CRICOS,Added or Changed
C04404,True,0101148,CRICOS,Added or Changed
C04404,True,0101148,CRICOS,Added or Changed
C04404,True,0101148,CRICOS,Added or Changed
C04404,True,0101148,CRICOS,Added or Changed
C04404,True,0101148,CRICOS,Added or Changed
C04404,True,0101148,CRICOS,Added or Changed
C04404,True,0101148,CRICOS,Added or Changed
C04404,True,0101148,CRICOS,Added or Changed
C04406,True,0101144,CRICOS,Added or Changed
C04406,True,0101144,CRICOS,Added or Changed
C04406,True,0101144,CRICOS,Added or Changed
C04406,True,0101144,CRICOS,Added or Changed
C04406,True,0101144,CRICOS,Added or Changed
C04406,True,0101144,CRICOS,Added or Changed
C04406,True,0101144,CRICOS,Added or Changed
C04406,True,0101144,CRICOS,Added or Changed
C04410,True,102330M,CRICOS,Added or Changed
C04410,True,102330M,CRICOS,Added or Changed
C04410,True,102330M,CRICOS,Added or Changed
C04410,True,102330M,CRICOS,Added or Changed
C04410,True,102330M,CRICOS,Added or Changed
C04410,True,102330M,CRICOS,Added or Changed
C04410,True,102330M,CRICOS,Added or Changed
C04410,True,102330M,CRICOS,Added or Changed
C04410,True,102330M,CRICOS,Added or Changed
C04410,True,102330M,CRICOS,Added or Changed
C04411,True,102331K,CRICOS,Added or Changed
C04411,True,102331K,CRICOS,Added or Changed
C04411,True,102331K,CRICOS,Added or Changed
C04411,True,102331K,CRICOS,Added or Changed
C04411,True,102331K,CRICOS,Added or Changed
C04411,True,102331K,CRICOS,Added or Changed
C04418,True,107831E,CRICOS,Added or Changed
C04418,True,107831E,CRICOS,Added or Changed
C04418,True,107831E,CRICOS,Added or Changed
C04418,True,107831E,CRICOS,Added or Changed
C04418,True,107831E,CRICOS,Added or Changed
C04418,True,107831E,CRICOS,Added or Changed
C04418,True,107831E,CRICOS,Added or Changed
C04418,True,107831E,CRICOS,Added or Changed
C04419,True,107830F,CRICOS,Added or Changed
C04419,True,107830F,CRICOS,Added or Changed
C04419,True,107830F,CRICOS,Added or Changed
C04419,True,107830F,CRICOS,Added or Changed
C04419,True,107830F,CRICOS,Added or Changed
C04419,True,107830F,CRICOS,Added or Changed
C04419,True,107830F,CRICOS,Added or Changed
C04419,True,107830F,CRICOS,Added or Changed
C04420,True,102950E,CRICOS,Added or Changed
C04420,True,102950E,CRICOS,Added or Changed
C04420,True,102950E,CRICOS,Added or Changed
C04420,True,102950E,CRICOS,Added or Changed
C04420,True,102950E,CRICOS,Added or Changed
C04420,True,102950E,CRICOS,Added or Changed
C04420,True,102950E,CRICOS,Added or Changed
C04420,True,102950E,CRICOS,Added or Changed
C04420,True,102950E,CRICOS,Added or Changed
C04420,True,102950E,CRICOS,Added or Changed
C04423,True,092411G,CRICOS,Added or Changed
C04423,True,092411G,CRICOS,Added or Changed
C04423,True,092411G,CRICOS,Added or Changed
C04423,True,092411G,CRICOS,Added or Changed
C04423,True,092411G,CRICOS,Added or Changed
C04423,True,092411G,CRICOS,Added or Changed
C04423,True,092411G,CRICOS,Added or Changed
C04424,True,104623D,CRICOS,Added or Changed
C04424,True,104623D,CRICOS,Added or Changed
C04424,True,104623D,CRICOS,Added or Changed
C04424,True,104623D,CRICOS,Added or Changed
C04424,True,104623D,CRICOS,Added or Changed
C04424,True,104623D,CRICOS,Added or Changed
C04424,True,104623D,CRICOS,Added or Changed
C04424,True,104623D,CRICOS,Added or Changed
C04424,True,104623D,CRICOS,Added or Changed
C04424,True,104623D,CRICOS,Added or Changed
C04424,True,104623D,CRICOS,Added or Changed
C04424,True,104623D,CRICOS,Added or Changed
C04424,True,104623D,CRICOS,Added or Changed
C04424,True,104623D,CRICOS,Added or Changed
C04424,True,104623D,CRICOS,Added or Changed
C04424,True,104623D,CRICOS,Added or Changed
C04428,True,105155H,CRICOS,Added or Changed
C04428,True,105155H,CRICOS,Added or Changed
C04428,True,105155H,CRICOS,Added or Changed
C04428,True,105155H,CRICOS,Added or Changed
C04428,True,105155H,CRICOS,Added or Changed
C04428,True,105155H,CRICOS,Added or Changed
C04428,True,105155H,CRICOS,Added or Changed
C04428,True,105155H,CRICOS,Added or Changed
C04428,True,105155H,CRICOS,Added or Changed
C04428,True,105155H,CRICOS,Added or Changed
C04429,True,105154J,CRICOS,Added or Changed
C04429,True,105154J,CRICOS,Added or Changed
C04429,True,105154J,CRICOS,Added or Changed
C04429,True,105154J,CRICOS,Added or Changed
C04429,True,105154J,CRICOS,Added or Changed
C04429,True,105154J,CRICOS,Added or Changed
C04429,True,105154J,CRICOS,Added or Changed
C04429,True,105154J,CRICOS,Added or Changed
C04429,True,105154J,CRICOS,Added or Changed
C04429,True,105154J,CRICOS,Added or Changed
C04429,True,105154J,CRICOS,Added or Changed
C04429,True,105154J,CRICOS,Added or Changed
C04429,True,105154J,CRICOS,Added or Changed
C04429,True,105154J,CRICOS,Added or Changed
C04429,True,105154J,CRICOS,Added or Changed
C04429,True,105154J,CRICOS,Added or Changed
C04429,True,105154J,CRICOS,Added or Changed
C04429,True,105154J,CRICOS,Added or Changed
C04430,True,107870J,CRICOS,Added or Changed
C04430,True,107870J,CRICOS,Added or Changed
C04430,True,107870J,CRICOS,Added or Changed
C04430,True,107870J,CRICOS,Added or Changed
C04430,True,107870J,CRICOS,Added or Changed
C04430,True,107870J,CRICOS,Added or Changed
C04430,True,107870J,CRICOS,Added or Changed
C04430,True,107870J,CRICOS,Added or Changed
C04431,True,107869B,CRICOS,Added or Changed
C04431,True,107869B,CRICOS,Added or Changed
C04431,True,107869B,CRICOS,Added or Changed
C04431,True,107869B,CRICOS,Added or Changed
C04431,True,107869B,CRICOS,Added or Changed
C04431,True,107869B,CRICOS,Added or Changed
C04431,True,107869B,CRICOS,Added or Changed
C04431,True,107869B,CRICOS,Added or Changed
C04432,True,106475F,CRICOS,Added or Changed
C04432,True,106475F,CRICOS,Added or Changed
C04432,True,106475F,CRICOS,Added or Changed
C04432,True,106475F,CRICOS,Added or Changed
C04433,True,106476E,CRICOS,Added or Changed
C04433,True,106476E,CRICOS,Added or Changed
C04433,True,106476E,CRICOS,Added or Changed
C04433,True,106476E,CRICOS,Added or Changed
C04438,True,106151D,CRICOS,Added or Changed
C04438,True,106151D,CRICOS,Added or Changed
C04438,True,106151D,CRICOS,Added or Changed
C04438,True,106151D,CRICOS,Added or Changed
C04438,True,106151D,CRICOS,Added or Changed
C04438,True,106151D,CRICOS,Added or Changed
C04438,True,106151D,CRICOS,Added or Changed
C04438,True,106151D,CRICOS,Added or Changed
C04440,True,106031A,CRICOS,Added or Changed
C04440,True,106031A,CRICOS,Added or Changed
C04440,True,106031A,CRICOS,Added or Changed
C04440,True,106031A,CRICOS,Added or Changed
C04440,True,106031A,CRICOS,Added or Changed
C04443,True,108843D,CRICOS,Added or Changed
C04443,True,108843D,CRICOS,Added or Changed
C04443,True,108843D,CRICOS,Added or Changed
C04443,True,108843D,CRICOS,Added or Changed
C04443,True,108843D,CRICOS,Added or Changed
C04443,True,108843D,CRICOS,Added or Changed
C04443,True,108843D,CRICOS,Added or Changed
C04448,True,112843C,CRICOS,Added or Changed
C04448,True,112843C,CRICOS,Added or Changed
C04448,True,112843C,CRICOS,Added or Changed
C04448,True,112843C,CRICOS,Added or Changed
C04448,True,112843C,CRICOS,Added or Changed
C04449,True,113073K,CRICOS,Added or Changed
C04449,True,113073K,CRICOS,Added or Changed
C04456,True,Pending,CRICOS,Added or Changed
C04456,True,Pending,CRICOS,Added or Changed
C04456,True,Pending,CRICOS,Added or Changed
C04456,True,Pending,CRICOS,Added or Changed
C06006,True,066575D,CRICOS,Added or Changed
C06006,True,066575D,CRICOS,Added or Changed
C06006,True,066575D,CRICOS,Added or Changed
C06006,True,066575D,CRICOS,Added or Changed
C06006,True,066575D,CRICOS,Added or Changed
C06006,True,066575D,CRICOS,Added or Changed
C06006,True,066575D,CRICOS,Added or Changed
C06006,True,066575D,CRICOS,Added or Changed
C06006,True,066575D,CRICOS,Added or Changed
C06006,True,066575D,CRICOS,Added or Changed
C06006,True,066575D,CRICOS,Added or Changed
C06006,True,066575D,CRICOS,Added or Changed
C06006,True,066575D,CRICOS,Added or Changed
C06006,True,066575D,CRICOS,Added or Changed
C06006,True,066575D,CRICOS,Added or Changed
C06006,True,066575D,CRICOS,Added or Changed
C06006,True,066575D,CRICOS,Added or Changed
C06006,True,066575D,CRICOS,Added or Changed
C06006,True,066575D,CRICOS,Added or Changed
C06006,True,066575D,CRICOS,Added or Changed
C06006,True,066575D,CRICOS,Added or Changed
C06006,True,066575D,CRICOS,Added or Changed
C06006,True,066575D,CRICOS,Added or Changed
C06006,True,066575D,CRICOS,Added or Changed
C06009,True,001102G,CRICOS,Added or Changed
C06009,True,001102G,CRICOS,Added or Changed
C06009,True,001102G,CRICOS,Added or Changed
C06009,True,001102G,CRICOS,Added or Changed
C06009,True,001102G,CRICOS,Added or Changed
C06009,True,001102G,CRICOS,Added or Changed
C06009,True,001102G,CRICOS,Added or Changed
C06009,True,001102G,CRICOS,Added or Changed
C06009,True,001102G,CRICOS,Added or Changed
C06009,True,001102G,CRICOS,Added or Changed
C06017,True,046112A,CRICOS,Added or Changed
C06017,True,046112A,CRICOS,Added or Changed
C06017,True,046112A,CRICOS,Added or Changed
C06017,True,046112A,CRICOS,Added or Changed
C06017,True,046112A,CRICOS,Added or Changed
C06017,True,046112A,CRICOS,Added or Changed
C06017,True,046112A,CRICOS,Added or Changed
C06017,True,046112A,CRICOS,Added or Changed
C06017,True,046112A,CRICOS,Added or Changed
C06033,True,087648G,CRICOS,Added or Changed
C06033,True,087648G,CRICOS,Added or Changed
C06033,True,087648G,CRICOS,Added or Changed
C06033,True,087648G,CRICOS,Added or Changed
C06100,True,075569E,CRICOS,Added or Changed
C06100,True,075569E,CRICOS,Added or Changed
C06100,True,075569E,CRICOS,Added or Changed
C06100,True,075569E,CRICOS,Added or Changed
C06108,True,109000F,CRICOS,Added or Changed
C06108,True,109000F,CRICOS,Added or Changed
C06108,True,109000F,CRICOS,Added or Changed
C06108,True,109000F,CRICOS,Added or Changed
C06108,True,109000F,CRICOS,Added or Changed
C06108,True,109000F,CRICOS,Added or Changed
C06108,True,109000F,CRICOS,Added or Changed
C06108,True,109000F,CRICOS,Added or Changed
C06108,True,109000F,CRICOS,Added or Changed
C06108,True,109000F,CRICOS,Added or Changed
C06108,True,109000F,CRICOS,Added or Changed
C06108,True,109000F,CRICOS,Added or Changed
C06108,True,109000F,CRICOS,Added or Changed
C06108,True,109000F,CRICOS,Added or Changed
C06108,True,109000F,CRICOS,Added or Changed
C06108,True,109000F,CRICOS,Added or Changed
C06108,True,109000F,CRICOS,Added or Changed
C06108,True,109000F,CRICOS,Added or Changed
C06108,True,109000F,CRICOS,Added or Changed
C06108,True,109000F,CRICOS,Added or Changed
C06108,True,109000F,CRICOS,Added or Changed
C06108,True,109000F,CRICOS,Added or Changed
C06110,True,109001E,CRICOS,Added or Changed
C06110,True,109001E,CRICOS,Added or Changed
C06110,True,109001E,CRICOS,Added or Changed
C06110,True,109001E,CRICOS,Added or Changed
C06110,True,109001E,CRICOS,Added or Changed
C06110,True,109001E,CRICOS,Added or Changed
C06110,True,109001E,CRICOS,Added or Changed
C06110,True,109001E,CRICOS,Added or Changed
C06110,True,109001E,CRICOS,Added or Changed
C06110,True,109001E,CRICOS,Added or Changed
C06110,True,109001E,CRICOS,Added or Changed
C06110,True,109001E,CRICOS,Added or Changed
C06110,True,109001E,CRICOS,Added or Changed
C06110,True,109001E,CRICOS,Added or Changed
C06110,True,109001E,CRICOS,Added or Changed
C06110,True,109001E,CRICOS,Added or Changed
C06110,True,109001E,CRICOS,Added or Changed
C06110,True,109001E,CRICOS,Added or Changed
C06110,True,109001E,CRICOS,Added or Changed
C06110,True,109001E,CRICOS,Added or Changed
C06110,True,109001E,CRICOS,Added or Changed
C06110,True,109001E,CRICOS,Added or Changed
C06113,True,084253F,CRICOS,Added or Changed
C06113,True,084253F,CRICOS,Added or Changed
C06113,True,084253F,CRICOS,Added or Changed
C06113,True,084253F,CRICOS,Added or Changed
C06113,True,084253F,CRICOS,Added or Changed
C06113,True,084253F,CRICOS,Added or Changed
C06113,True,084253F,CRICOS,Added or Changed
C06113,True,084253F,CRICOS,Added or Changed
C06113,True,084253F,CRICOS,Added or Changed
C06113,True,084253F,CRICOS,Added or Changed
C06113,True,084253F,CRICOS,Added or Changed
C06113,True,084253F,CRICOS,Added or Changed
C06113,True,084253F,CRICOS,Added or Changed
C06113,True,084253F,CRICOS,Added or Changed
C06113,True,084253F,CRICOS,Added or Changed
C06113,True,084253F,CRICOS,Added or Changed
C06113,True,084253F,CRICOS,Added or Changed
C06113,True,084253F,CRICOS,Added or Changed
C06113,True,084253F,CRICOS,Added or Changed
C06115,True,084262E,CRICOS,Added or Changed
C06115,True,084262E,CRICOS,Added or Changed
C06115,True,084262E,CRICOS,Added or Changed
C06115,True,084262E,CRICOS,Added or Changed
C06115,True,084262E,CRICOS,Added or Changed
C06115,True,084262E,CRICOS,Added or Changed
C06115,True,084262E,CRICOS,Added or Changed
C06115,True,084262E,CRICOS,Added or Changed
C06115,True,084262E,CRICOS,Added or Changed
C06115,True,084262E,CRICOS,Added or Changed
C06115,True,084262E,CRICOS,Added or Changed
C06115,True,084262E,CRICOS,Added or Changed
C06116,True,088013A,CRICOS,Added or Changed
C06116,True,088013A,CRICOS,Added or Changed
C06116,True,088013A,CRICOS,Added or Changed
C06116,True,088013A,CRICOS,Added or Changed
C06116,True,088013A,CRICOS,Added or Changed
C06116,True,088013A,CRICOS,Added or Changed
C06116,True,088013A,CRICOS,Added or Changed
C06116,True,088013A,CRICOS,Added or Changed
C06116,True,088013A,CRICOS,Added or Changed
C06116,True,088013A,CRICOS,Added or Changed
C06123,True,096326F,CRICOS,Added or Changed
C06123,True,096326F,CRICOS,Added or Changed
C06123,True,096326F,CRICOS,Added or Changed
C06123,True,096326F,CRICOS,Added or Changed
C06123,True,096326F,CRICOS,Added or Changed
C06123,True,096326F,CRICOS,Added or Changed
C06123,True,096326F,CRICOS,Added or Changed
C06123,True,096326F,CRICOS,Added or Changed
C06123,True,096326F,CRICOS,Added or Changed
C06123,True,096326F,CRICOS,Added or Changed
C06123,True,096326F,CRICOS,Added or Changed
C06123,True,096326F,CRICOS,Added or Changed
C06123,True,096326F,CRICOS,Added or Changed
C06123,True,096326F,CRICOS,Added or Changed
C06123,True,096326F,CRICOS,Added or Changed
C06123,True,096326F,CRICOS,Added or Changed
C06124,True,084267M,CRICOS,Added or Changed
C06124,True,084267M,CRICOS,Added or Changed
C06124,True,084267M,CRICOS,Added or Changed
C06124,True,084267M,CRICOS,Added or Changed
C06124,True,084267M,CRICOS,Added or Changed
C06124,True,084267M,CRICOS,Added or Changed
C06124,True,084267M,CRICOS,Added or Changed
C06124,True,084267M,CRICOS,Added or Changed
C06124,True,084267M,CRICOS,Added or Changed
C06124,True,084267M,CRICOS,Added or Changed
C06124,True,084267M,CRICOS,Added or Changed
C06125,True,098385A,CRICOS,Added or Changed
C06125,True,098385A,CRICOS,Added or Changed
C06125,True,098385A,CRICOS,Added or Changed
C06125,True,098385A,CRICOS,Added or Changed
C06125,True,098385A,CRICOS,Added or Changed
C06125,True,098385A,CRICOS,Added or Changed
C06125,True,098385A,CRICOS,Added or Changed
C06125,True,098385A,CRICOS,Added or Changed
C06125,True,098385A,CRICOS,Added or Changed
C06125,True,098385A,CRICOS,Added or Changed
C06126,True,098505J,CRICOS,Added or Changed
C06126,True,098505J,CRICOS,Added or Changed
C06126,True,098505J,CRICOS,Added or Changed
C06126,True,098505J,CRICOS,Added or Changed
C06126,True,098505J,CRICOS,Added or Changed
C06126,True,098505J,CRICOS,Added or Changed
C06126,True,098505J,CRICOS,Added or Changed
C06126,True,098505J,CRICOS,Added or Changed
C06127,True,098053K,CRICOS,Added or Changed
C06127,True,098053K,CRICOS,Added or Changed
C06127,True,098053K,CRICOS,Added or Changed
C06127,True,098053K,CRICOS,Added or Changed
C06127,True,098053K,CRICOS,Added or Changed
C06127,True,098053K,CRICOS,Added or Changed
C06127,True,098053K,CRICOS,Added or Changed
C06127,True,098053K,CRICOS,Added or Changed
C06127,True,098053K,CRICOS,Added or Changed
C06127,True,098053K,CRICOS,Added or Changed
C06127,True,098053K,CRICOS,Added or Changed
C06127,True,098053K,CRICOS,Added or Changed
C06127,True,098053K,CRICOS,Added or Changed
C06127,True,098053K,CRICOS,Added or Changed
C06129,True,098388J,CRICOS,Added or Changed
C06129,True,098388J,CRICOS,Added or Changed
C06129,True,098388J,CRICOS,Added or Changed
C06129,True,098388J,CRICOS,Added or Changed
C06129,True,098388J,CRICOS,Added or Changed
C06129,True,098388J,CRICOS,Added or Changed
C06129,True,098388J,CRICOS,Added or Changed
C06129,True,098388J,CRICOS,Added or Changed
C06129,True,098388J,CRICOS,Added or Changed
C06129,True,098388J,CRICOS,Added or Changed
C06129,True,098388J,CRICOS,Added or Changed
C06129,True,098388J,CRICOS,Added or Changed
C06129,True,098388J,CRICOS,Added or Changed
C06129,True,098388J,CRICOS,Added or Changed
C06130,True,098166A,CRICOS,Added or Changed
C06130,True,098166A,CRICOS,Added or Changed
C06130,True,098166A,CRICOS,Added or Changed
C06130,True,098166A,CRICOS,Added or Changed
C06130,True,098166A,CRICOS,Added or Changed
C06130,True,098166A,CRICOS,Added or Changed
C06130,True,098166A,CRICOS,Added or Changed
C06130,True,098166A,CRICOS,Added or Changed
C06130,True,098166A,CRICOS,Added or Changed
C06130,True,098166A,CRICOS,Added or Changed
C06130,True,098166A,CRICOS,Added or Changed
C06130,True,098166A,CRICOS,Added or Changed
C06130,True,098166A,CRICOS,Added or Changed
C06130,True,098166A,CRICOS,Added or Changed
C06136,True,0101147,CRICOS,Added or Changed
C06136,True,0101147,CRICOS,Added or Changed
C06136,True,0101147,CRICOS,Added or Changed
C06136,True,0101147,CRICOS,Added or Changed
C06136,True,0101147,CRICOS,Added or Changed
C06136,True,0101147,CRICOS,Added or Changed
C06136,True,0101147,CRICOS,Added or Changed
C06136,True,0101147,CRICOS,Added or Changed
C06137,True,0101143,CRICOS,Added or Changed
C06137,True,0101143,CRICOS,Added or Changed
C06137,True,0101143,CRICOS,Added or Changed
C06137,True,0101143,CRICOS,Added or Changed
C06137,True,0101143,CRICOS,Added or Changed
C06137,True,0101143,CRICOS,Added or Changed
C06137,True,0101143,CRICOS,Added or Changed
C06137,True,0101143,CRICOS,Added or Changed
C06147,True,108844C,CRICOS,Added or Changed
C06147,True,108844C,CRICOS,Added or Changed
C06147,True,108844C,CRICOS,Added or Changed
C06147,True,108844C,CRICOS,Added or Changed
C06147,True,108844C,CRICOS,Added or Changed
C06147,True,108844C,CRICOS,Added or Changed
C06147,True,108844C,CRICOS,Added or Changed
C07002,True,088876J,CRICOS,Added or Changed
C07002,True,088876J,CRICOS,Added or Changed
C07002,True,088876J,CRICOS,Added or Changed
C07002,True,088876J,CRICOS,Added or Changed
C07002,True,088876J,CRICOS,Added or Changed
C07002,True,088876J,CRICOS,Added or Changed
C07002,True,088876J,CRICOS,Added or Changed
C07002,True,088876J,CRICOS,Added or Changed
C07002,True,088876J,CRICOS,Added or Changed
C07002,True,088876J,CRICOS,Added or Changed
C07004,True,109002D,CRICOS,Added or Changed
C07004,True,109002D,CRICOS,Added or Changed
C07004,True,109002D,CRICOS,Added or Changed
C07004,True,109002D,CRICOS,Added or Changed
C07004,True,109002D,CRICOS,Added or Changed
C07004,True,109002D,CRICOS,Added or Changed
C07004,True,109002D,CRICOS,Added or Changed
C07004,True,109002D,CRICOS,Added or Changed
C07004,True,109002D,CRICOS,Added or Changed
C07004,True,109002D,CRICOS,Added or Changed
C07004,True,109002D,CRICOS,Added or Changed
C07004,True,109002D,CRICOS,Added or Changed
C07004,True,109002D,CRICOS,Added or Changed
C07004,True,109002D,CRICOS,Added or Changed
C07012,True,020411D,CRICOS,Added or Changed
C07012,True,020411D,CRICOS,Added or Changed
C07012,True,020411D,CRICOS,Added or Changed
C07012,True,020411D,CRICOS,Added or Changed
C07012,True,020411D,CRICOS,Added or Changed
C07012,True,020411D,CRICOS,Added or Changed
C07012,True,020411D,CRICOS,Added or Changed
C07012,True,020411D,CRICOS,Added or Changed
C07012,True,020411D,CRICOS,Added or Changed
C07018,True,009678C,CRICOS,Added or Changed
C07018,True,009678C,CRICOS,Added or Changed
C07018,True,009678C,CRICOS,Added or Changed
C07018,True,009678C,CRICOS,Added or Changed
C07018,True,009678C,CRICOS,Added or Changed
C07018,True,009678C,CRICOS,Added or Changed
C07018,True,009678C,CRICOS,Added or Changed
C07018,True,009678C,CRICOS,Added or Changed
C07018,True,009678C,CRICOS,Added or Changed
C07019,True,032341C,CRICOS,Added or Changed
C07019,True,032341C,CRICOS,Added or Changed
C07019,True,032341C,CRICOS,Added or Changed
C07019,True,032341C,CRICOS,Added or Changed
C07019,True,032341C,CRICOS,Added or Changed
C07019,True,032341C,CRICOS,Added or Changed
C07019,True,032341C,CRICOS,Added or Changed
C07019,True,032341C,CRICOS,Added or Changed
C07019,True,032341C,CRICOS,Added or Changed
C07021,True,020210B,CRICOS,Added or Changed
C07021,True,020210B,CRICOS,Added or Changed
C07021,True,020210B,CRICOS,Added or Changed
C07021,True,020210B,CRICOS,Added or Changed
C07029,True,014223C,CRICOS,Added or Changed
C07029,True,014223C,CRICOS,Added or Changed
C07029,True,014223C,CRICOS,Added or Changed
C07029,True,014223C,CRICOS,Added or Changed
C07029,True,014223C,CRICOS,Added or Changed
C07029,True,014223C,CRICOS,Added or Changed
C07029,True,014223C,CRICOS,Added or Changed
C07029,True,014223C,CRICOS,Added or Changed
C07029,True,014223C,CRICOS,Added or Changed
C07073,True,016613F,CRICOS,Added or Changed
C07073,True,016613F,CRICOS,Added or Changed
C07073,True,016613F,CRICOS,Added or Changed
C07073,True,016613F,CRICOS,Added or Changed
C07073,True,016613F,CRICOS,Added or Changed
C07073,True,016613F,CRICOS,Added or Changed
C07073,True,016613F,CRICOS,Added or Changed
C07073,True,016613F,CRICOS,Added or Changed
C07073,True,016613F,CRICOS,Added or Changed
C07073,True,016613F,CRICOS,Added or Changed
C07073,True,016613F,CRICOS,Added or Changed
C07073,True,016613F,CRICOS,Added or Changed
C07073,True,016613F,CRICOS,Added or Changed
C07073,True,016613F,CRICOS,Added or Changed
C07073,True,016613F,CRICOS,Added or Changed
C07073,True,016613F,CRICOS,Added or Changed
C07073,True,016613F,CRICOS,Added or Changed
C07073,True,016613F,CRICOS,Added or Changed
C07073,True,016613F,CRICOS,Added or Changed
C07073,True,016613F,CRICOS,Added or Changed
C07073,True,016613F,CRICOS,Added or Changed
C07073,True,016613F,CRICOS,Added or Changed
C07073,True,016613F,CRICOS,Added or Changed
C07073,True,016613F,CRICOS,Added or Changed
C07113,True,055276F,CRICOS,Added or Changed
C07113,True,055276F,CRICOS,Added or Changed
C07113,True,055276F,CRICOS,Added or Changed
C07113,True,055276F,CRICOS,Added or Changed
C07113,True,055276F,CRICOS,Added or Changed
C07113,True,055276F,CRICOS,Added or Changed
C07113,True,055276F,CRICOS,Added or Changed
C07113,True,055276F,CRICOS,Added or Changed
C07113,True,055276F,CRICOS,Added or Changed
C07119,True,071750G,CRICOS,Added or Changed
C07119,True,071750G,CRICOS,Added or Changed
C07119,True,071750G,CRICOS,Added or Changed
C07119,True,071750G,CRICOS,Added or Changed
C07119,True,071750G,CRICOS,Added or Changed
C07119,True,071750G,CRICOS,Added or Changed
C07119,True,071750G,CRICOS,Added or Changed
C07119,True,071750G,CRICOS,Added or Changed
C07119,True,071750G,CRICOS,Added or Changed
C07119,True,071750G,CRICOS,Added or Changed
C07122,True,080597C,CRICOS,Added or Changed
C07122,True,080597C,CRICOS,Added or Changed
C07122,True,080597C,CRICOS,Added or Changed
C07122,True,080597C,CRICOS,Added or Changed
C07122,True,080597C,CRICOS,Added or Changed
C07122,True,080597C,CRICOS,Added or Changed
C07122,True,080597C,CRICOS,Added or Changed
C07122,True,080597C,CRICOS,Added or Changed
C07122,True,080597C,CRICOS,Added or Changed
C07122,True,080597C,CRICOS,Added or Changed
C07122,True,080597C,CRICOS,Added or Changed
C07122,True,080597C,CRICOS,Added or Changed
C07122,True,080597C,CRICOS,Added or Changed
C07122,True,080597C,CRICOS,Added or Changed
C07122,True,080597C,CRICOS,Added or Changed
C07122,True,080597C,CRICOS,Added or Changed
C07122,True,080597C,CRICOS,Added or Changed
C07122,True,080597C,CRICOS,Added or Changed
C07122,True,080597C,CRICOS,Added or Changed
C07122,True,080597C,CRICOS,Added or Changed
C07122,True,080597C,CRICOS,Added or Changed
C07122,True,080597C,CRICOS,Added or Changed
C07122,True,080597C,CRICOS,Added or Changed
C07122,True,080597C,CRICOS,Added or Changed
C07122,True,080597C,CRICOS,Added or Changed
C07129,True,055275G,CRICOS,Added or Changed
C07129,True,055275G,CRICOS,Added or Changed
C07129,True,055275G,CRICOS,Added or Changed
C07129,True,055275G,CRICOS,Added or Changed
C07129,True,055275G,CRICOS,Added or Changed
C07129,True,055275G,CRICOS,Added or Changed
C07129,True,055275G,CRICOS,Added or Changed
C07132,True,088932F,CRICOS,Added or Changed
C07135,True,098048G,CRICOS,Added or Changed
C07135,True,098048G,CRICOS,Added or Changed
C07135,True,098048G,CRICOS,Added or Changed
C07135,True,098048G,CRICOS,Added or Changed
C07136,True,098058E,CRICOS,Added or Changed
C07136,True,098058E,CRICOS,Added or Changed
C07136,True,098058E,CRICOS,Added or Changed
C07136,True,098058E,CRICOS,Added or Changed
C07137,True,098063G,CRICOS,Added or Changed
C07137,True,098063G,CRICOS,Added or Changed
C07137,True,098063G,CRICOS,Added or Changed
C07137,True,098063G,CRICOS,Added or Changed
C07137,True,098063G,CRICOS,Added or Changed
C07137,True,098063G,CRICOS,Added or Changed
C07137,True,098063G,CRICOS,Added or Changed
C07137,True,098063G,CRICOS,Added or Changed
C07137,True,098063G,CRICOS,Added or Changed
C07137,True,098063G,CRICOS,Added or Changed
C07137,True,098063G,CRICOS,Added or Changed
C07137,True,098063G,CRICOS,Added or Changed
C07138,True,0100399,CRICOS,Added or Changed
C07138,True,0100399,CRICOS,Added or Changed
C07138,True,0100399,CRICOS,Added or Changed
C07138,True,0100399,CRICOS,Added or Changed
C07138,True,0100399,CRICOS,Added or Changed
C07138,True,0100399,CRICOS,Added or Changed
C07138,True,0100399,CRICOS,Added or Changed
C07138,True,0100399,CRICOS,Added or Changed
C07140,True,098415M,CRICOS,Added or Changed
C07140,True,098415M,CRICOS,Added or Changed
C07140,True,098415M,CRICOS,Added or Changed
C07140,True,098415M,CRICOS,Added or Changed
C07140,True,098415M,CRICOS,Added or Changed
C07140,True,098415M,CRICOS,Added or Changed
C07140,True,098415M,CRICOS,Added or Changed
C07140,True,098415M,CRICOS,Added or Changed
C07140,True,098415M,CRICOS,Added or Changed
C07140,True,098415M,CRICOS,Added or Changed
C07141,True,098503M,CRICOS,Added or Changed
C07141,True,098503M,CRICOS,Added or Changed
C07141,True,098503M,CRICOS,Added or Changed
C07141,True,098503M,CRICOS,Added or Changed
C07141,True,098503M,CRICOS,Added or Changed
C07141,True,098503M,CRICOS,Added or Changed
C07141,True,098503M,CRICOS,Added or Changed
C07141,True,098503M,CRICOS,Added or Changed
C07141,True,098503M,CRICOS,Added or Changed
C07141,True,098503M,CRICOS,Added or Changed
C07141,True,098503M,CRICOS,Added or Changed
C07141,True,098503M,CRICOS,Added or Changed
C07141,True,098503M,CRICOS,Added or Changed
C07141,True,098503M,CRICOS,Added or Changed
C07142,True,107948C,CRICOS,Added or Changed
C07142,True,107948C,CRICOS,Added or Changed
C07142,True,107948C,CRICOS,Added or Changed
C07142,True,107948C,CRICOS,Added or Changed
C07142,True,107948C,CRICOS,Added or Changed
C07142,True,107948C,CRICOS,Added or Changed
C07142,True,107948C,CRICOS,Added or Changed
C07142,True,107948C,CRICOS,Added or Changed
C07142,True,107948C,CRICOS,Added or Changed
C07142,True,107948C,CRICOS,Added or Changed
C07147,True,107468H,CRICOS,Added or Changed
C07147,True,107468H,CRICOS,Added or Changed
C07147,True,107468H,CRICOS,Added or Changed
C07147,True,107468H,CRICOS,Added or Changed
C07147,True,107468H,CRICOS,Added or Changed
C07147,True,107468H,CRICOS,Added or Changed
C07147,True,107468H,CRICOS,Added or Changed
C07147,True,107468H,CRICOS,Added or Changed
C07152,True,pending,CRICOS,Added or Changed
C07152,True,pending,CRICOS,Added or Changed
C07152,True,pending,CRICOS,Added or Changed
C07152,True,pending,CRICOS,Added or Changed
C09004,True,015933J,CRICOS,Added or Changed
C09004,True,015933J,CRICOS,Added or Changed
C09004,True,015933J,CRICOS,Added or Changed
C09004,True,015933J,CRICOS,Added or Changed
C09018,True,015936F,CRICOS,Added or Changed
C09018,True,015936F,CRICOS,Added or Changed
C09018,True,015936F,CRICOS,Added or Changed
C09018,True,015936F,CRICOS,Added or Changed
C09018,True,015936F,CRICOS,Added or Changed
C09018,True,015936F,CRICOS,Added or Changed
C09018,True,015936F,CRICOS,Added or Changed
C09018,True,015936F,CRICOS,Added or Changed
C09018,True,015936F,CRICOS,Added or Changed
C09018,True,015936F,CRICOS,Added or Changed
C09018,True,015936F,CRICOS,Added or Changed
C09018,True,015936F,CRICOS,Added or Changed
C09018,True,015936F,CRICOS,Added or Changed
C09018,True,015936F,CRICOS,Added or Changed
C09018,True,015936F,CRICOS,Added or Changed
C09018,True,015936F,CRICOS,Added or Changed
C09018,True,015936F,CRICOS,Added or Changed
C09018,True,015936F,CRICOS,Added or Changed
C09019,True,046619G,CRICOS,Added or Changed
C09019,True,046619G,CRICOS,Added or Changed
C09019,True,046619G,CRICOS,Added or Changed
C09019,True,046619G,CRICOS,Added or Changed
C09019,True,046619G,CRICOS,Added or Changed
C09019,True,046619G,CRICOS,Added or Changed
C09031,True,040706A,CRICOS,Added or Changed
C09031,True,040706A,CRICOS,Added or Changed
C09031,True,040706A,CRICOS,Added or Changed
C09031,True,040706A,CRICOS,Added or Changed
C09031,True,040706A,CRICOS,Added or Changed
C09031,True,040706A,CRICOS,Added or Changed
C09047,True,088589E,CRICOS,Added or Changed
C09047,True,088589E,CRICOS,Added or Changed
C09047,True,088589E,CRICOS,Added or Changed
C09047,True,088589E,CRICOS,Added or Changed
C09047,True,088589E,CRICOS,Added or Changed
C09048,True,044180E,CRICOS,Added or Changed
C09048,True,044180E,CRICOS,Added or Changed
C09048,True,044180E,CRICOS,Added or Changed
C09048,True,044180E,CRICOS,Added or Changed
C09048,True,044180E,CRICOS,Added or Changed
C09049,True,098041C,CRICOS,Added or Changed
C09049,True,098041C,CRICOS,Added or Changed
C09049,True,098041C,CRICOS,Added or Changed
C09049,True,098041C,CRICOS,Added or Changed
C09055,True,071630D,CRICOS,Added or Changed
C09055,True,071630D,CRICOS,Added or Changed
C09055,True,071630D,CRICOS,Added or Changed
C09055,True,071630D,CRICOS,Added or Changed
C09055,True,071630D,CRICOS,Added or Changed
C09055,True,071630D,CRICOS,Added or Changed
C09055,True,071630D,CRICOS,Added or Changed
C09055,True,071630D,CRICOS,Added or Changed
C09057,True,043289M,CRICOS,Added or Changed
C09057,True,043289M,CRICOS,Added or Changed
C09057,True,043289M,CRICOS,Added or Changed
C09057,True,043289M,CRICOS,Added or Changed
C09057,True,043289M,CRICOS,Added or Changed
C09057,True,043289M,CRICOS,Added or Changed
C09057,True,043289M,CRICOS,Added or Changed
C09057,True,043289M,CRICOS,Added or Changed
C09057,True,043289M,CRICOS,Added or Changed
C09057,True,043289M,CRICOS,Added or Changed
C09057,True,043289M,CRICOS,Added or Changed
C09057,True,043289M,CRICOS,Added or Changed
C09057,True,043289M,CRICOS,Added or Changed
C09057,True,043289M,CRICOS,Added or Changed
C09057,True,043289M,CRICOS,Added or Changed
C09057,True,043289M,CRICOS,Added or Changed
C09057,True,043289M,CRICOS,Added or Changed
C09057,True,043289M,CRICOS,Added or Changed
C09057,True,043289M,CRICOS,Added or Changed
C09066,True,084098A,CRICOS,Added or Changed
C09066,True,084098A,CRICOS,Added or Changed
C09066,True,084098A,CRICOS,Added or Changed
C09066,True,084098A,CRICOS,Added or Changed
C09066,True,084098A,CRICOS,Added or Changed
C09066,True,084098A,CRICOS,Added or Changed
C09067,True,084099M,CRICOS,Added or Changed
C09067,True,084099M,CRICOS,Added or Changed
C09067,True,084099M,CRICOS,Added or Changed
C09067,True,084099M,CRICOS,Added or Changed
C09067,True,084099M,CRICOS,Added or Changed
C09067,True,084099M,CRICOS,Added or Changed
C09067,True,084099M,CRICOS,Added or Changed
C09070,True,084091G,CRICOS,Added or Changed
C09070,True,084091G,CRICOS,Added or Changed
C09070,True,084091G,CRICOS,Added or Changed
C09070,True,084091G,CRICOS,Added or Changed
C09070,True,084091G,CRICOS,Added or Changed
C09070,True,084091G,CRICOS,Added or Changed
C09071,True,084092G,CRICOS,Added or Changed
C09071,True,084092G,CRICOS,Added or Changed
C09071,True,084092G,CRICOS,Added or Changed
C09071,True,084092G,CRICOS,Added or Changed
C09071,True,084092G,CRICOS,Added or Changed
C09071,True,084092G,CRICOS,Added or Changed
C09072,True,084093F,CRICOS,Added or Changed
C09072,True,084093F,CRICOS,Added or Changed
C09072,True,084093F,CRICOS,Added or Changed
C09072,True,084093F,CRICOS,Added or Changed
C09072,True,084093F,CRICOS,Added or Changed
C09072,True,084093F,CRICOS,Added or Changed
C09072,True,084093F,CRICOS,Added or Changed
C09072,True,084093F,CRICOS,Added or Changed
C09073,True,084094E,CRICOS,Added or Changed
C09073,True,084094E,CRICOS,Added or Changed
C09073,True,084094E,CRICOS,Added or Changed
C09073,True,084094E,CRICOS,Added or Changed
C09073,True,084094E,CRICOS,Added or Changed
C09073,True,084094E,CRICOS,Added or Changed
C09074,True,084095D,CRICOS,Added or Changed
C09074,True,084095D,CRICOS,Added or Changed
C09074,True,084095D,CRICOS,Added or Changed
C09074,True,084095D,CRICOS,Added or Changed
C09074,True,084095D,CRICOS,Added or Changed
C09074,True,084095D,CRICOS,Added or Changed
C09074,True,084095D,CRICOS,Added or Changed
C09074,True,084095D,CRICOS,Added or Changed
C09075,True,084096C,CRICOS,Added or Changed
C09075,True,084096C,CRICOS,Added or Changed
C09075,True,084096C,CRICOS,Added or Changed
C09075,True,084096C,CRICOS,Added or Changed
C09075,True,084096C,CRICOS,Added or Changed
C09075,True,084096C,CRICOS,Added or Changed
C09076,True,084097B,CRICOS,Added or Changed
C09076,True,084097B,CRICOS,Added or Changed
C09076,True,084097B,CRICOS,Added or Changed
C09076,True,084097B,CRICOS,Added or Changed
C09076,True,084097B,CRICOS,Added or Changed
C09076,True,084097B,CRICOS,Added or Changed
C09079,True,080270D,CRICOS,Added or Changed
C09079,True,080270D,CRICOS,Added or Changed
C09079,True,080270D,CRICOS,Added or Changed
C09079,True,080270D,CRICOS,Added or Changed
C09079,True,080270D,CRICOS,Added or Changed
C09079,True,080270D,CRICOS,Added or Changed
C09079,True,080270D,CRICOS,Added or Changed
C09079,True,080270D,CRICOS,Added or Changed
C09079,True,080270D,CRICOS,Added or Changed
C09079,True,080270D,CRICOS,Added or Changed
C09079,True,080270D,CRICOS,Added or Changed
C09079,True,080270D,CRICOS,Added or Changed
C09079,True,080270D,CRICOS,Added or Changed
C09081,True,085890B,CRICOS,Added or Changed
C09081,True,085890B,CRICOS,Added or Changed
C09081,True,085890B,CRICOS,Added or Changed
C09100,True,092385E,CRICOS,Added or Changed
C09100,True,092385E,CRICOS,Added or Changed
C09100,True,092385E,CRICOS,Added or Changed
C09100,True,092385E,CRICOS,Added or Changed
C09100,True,092385E,CRICOS,Added or Changed
C09100,True,092385E,CRICOS,Added or Changed
C09100,True,092385E,CRICOS,Added or Changed
C09100,True,092385E,CRICOS,Added or Changed
C09119,True,092896D,CRICOS,Added or Changed
C09119,True,092896D,CRICOS,Added or Changed
C09119,True,092896D,CRICOS,Added or Changed
C09119,True,092896D,CRICOS,Added or Changed
C09119,True,092896D,CRICOS,Added or Changed
C09119,True,092896D,CRICOS,Added or Changed
C09119,True,092896D,CRICOS,Added or Changed
C09119,True,092896D,CRICOS,Added or Changed
C09119,True,092896D,CRICOS,Added or Changed
C09122,True,0100449,CRICOS,Added or Changed
C09122,True,0100449,CRICOS,Added or Changed
C09123,True,0100570,CRICOS,Added or Changed
C09123,True,0100570,CRICOS,Added or Changed
C09123,True,0100570,CRICOS,Added or Changed
C09124,True,0100571,CRICOS,Added or Changed
C09124,True,0100571,CRICOS,Added or Changed
C09124,True,0100571,CRICOS,Added or Changed
C09129,True,106662C,CRICOS,Added or Changed
C09129,True,106662C,CRICOS,Added or Changed
C09129,True,106662C,CRICOS,Added or Changed
C09129,True,106662C,CRICOS,Added or Changed
C09129,True,106662C,CRICOS,Added or Changed
C09129,True,106662C,CRICOS,Added or Changed
C09129,True,106662C,CRICOS,Added or Changed
C09129,True,106662C,CRICOS,Added or Changed
C09130,True,107053J,CRICOS,Added or Changed
C09130,True,107053J,CRICOS,Added or Changed
C09130,True,107053J,CRICOS,Added or Changed
C09130,True,107053J,CRICOS,Added or Changed
C09131,True,107049E,CRICOS,Added or Changed
C09131,True,107049E,CRICOS,Added or Changed
C09132,True,106929C,CRICOS,Added or Changed
C09132,True,106929C,CRICOS,Added or Changed
C09132,True,106929C,CRICOS,Added or Changed
C09132,True,106929C,CRICOS,Added or Changed
C09132,True,106929C,CRICOS,Added or Changed
C09132,True,106929C,CRICOS,Added or Changed
C09132,True,106929C,CRICOS,Added or Changed
C09132,True,106929C,CRICOS,Added or Changed
C09133,True,106918F,CRICOS,Added or Changed
C09133,True,106918F,CRICOS,Added or Changed
C09133,True,106918F,CRICOS,Added or Changed
C09133,True,106918F,CRICOS,Added or Changed
C09134,True,106930K,CRICOS,Added or Changed
C09134,True,106930K,CRICOS,Added or Changed
C09134,True,106930K,CRICOS,Added or Changed
C09134,True,106930K,CRICOS,Added or Changed
C09134,True,106930K,CRICOS,Added or Changed
C09134,True,106930K,CRICOS,Added or Changed
C09134,True,106930K,CRICOS,Added or Changed
C09134,True,106930K,CRICOS,Added or Changed
C09135,True,106931J,CRICOS,Added or Changed
C09135,True,106931J,CRICOS,Added or Changed
C09135,True,106931J,CRICOS,Added or Changed
C09135,True,106931J,CRICOS,Added or Changed
C09135,True,106931J,CRICOS,Added or Changed
C09135,True,106931J,CRICOS,Added or Changed
C09135,True,106931J,CRICOS,Added or Changed
C09135,True,106931J,CRICOS,Added or Changed
C09136,True,106934F,CRICOS,Added or Changed
C09136,True,106934F,CRICOS,Added or Changed
C09136,True,106934F,CRICOS,Added or Changed
C09136,True,106934F,CRICOS,Added or Changed
C09136,True,106934F,CRICOS,Added or Changed
C09136,True,106934F,CRICOS,Added or Changed
C09136,True,106934F,CRICOS,Added or Changed
C09136,True,106934F,CRICOS,Added or Changed
C09137,True,106935E,CRICOS,Added or Changed
C09137,True,106935E,CRICOS,Added or Changed
C09137,True,106935E,CRICOS,Added or Changed
C09137,True,106935E,CRICOS,Added or Changed
C09137,True,106935E,CRICOS,Added or Changed
C09137,True,106935E,CRICOS,Added or Changed
C09137,True,106935E,CRICOS,Added or Changed
C09137,True,106935E,CRICOS,Added or Changed
C09138,True,106936D,CRICOS,Added or Changed
C09138,True,106936D,CRICOS,Added or Changed
C09138,True,106936D,CRICOS,Added or Changed
C09138,True,106936D,CRICOS,Added or Changed
C09138,True,106936D,CRICOS,Added or Changed
C09138,True,106936D,CRICOS,Added or Changed
C09138,True,106936D,CRICOS,Added or Changed
C09138,True,106936D,CRICOS,Added or Changed
C09139,True,106937C,CRICOS,Added or Changed
C09139,True,106937C,CRICOS,Added or Changed
C09139,True,106937C,CRICOS,Added or Changed
C09139,True,106937C,CRICOS,Added or Changed
C09139,True,106937C,CRICOS,Added or Changed
C09139,True,106937C,CRICOS,Added or Changed
C09139,True,106937C,CRICOS,Added or Changed
C09139,True,106937C,CRICOS,Added or Changed
C09140,True,106938B,CRICOS,Added or Changed
C09140,True,106938B,CRICOS,Added or Changed
C09140,True,106938B,CRICOS,Added or Changed
C09140,True,106938B,CRICOS,Added or Changed
C09140,True,106938B,CRICOS,Added or Changed
C09140,True,106938B,CRICOS,Added or Changed
C09140,True,106938B,CRICOS,Added or Changed
C09140,True,106938B,CRICOS,Added or Changed
C09141,True,106923J,CRICOS,Added or Changed
C09141,True,106923J,CRICOS,Added or Changed
C09141,True,106923J,CRICOS,Added or Changed
C09141,True,106923J,CRICOS,Added or Changed
C09141,True,106923J,CRICOS,Added or Changed
C09141,True,106923J,CRICOS,Added or Changed
C09142,True,106901D,CRICOS,Added or Changed
C09142,True,106901D,CRICOS,Added or Changed
C09142,True,106901D,CRICOS,Added or Changed
C09142,True,106901D,CRICOS,Added or Changed
C09142,True,106901D,CRICOS,Added or Changed
C09142,True,106901D,CRICOS,Added or Changed
C09142,True,106901D,CRICOS,Added or Changed
C09142,True,106901D,CRICOS,Added or Changed
C09143,True,106924H,CRICOS,Added or Changed
C09143,True,106924H,CRICOS,Added or Changed
C09143,True,106924H,CRICOS,Added or Changed
C09143,True,106924H,CRICOS,Added or Changed
C09144,True,106925G,CRICOS,Added or Changed
C09144,True,106925G,CRICOS,Added or Changed
C09144,True,106925G,CRICOS,Added or Changed
C09144,True,106925G,CRICOS,Added or Changed
C09144,True,106925G,CRICOS,Added or Changed
C09144,True,106925G,CRICOS,Added or Changed
C09144,True,106925G,CRICOS,Added or Changed
C09144,True,106925G,CRICOS,Added or Changed
C09145,True,106926F,CRICOS,Added or Changed
C09145,True,106926F,CRICOS,Added or Changed
C09145,True,106926F,CRICOS,Added or Changed
C09145,True,106926F,CRICOS,Added or Changed
C09146,True,106927E,CRICOS,Added or Changed
C09146,True,106927E,CRICOS,Added or Changed
C09146,True,106927E,CRICOS,Added or Changed
C09146,True,106927E,CRICOS,Added or Changed
C09147,True,106921M,CRICOS,Added or Changed
C09147,True,106921M,CRICOS,Added or Changed
C09147,True,106921M,CRICOS,Added or Changed
C09147,True,106921M,CRICOS,Added or Changed
C09147,True,106921M,CRICOS,Added or Changed
C09147,True,106921M,CRICOS,Added or Changed
C09148,True,106922K,CRICOS,Added or Changed
C09148,True,106922K,CRICOS,Added or Changed
C09148,True,106922K,CRICOS,Added or Changed
C09148,True,106922K,CRICOS,Added or Changed
C09148,True,106922K,CRICOS,Added or Changed
C09148,True,106922K,CRICOS,Added or Changed
C09149,True,106912A,CRICOS,Added or Changed
C09149,True,106912A,CRICOS,Added or Changed
C09150,True,106913M,CRICOS,Added or Changed
C09150,True,106913M,CRICOS,Added or Changed
C09150,True,106913M,CRICOS,Added or Changed
C09150,True,106913M,CRICOS,Added or Changed
C09151,True,106903B,CRICOS,Added or Changed
C09151,True,106903B,CRICOS,Added or Changed
C09151,True,106903B,CRICOS,Added or Changed
C09151,True,106903B,CRICOS,Added or Changed
C09151,True,106903B,CRICOS,Added or Changed
C09151,True,106903B,CRICOS,Added or Changed
C09151,True,106903B,CRICOS,Added or Changed
C09151,True,106903B,CRICOS,Added or Changed
C09152,True,106905M,CRICOS,Added or Changed
C09152,True,106905M,CRICOS,Added or Changed
C09152,True,106905M,CRICOS,Added or Changed
C09152,True,106905M,CRICOS,Added or Changed
C09152,True,106905M,CRICOS,Added or Changed
C09152,True,106905M,CRICOS,Added or Changed
C09152,True,106905M,CRICOS,Added or Changed
C09152,True,106905M,CRICOS,Added or Changed
C09153,True,106919E,CRICOS,Added or Changed
C09153,True,106919E,CRICOS,Added or Changed
C09153,True,106919E,CRICOS,Added or Changed
C09153,True,106919E,CRICOS,Added or Changed
C09153,True,106919E,CRICOS,Added or Changed
C09153,True,106919E,CRICOS,Added or Changed
C09153,True,106919E,CRICOS,Added or Changed
C09153,True,106919E,CRICOS,Added or Changed
C09155,True,106914K,CRICOS,Added or Changed
C09155,True,106914K,CRICOS,Added or Changed
C09156,True,106915J,CRICOS,Added or Changed
C09156,True,106915J,CRICOS,Added or Changed
C09157,True,106928D,CRICOS,Added or Changed
C09157,True,106928D,CRICOS,Added or Changed
C09157,True,106928D,CRICOS,Added or Changed
C09157,True,106928D,CRICOS,Added or Changed
C09157,True,106928D,CRICOS,Added or Changed
C09157,True,106928D,CRICOS,Added or Changed
C09157,True,106928D,CRICOS,Added or Changed
C09157,True,106928D,CRICOS,Added or Changed
C09158,True,111249G,CRICOS,Added or Changed
C09158,True,111249G,CRICOS,Added or Changed
C09158,True,111249G,CRICOS,Added or Changed
C09158,True,111249G,CRICOS,Added or Changed
C09158,True,111249G,CRICOS,Added or Changed
C09158,True,111249G,CRICOS,Added or Changed
C09159,True,106920A,CRICOS,Added or Changed
C09159,True,106920A,CRICOS,Added or Changed
C09159,True,106920A,CRICOS,Added or Changed
C09159,True,106920A,CRICOS,Added or Changed
C09159,True,106920A,CRICOS,Added or Changed
C09159,True,106920A,CRICOS,Added or Changed
C09160,True,106916H,CRICOS,Added or Changed
C09160,True,106916H,CRICOS,Added or Changed
C09162,True,106917G,CRICOS,Added or Changed
C09162,True,106917G,CRICOS,Added or Changed
C09162,True,106917G,CRICOS,Added or Changed
C09162,True,106917G,CRICOS,Added or Changed
C09162,True,106917G,CRICOS,Added or Changed
C09162,True,106917G,CRICOS,Added or Changed
C09163,True,106910C,CRICOS,Added or Changed
C09163,True,106910C,CRICOS,Added or Changed
C09163,True,106910C,CRICOS,Added or Changed
C09163,True,106910C,CRICOS,Added or Changed
C09164,True,106911B,CRICOS,Added or Changed
C09164,True,106911B,CRICOS,Added or Changed
C09164,True,106911B,CRICOS,Added or Changed
C09164,True,106911B,CRICOS,Added or Changed
C09164,True,106911B,CRICOS,Added or Changed
C09164,True,106911B,CRICOS,Added or Changed
C09164,True,106911B,CRICOS,Added or Changed
C09164,True,106911B,CRICOS,Added or Changed
C09166,True,110752M,CRICOS,Added or Changed
C09166,True,110752M,CRICOS,Added or Changed
C09166,True,110752M,CRICOS,Added or Changed
C09166,True,110752M,CRICOS,Added or Changed
C09166,True,110752M,CRICOS,Added or Changed
C09166,True,110752M,CRICOS,Added or Changed
C09167,True,110748G,CRICOS,Added or Changed
C09167,True,110748G,CRICOS,Added or Changed
C09167,True,110748G,CRICOS,Added or Changed
C09167,True,110748G,CRICOS,Added or Changed
C09167,True,110748G,CRICOS,Added or Changed
C09167,True,110748G,CRICOS,Added or Changed
C09168,True,110745K,CRICOS,Added or Changed
C09168,True,110745K,CRICOS,Added or Changed
C09168,True,110745K,CRICOS,Added or Changed
C09168,True,110745K,CRICOS,Added or Changed
C09168,True,110745K,CRICOS,Added or Changed
C09168,True,110745K,CRICOS,Added or Changed
C09169,True,113303A,CRICOS,Added or Changed
C09169,True,113303A,CRICOS,Added or Changed
C10004,True,044179J,CRICOS,Added or Changed
C10004,True,044179J,CRICOS,Added or Changed
C10004,True,044179J,CRICOS,Added or Changed
C10004,True,044179J,CRICOS,Added or Changed
C10004,True,044179J,CRICOS,Added or Changed
C10004,True,044179J,CRICOS,Added or Changed
C10004,True,044179J,CRICOS,Added or Changed
C10004,True,044179J,CRICOS,Added or Changed
C10004,True,044179J,CRICOS,Added or Changed
C10004,True,044179J,CRICOS,Added or Changed
C10004,True,044179J,CRICOS,Added or Changed
C10004,True,044179J,CRICOS,Added or Changed
C10004,True,044179J,CRICOS,Added or Changed
C10004,True,044179J,CRICOS,Added or Changed
C10004,True,044179J,CRICOS,Added or Changed
C10004,True,044179J,CRICOS,Added or Changed
C10020,True,026187C,CRICOS,Added or Changed
C10020,True,026187C,CRICOS,Added or Changed
C10020,True,026187C,CRICOS,Added or Changed
C10020,True,026187C,CRICOS,Added or Changed
C10026,True,006487A,CRICOS,Added or Changed
C10026,True,006487A,CRICOS,Added or Changed
C10026,True,006487A,CRICOS,Added or Changed
C10026,True,006487A,CRICOS,Added or Changed
C10066,True,033909D,CRICOS,Added or Changed
C10066,True,033909D,CRICOS,Added or Changed
C10066,True,033909D,CRICOS,Added or Changed
C10066,True,033909D,CRICOS,Added or Changed
C10066,True,033909D,CRICOS,Added or Changed
C10066,True,033909D,CRICOS,Added or Changed
C10122,True,019877B,CRICOS,Added or Changed
C10122,True,019877B,CRICOS,Added or Changed
C10122,True,019877B,CRICOS,Added or Changed
C10122,True,019877B,CRICOS,Added or Changed
C10122,True,019877B,CRICOS,Added or Changed
C10122,True,019877B,CRICOS,Added or Changed
C10122,True,019877B,CRICOS,Added or Changed
C10122,True,019877B,CRICOS,Added or Changed
C10122,True,019877B,CRICOS,Added or Changed
C10122,True,019877B,CRICOS,Added or Changed
C10122,True,019877B,CRICOS,Added or Changed
C10122,True,019877B,CRICOS,Added or Changed
C10123,True,026198M,CRICOS,Added or Changed
C10123,True,026198M,CRICOS,Added or Changed
C10123,True,026198M,CRICOS,Added or Changed
C10124,True,013614G,CRICOS,Added or Changed
C10124,True,013614G,CRICOS,Added or Changed
C10124,True,013614G,CRICOS,Added or Changed
C10124,True,013614G,CRICOS,Added or Changed
C10124,True,013614G,CRICOS,Added or Changed
C10124,True,013614G,CRICOS,Added or Changed
C10125,True,008756B,CRICOS,Added or Changed
C10125,True,008756B,CRICOS,Added or Changed
C10125,True,008756B,CRICOS,Added or Changed
C10125,True,008756B,CRICOS,Added or Changed
C10125,True,008756B,CRICOS,Added or Changed
C10125,True,008756B,CRICOS,Added or Changed
C10125,True,008756B,CRICOS,Added or Changed
C10125,True,008756B,CRICOS,Added or Changed
C10126,True,009473E,CRICOS,Added or Changed
C10126,True,009473E,CRICOS,Added or Changed
C10126,True,009473E,CRICOS,Added or Changed
C10126,True,009473E,CRICOS,Added or Changed
C10126,True,009473E,CRICOS,Added or Changed
C10126,True,009473E,CRICOS,Added or Changed
C10129,True,026195C,CRICOS,Added or Changed
C10129,True,026195C,CRICOS,Added or Changed
C10129,True,026195C,CRICOS,Added or Changed
C10129,True,026195C,CRICOS,Added or Changed
C10129,True,026195C,CRICOS,Added or Changed
C10131,True,025797G,CRICOS,Added or Changed
C10131,True,025797G,CRICOS,Added or Changed
C10131,True,025797G,CRICOS,Added or Changed
C10131,True,025797G,CRICOS,Added or Changed
C10131,True,025797G,CRICOS,Added or Changed
C10131,True,025797G,CRICOS,Added or Changed
C10131,True,025797G,CRICOS,Added or Changed
C10131,True,025797G,CRICOS,Added or Changed
C10136,True,040713B,CRICOS,Added or Changed
C10136,True,040713B,CRICOS,Added or Changed
C10136,True,040713B,CRICOS,Added or Changed
C10136,True,040713B,CRICOS,Added or Changed
C10136,True,040713B,CRICOS,Added or Changed
C10136,True,040713B,CRICOS,Added or Changed
C10148,True,040941A,CRICOS,Added or Changed
C10148,True,040941A,CRICOS,Added or Changed
C10148,True,040941A,CRICOS,Added or Changed
C10148,True,040941A,CRICOS,Added or Changed
C10148,True,040941A,CRICOS,Added or Changed
C10148,True,040941A,CRICOS,Added or Changed
C10162,True,032310K,CRICOS,Added or Changed
C10162,True,032310K,CRICOS,Added or Changed
C10162,True,032310K,CRICOS,Added or Changed
C10162,True,032310K,CRICOS,Added or Changed
C10162,True,032310K,CRICOS,Added or Changed
C10162,True,032310K,CRICOS,Added or Changed
C10163,True,040712C,CRICOS,Added or Changed
C10163,True,040712C,CRICOS,Added or Changed
C10163,True,040712C,CRICOS,Added or Changed
C10163,True,040712C,CRICOS,Added or Changed
C10163,True,040712C,CRICOS,Added or Changed
C10163,True,040712C,CRICOS,Added or Changed
C10163,True,040712C,CRICOS,Added or Changed
C10163,True,040712C,CRICOS,Added or Changed
C10167,True,043287B,CRICOS,Added or Changed
C10167,True,043287B,CRICOS,Added or Changed
C10169,True,041436K,CRICOS,Added or Changed
C10169,True,041436K,CRICOS,Added or Changed
C10169,True,041436K,CRICOS,Added or Changed
C10169,True,041436K,CRICOS,Added or Changed
C10169,True,041436K,CRICOS,Added or Changed
C10169,True,041436K,CRICOS,Added or Changed
C10172,True,026806C,CRICOS,Added or Changed
C10172,True,026806C,CRICOS,Added or Changed
C10172,True,026806C,CRICOS,Added or Changed
C10172,True,026806C,CRICOS,Added or Changed
C10172,True,026806C,CRICOS,Added or Changed
C10172,True,026806C,CRICOS,Added or Changed
C10172,True,026806C,CRICOS,Added or Changed
C10184,True,023607A,CRICOS,Added or Changed
C10184,True,023607A,CRICOS,Added or Changed
C10184,True,023607A,CRICOS,Added or Changed
C10184,True,023607A,CRICOS,Added or Changed
C10184,True,023607A,CRICOS,Added or Changed
C10184,True,023607A,CRICOS,Added or Changed
C10184,True,023607A,CRICOS,Added or Changed
C10184,True,023607A,CRICOS,Added or Changed
C10184,True,023607A,CRICOS,Added or Changed
C10184,True,023607A,CRICOS,Added or Changed
C10214,True,044183B,CRICOS,Added or Changed
C10214,True,044183B,CRICOS,Added or Changed
C10214,True,044183B,CRICOS,Added or Changed
C10215,True,047836A,CRICOS,Added or Changed
C10215,True,047836A,CRICOS,Added or Changed
C10215,True,047836A,CRICOS,Added or Changed
C10219,True,047835B,CRICOS,Added or Changed
C10219,True,047835B,CRICOS,Added or Changed
C10219,True,047835B,CRICOS,Added or Changed
C10219,True,047835B,CRICOS,Added or Changed
C10219,True,047835B,CRICOS,Added or Changed
C10219,True,047835B,CRICOS,Added or Changed
C10223,True,079561C,CRICOS,Added or Changed
C10223,True,079561C,CRICOS,Added or Changed
C10223,True,079561C,CRICOS,Added or Changed
C10223,True,079561C,CRICOS,Added or Changed
C10223,True,079561C,CRICOS,Added or Changed
C10223,True,079561C,CRICOS,Added or Changed
C10223,True,079561C,CRICOS,Added or Changed
C10223,True,079561C,CRICOS,Added or Changed
C10223,True,079561C,CRICOS,Added or Changed
C10223,True,079561C,CRICOS,Added or Changed
C10223,True,079561C,CRICOS,Added or Changed
C10223,True,079561C,CRICOS,Added or Changed
C10223,True,079561C,CRICOS,Added or Changed
C10223,True,079561C,CRICOS,Added or Changed
C10226,True,063721A,CRICOS,Added or Changed
C10226,True,063721A,CRICOS,Added or Changed
C10226,True,063721A,CRICOS,Added or Changed
C10226,True,063721A,CRICOS,Added or Changed
C10228,True,079735G,CRICOS,Added or Changed
C10228,True,079735G,CRICOS,Added or Changed
C10228,True,079735G,CRICOS,Added or Changed
C10228,True,079735G,CRICOS,Added or Changed
C10228,True,079735G,CRICOS,Added or Changed
C10228,True,079735G,CRICOS,Added or Changed
C10228,True,079735G,CRICOS,Added or Changed
C10229,True,057197M,CRICOS,Added or Changed
C10229,True,057197M,CRICOS,Added or Changed
C10229,True,057197M,CRICOS,Added or Changed
C10239,True,059726G,CRICOS,Added or Changed
C10239,True,059726G,CRICOS,Added or Changed
C10239,True,059726G,CRICOS,Added or Changed
C10239,True,059726G,CRICOS,Added or Changed
C10239,True,059726G,CRICOS,Added or Changed
C10242,True,040705B,CRICOS,Added or Changed
C10242,True,040705B,CRICOS,Added or Changed
C10242,True,040705B,CRICOS,Added or Changed
C10242,True,040705B,CRICOS,Added or Changed
C10243,True,026202J,CRICOS,Added or Changed
C10243,True,026202J,CRICOS,Added or Changed
C10245,True,064382G,CRICOS,Added or Changed
C10245,True,064382G,CRICOS,Added or Changed
C10245,True,064382G,CRICOS,Added or Changed
C10245,True,064382G,CRICOS,Added or Changed
C10245,True,064382G,CRICOS,Added or Changed
C10245,True,064382G,CRICOS,Added or Changed
C10271,True,071631C,CRICOS,Added or Changed
C10271,True,071631C,CRICOS,Added or Changed
C10271,True,071631C,CRICOS,Added or Changed
C10271,True,071631C,CRICOS,Added or Changed
C10271,True,071631C,CRICOS,Added or Changed
C10271,True,071631C,CRICOS,Added or Changed
C10271,True,071631C,CRICOS,Added or Changed
C10271,True,071631C,CRICOS,Added or Changed
C10271,True,071631C,CRICOS,Added or Changed
C10271,True,071631C,CRICOS,Added or Changed
C10271,True,071631C,CRICOS,Added or Changed
C10271,True,071631C,CRICOS,Added or Changed
C10272,True,071646G,CRICOS,Added or Changed
C10272,True,071646G,CRICOS,Added or Changed
C10272,True,071646G,CRICOS,Added or Changed
C10272,True,071646G,CRICOS,Added or Changed
C10276,True,092409B,CRICOS,Added or Changed
C10276,True,092409B,CRICOS,Added or Changed
C10276,True,092409B,CRICOS,Added or Changed
C10276,True,092409B,CRICOS,Added or Changed
C10277,True,092410J,CRICOS,Added or Changed
C10277,True,092410J,CRICOS,Added or Changed
C10277,True,092410J,CRICOS,Added or Changed
C10277,True,092410J,CRICOS,Added or Changed
C10278,True,0100484,CRICOS,Added or Changed
C10278,True,0100484,CRICOS,Added or Changed
C10278,True,0100484,CRICOS,Added or Changed
C10278,True,0100484,CRICOS,Added or Changed
C10278,True,0100484,CRICOS,Added or Changed
C10278,True,0100484,CRICOS,Added or Changed
C10300,True,080087C,CRICOS,Added or Changed
C10300,True,080087C,CRICOS,Added or Changed
C10300,True,080087C,CRICOS,Added or Changed
C10300,True,080087C,CRICOS,Added or Changed
C10300,True,080087C,CRICOS,Added or Changed
C10300,True,080087C,CRICOS,Added or Changed
C10300,True,080087C,CRICOS,Added or Changed
C10300,True,080087C,CRICOS,Added or Changed
C10300,True,080087C,CRICOS,Added or Changed
C10300,True,080087C,CRICOS,Added or Changed
C10300,True,080087C,CRICOS,Added or Changed
C10300,True,080087C,CRICOS,Added or Changed
C10300,True,080087C,CRICOS,Added or Changed
C10300,True,080087C,CRICOS,Added or Changed
C10300,True,080087C,CRICOS,Added or Changed
C10300,True,080087C,CRICOS,Added or Changed
C10300,True,080087C,CRICOS,Added or Changed
C10300,True,080087C,CRICOS,Added or Changed
C10301,True,080086D,CRICOS,Added or Changed
C10301,True,080086D,CRICOS,Added or Changed
C10302,True,080084F,CRICOS,Added or Changed
C10302,True,080084F,CRICOS,Added or Changed
C10302,True,080084F,CRICOS,Added or Changed
C10302,True,080084F,CRICOS,Added or Changed
C10303,True,080085E,CRICOS,Added or Changed
C10303,True,080085E,CRICOS,Added or Changed
C10304,True,077331M,CRICOS,Added or Changed
C10304,True,077331M,CRICOS,Added or Changed
C10305,True,077333J,CRICOS,Added or Changed
C10305,True,077333J,CRICOS,Added or Changed
C10306,True,077334G,CRICOS,Added or Changed
C10306,True,077334G,CRICOS,Added or Changed
C10307,True,077338D,CRICOS,Added or Changed
C10307,True,077338D,CRICOS,Added or Changed
C10308,True,077339C,CRICOS,Added or Changed
C10308,True,077339C,CRICOS,Added or Changed
C10309,True,077341J,CRICOS,Added or Changed
C10309,True,077341J,CRICOS,Added or Changed
C10310,True,079553C,CRICOS,Added or Changed
C10310,True,079553C,CRICOS,Added or Changed
C10310,True,079553C,CRICOS,Added or Changed
C10310,True,079553C,CRICOS,Added or Changed
C10320,True,079556M,CRICOS,Added or Changed
C10320,True,079556M,CRICOS,Added or Changed
C10320,True,079556M,CRICOS,Added or Changed
C10321,True,079751G,CRICOS,Added or Changed
C10321,True,079751G,CRICOS,Added or Changed
C10322,True,079752G,CRICOS,Added or Changed
C10322,True,079752G,CRICOS,Added or Changed
C10322,True,079752G,CRICOS,Added or Changed
C10322,True,079752G,CRICOS,Added or Changed
C10322,True,079752G,CRICOS,Added or Changed
C10322,True,079752G,CRICOS,Added or Changed
C10322,True,079752G,CRICOS,Added or Changed
C10322,True,079752G,CRICOS,Added or Changed
C10322,True,079752G,CRICOS,Added or Changed
C10322,True,079752G,CRICOS,Added or Changed
C10323,True,079753F,CRICOS,Added or Changed
C10323,True,079753F,CRICOS,Added or Changed
C10324,True,079754E,CRICOS,Added or Changed
C10324,True,079754E,CRICOS,Added or Changed
C10325,True,079755D,CRICOS,Added or Changed
C10325,True,079755D,CRICOS,Added or Changed
C10325,True,079755D,CRICOS,Added or Changed
C10325,True,079755D,CRICOS,Added or Changed
C10325,True,079755D,CRICOS,Added or Changed
C10325,True,079755D,CRICOS,Added or Changed
C10325,True,079755D,CRICOS,Added or Changed
C10325,True,079755D,CRICOS,Added or Changed
C10326,True,079756C,CRICOS,Added or Changed
C10326,True,079756C,CRICOS,Added or Changed
C10327,True,079757B,CRICOS,Added or Changed
C10327,True,079757B,CRICOS,Added or Changed
C10327,True,079757B,CRICOS,Added or Changed
C10327,True,079757B,CRICOS,Added or Changed
C10327,True,079757B,CRICOS,Added or Changed
C10327,True,079757B,CRICOS,Added or Changed
C10328,True,079758A,CRICOS,Added or Changed
C10328,True,079758A,CRICOS,Added or Changed
C10328,True,079758A,CRICOS,Added or Changed
C10328,True,079758A,CRICOS,Added or Changed
C10328,True,079758A,CRICOS,Added or Changed
C10328,True,079758A,CRICOS,Added or Changed
C10328,True,079758A,CRICOS,Added or Changed
C10328,True,079758A,CRICOS,Added or Changed
C10330,True,079759M,CRICOS,Added or Changed
C10330,True,079759M,CRICOS,Added or Changed
C10338,True,079765B,CRICOS,Added or Changed
C10338,True,079765B,CRICOS,Added or Changed
C10338,True,079765B,CRICOS,Added or Changed
C10338,True,079765B,CRICOS,Added or Changed
C10338,True,079765B,CRICOS,Added or Changed
C10338,True,079765B,CRICOS,Added or Changed
C10338,True,079765B,CRICOS,Added or Changed
C10338,True,079765B,CRICOS,Added or Changed
C10342,True,084784A,CRICOS,Added or Changed
C10342,True,084784A,CRICOS,Added or Changed
C10342,True,084784A,CRICOS,Added or Changed
C10342,True,084784A,CRICOS,Added or Changed
C10342,True,084784A,CRICOS,Added or Changed
C10342,True,084784A,CRICOS,Added or Changed
C10342,True,084784A,CRICOS,Added or Changed
C10342,True,084784A,CRICOS,Added or Changed
C10342,True,084784A,CRICOS,Added or Changed
C10342,True,084784A,CRICOS,Added or Changed
C10343,True,084785M,CRICOS,Added or Changed
C10343,True,084785M,CRICOS,Added or Changed
C10343,True,084785M,CRICOS,Added or Changed
C10343,True,084785M,CRICOS,Added or Changed
C10343,True,084785M,CRICOS,Added or Changed
C10343,True,084785M,CRICOS,Added or Changed
C10345,True,084259M,CRICOS,Added or Changed
C10345,True,084259M,CRICOS,Added or Changed
C10345,True,084259M,CRICOS,Added or Changed
C10345,True,084259M,CRICOS,Added or Changed
C10345,True,084259M,CRICOS,Added or Changed
C10345,True,084259M,CRICOS,Added or Changed
C10347,True,084270E,CRICOS,Added or Changed
C10347,True,084270E,CRICOS,Added or Changed
C10347,True,084270E,CRICOS,Added or Changed
C10347,True,084270E,CRICOS,Added or Changed
C10348,True,086359B,CRICOS,Added or Changed
C10348,True,086359B,CRICOS,Added or Changed
C10348,True,086359B,CRICOS,Added or Changed
C10348,True,086359B,CRICOS,Added or Changed
C10348,True,086359B,CRICOS,Added or Changed
C10348,True,086359B,CRICOS,Added or Changed
C10348,True,086359B,CRICOS,Added or Changed
C10348,True,086359B,CRICOS,Added or Changed
C10348,True,086359B,CRICOS,Added or Changed
C10351,True,088063B,CRICOS,Added or Changed
C10351,True,088063B,CRICOS,Added or Changed
C10351,True,088063B,CRICOS,Added or Changed
C10352,True,088064A,CRICOS,Added or Changed
C10352,True,088064A,CRICOS,Added or Changed
C10355,True,088067J,CRICOS,Added or Changed
C10355,True,088067J,CRICOS,Added or Changed
C10355,True,088067J,CRICOS,Added or Changed
C10359,True,088069G,CRICOS,Added or Changed
C10359,True,088069G,CRICOS,Added or Changed
C10359,True,088069G,CRICOS,Added or Changed
C10359,True,088069G,CRICOS,Added or Changed
C10359,True,088069G,CRICOS,Added or Changed
C10359,True,088069G,CRICOS,Added or Changed
C10360,True,088070C,CRICOS,Added or Changed
C10360,True,088070C,CRICOS,Added or Changed
C10360,True,088070C,CRICOS,Added or Changed
C10360,True,088070C,CRICOS,Added or Changed
C10361,True,087733K,CRICOS,Added or Changed
C10361,True,087733K,CRICOS,Added or Changed
C10361,True,087733K,CRICOS,Added or Changed
C10361,True,087733K,CRICOS,Added or Changed
C10361,True,087733K,CRICOS,Added or Changed
C10361,True,087733K,CRICOS,Added or Changed
C10361,True,087733K,CRICOS,Added or Changed
C10361,True,087733K,CRICOS,Added or Changed
C10361,True,087733K,CRICOS,Added or Changed
C10361,True,087733K,CRICOS,Added or Changed
C10362,True,087734J,CRICOS,Added or Changed
C10362,True,087734J,CRICOS,Added or Changed
C10362,True,087734J,CRICOS,Added or Changed
C10362,True,087734J,CRICOS,Added or Changed
C10362,True,087734J,CRICOS,Added or Changed
C10362,True,087734J,CRICOS,Added or Changed
C10362,True,087734J,CRICOS,Added or Changed
C10362,True,087734J,CRICOS,Added or Changed
C10362,True,087734J,CRICOS,Added or Changed
C10362,True,087734J,CRICOS,Added or Changed
C10362,True,087734J,CRICOS,Added or Changed
C10362,True,087734J,CRICOS,Added or Changed
C10362,True,087734J,CRICOS,Added or Changed
C10362,True,087734J,CRICOS,Added or Changed
C10362,True,087734J,CRICOS,Added or Changed
C10363,True,087735G,CRICOS,Added or Changed
C10363,True,087735G,CRICOS,Added or Changed
C10363,True,087735G,CRICOS,Added or Changed
C10363,True,087735G,CRICOS,Added or Changed
C10363,True,087735G,CRICOS,Added or Changed
C10363,True,087735G,CRICOS,Added or Changed
C10363,True,087735G,CRICOS,Added or Changed
C10363,True,087735G,CRICOS,Added or Changed
C10363,True,087735G,CRICOS,Added or Changed
C10363,True,087735G,CRICOS,Added or Changed
C10364,True,087736G,CRICOS,Added or Changed
C10364,True,087736G,CRICOS,Added or Changed
C10364,True,087736G,CRICOS,Added or Changed
C10364,True,087736G,CRICOS,Added or Changed
C10364,True,087736G,CRICOS,Added or Changed
C10364,True,087736G,CRICOS,Added or Changed
C10364,True,087736G,CRICOS,Added or Changed
C10364,True,087736G,CRICOS,Added or Changed
C10365,True,087763D,CRICOS,Added or Changed
C10365,True,087763D,CRICOS,Added or Changed
C10365,True,087763D,CRICOS,Added or Changed
C10365,True,087763D,CRICOS,Added or Changed
C10365,True,087763D,CRICOS,Added or Changed
C10365,True,087763D,CRICOS,Added or Changed
C10365,True,087763D,CRICOS,Added or Changed
C10365,True,087763D,CRICOS,Added or Changed
C10366,True,087764C,CRICOS,Added or Changed
C10366,True,087764C,CRICOS,Added or Changed
C10366,True,087764C,CRICOS,Added or Changed
C10366,True,087764C,CRICOS,Added or Changed
C10366,True,087764C,CRICOS,Added or Changed
C10366,True,087764C,CRICOS,Added or Changed
C10366,True,087764C,CRICOS,Added or Changed
C10366,True,087764C,CRICOS,Added or Changed
C10367,True,087765B,CRICOS,Added or Changed
C10367,True,087765B,CRICOS,Added or Changed
C10367,True,087765B,CRICOS,Added or Changed
C10367,True,087765B,CRICOS,Added or Changed
C10367,True,087765B,CRICOS,Added or Changed
C10367,True,087765B,CRICOS,Added or Changed
C10367,True,087765B,CRICOS,Added or Changed
C10367,True,087765B,CRICOS,Added or Changed
C10368,True,087766A,CRICOS,Added or Changed
C10368,True,087766A,CRICOS,Added or Changed
C10368,True,087766A,CRICOS,Added or Changed
C10368,True,087766A,CRICOS,Added or Changed
C10368,True,087766A,CRICOS,Added or Changed
C10368,True,087766A,CRICOS,Added or Changed
C10368,True,087766A,CRICOS,Added or Changed
C10368,True,087766A,CRICOS,Added or Changed
C10369,True,087737F,CRICOS,Added or Changed
C10369,True,087737F,CRICOS,Added or Changed
C10369,True,087737F,CRICOS,Added or Changed
C10369,True,087737F,CRICOS,Added or Changed
C10369,True,087737F,CRICOS,Added or Changed
C10369,True,087737F,CRICOS,Added or Changed
C10369,True,087737F,CRICOS,Added or Changed
C10369,True,087737F,CRICOS,Added or Changed
C10370,True,087767M,CRICOS,Added or Changed
C10370,True,087767M,CRICOS,Added or Changed
C10370,True,087767M,CRICOS,Added or Changed
C10370,True,087767M,CRICOS,Added or Changed
C10370,True,087767M,CRICOS,Added or Changed
C10370,True,087767M,CRICOS,Added or Changed
C10370,True,087767M,CRICOS,Added or Changed
C10370,True,087767M,CRICOS,Added or Changed
C10371,True,087738E,CRICOS,Added or Changed
C10371,True,087738E,CRICOS,Added or Changed
C10371,True,087738E,CRICOS,Added or Changed
C10371,True,087738E,CRICOS,Added or Changed
C10371,True,087738E,CRICOS,Added or Changed
C10371,True,087738E,CRICOS,Added or Changed
C10371,True,087738E,CRICOS,Added or Changed
C10371,True,087738E,CRICOS,Added or Changed
C10371,True,087738E,CRICOS,Added or Changed
C10371,True,087738E,CRICOS,Added or Changed
C10372,True,087768K,CRICOS,Added or Changed
C10372,True,087768K,CRICOS,Added or Changed
C10372,True,087768K,CRICOS,Added or Changed
C10372,True,087768K,CRICOS,Added or Changed
C10372,True,087768K,CRICOS,Added or Changed
C10372,True,087768K,CRICOS,Added or Changed
C10372,True,087768K,CRICOS,Added or Changed
C10372,True,087768K,CRICOS,Added or Changed
C10373,True,087777J,CRICOS,Added or Changed
C10373,True,087777J,CRICOS,Added or Changed
C10373,True,087777J,CRICOS,Added or Changed
C10373,True,087777J,CRICOS,Added or Changed
C10373,True,087777J,CRICOS,Added or Changed
C10373,True,087777J,CRICOS,Added or Changed
C10374,True,087778G,CRICOS,Added or Changed
C10374,True,087778G,CRICOS,Added or Changed
C10374,True,087778G,CRICOS,Added or Changed
C10374,True,087778G,CRICOS,Added or Changed
C10374,True,087778G,CRICOS,Added or Changed
C10374,True,087778G,CRICOS,Added or Changed
C10375,True,087779G,CRICOS,Added or Changed
C10375,True,087779G,CRICOS,Added or Changed
C10375,True,087779G,CRICOS,Added or Changed
C10375,True,087779G,CRICOS,Added or Changed
C10375,True,087779G,CRICOS,Added or Changed
C10375,True,087779G,CRICOS,Added or Changed
C10376,True,087780C,CRICOS,Added or Changed
C10376,True,087780C,CRICOS,Added or Changed
C10376,True,087780C,CRICOS,Added or Changed
C10376,True,087780C,CRICOS,Added or Changed
C10376,True,087780C,CRICOS,Added or Changed
C10376,True,087780C,CRICOS,Added or Changed
C10377,True,087781B,CRICOS,Added or Changed
C10377,True,087781B,CRICOS,Added or Changed
C10377,True,087781B,CRICOS,Added or Changed
C10377,True,087781B,CRICOS,Added or Changed
C10377,True,087781B,CRICOS,Added or Changed
C10377,True,087781B,CRICOS,Added or Changed
C10378,True,087782A,CRICOS,Added or Changed
C10378,True,087782A,CRICOS,Added or Changed
C10378,True,087782A,CRICOS,Added or Changed
C10378,True,087782A,CRICOS,Added or Changed
C10378,True,087782A,CRICOS,Added or Changed
C10378,True,087782A,CRICOS,Added or Changed
C10379,True,087783M,CRICOS,Added or Changed
C10379,True,087783M,CRICOS,Added or Changed
C10379,True,087783M,CRICOS,Added or Changed
C10379,True,087783M,CRICOS,Added or Changed
C10379,True,087783M,CRICOS,Added or Changed
C10379,True,087783M,CRICOS,Added or Changed
C10380,True,087786G,CRICOS,Added or Changed
C10380,True,087786G,CRICOS,Added or Changed
C10380,True,087786G,CRICOS,Added or Changed
C10380,True,087786G,CRICOS,Added or Changed
C10380,True,087786G,CRICOS,Added or Changed
C10380,True,087786G,CRICOS,Added or Changed
C10380,True,087786G,CRICOS,Added or Changed
C10380,True,087786G,CRICOS,Added or Changed
C10381,True,087787G,CRICOS,Added or Changed
C10381,True,087787G,CRICOS,Added or Changed
C10381,True,087787G,CRICOS,Added or Changed
C10381,True,087787G,CRICOS,Added or Changed
C10382,True,087788F,CRICOS,Added or Changed
C10382,True,087788F,CRICOS,Added or Changed
C10382,True,087788F,CRICOS,Added or Changed
C10382,True,087788F,CRICOS,Added or Changed
C10382,True,087788F,CRICOS,Added or Changed
C10382,True,087788F,CRICOS,Added or Changed
C10383,True,087789E,CRICOS,Added or Changed
C10383,True,087789E,CRICOS,Added or Changed
C10383,True,087789E,CRICOS,Added or Changed
C10383,True,087789E,CRICOS,Added or Changed
C10383,True,087789E,CRICOS,Added or Changed
C10383,True,087789E,CRICOS,Added or Changed
C10386,True,092380K,CRICOS,Added or Changed
C10386,True,092380K,CRICOS,Added or Changed
C10386,True,092380K,CRICOS,Added or Changed
C10386,True,092380K,CRICOS,Added or Changed
C10386,True,092380K,CRICOS,Added or Changed
C10386,True,092380K,CRICOS,Added or Changed
C10386,True,092380K,CRICOS,Added or Changed
C10386,True,092380K,CRICOS,Added or Changed
C10387,True,092381J,CRICOS,Added or Changed
C10387,True,092381J,CRICOS,Added or Changed
C10387,True,092381J,CRICOS,Added or Changed
C10387,True,092381J,CRICOS,Added or Changed
C10387,True,092381J,CRICOS,Added or Changed
C10387,True,092381J,CRICOS,Added or Changed
C10387,True,092381J,CRICOS,Added or Changed
C10387,True,092381J,CRICOS,Added or Changed
C10387,True,092381J,CRICOS,Added or Changed
C10387,True,092381J,CRICOS,Added or Changed
C10388,True,092382G,CRICOS,Added or Changed
C10388,True,092382G,CRICOS,Added or Changed
C10389,True,092383G,CRICOS,Added or Changed
C10389,True,092383G,CRICOS,Added or Changed
C10389,True,092383G,CRICOS,Added or Changed
C10389,True,092383G,CRICOS,Added or Changed
C10389,True,092383G,CRICOS,Added or Changed
C10389,True,092383G,CRICOS,Added or Changed
C10389,True,092383G,CRICOS,Added or Changed
C10389,True,092383G,CRICOS,Added or Changed
C10391,True,092384F,CRICOS,Added or Changed
C10391,True,092384F,CRICOS,Added or Changed
C10391,True,092384F,CRICOS,Added or Changed
C10391,True,092384F,CRICOS,Added or Changed
C10391,True,092384F,CRICOS,Added or Changed
C10391,True,092384F,CRICOS,Added or Changed
C10391,True,092384F,CRICOS,Added or Changed
C10391,True,092384F,CRICOS,Added or Changed
C10391,True,092384F,CRICOS,Added or Changed
C10391,True,092384F,CRICOS,Added or Changed
C10391,True,092384F,CRICOS,Added or Changed
C10391,True,092384F,CRICOS,Added or Changed
C10391,True,092384F,CRICOS,Added or Changed
C10391,True,092384F,CRICOS,Added or Changed
C10391,True,092384F,CRICOS,Added or Changed
C10391,True,092384F,CRICOS,Added or Changed
C10391,True,092384F,CRICOS,Added or Changed
C10391,True,092384F,CRICOS,Added or Changed
C10395,True,0100483,CRICOS,Added or Changed
C10395,True,0100483,CRICOS,Added or Changed
C10395,True,0100483,CRICOS,Added or Changed
C10395,True,0100483,CRICOS,Added or Changed
C10395,True,0100483,CRICOS,Added or Changed
C10395,True,0100483,CRICOS,Added or Changed
C10396,True,102952C,CRICOS,Added or Changed
C10396,True,102952C,CRICOS,Added or Changed
C10399,True,102816M,CRICOS,Added or Changed
C10399,True,102816M,CRICOS,Added or Changed
C10399,True,102816M,CRICOS,Added or Changed
C10399,True,102816M,CRICOS,Added or Changed
C10399,True,102816M,CRICOS,Added or Changed
C10404,True,102565C,CRICOS,Added or Changed
C10404,True,102565C,CRICOS,Added or Changed
C10404,True,102565C,CRICOS,Added or Changed
C10404,True,102565C,CRICOS,Added or Changed
C10404,True,102565C,CRICOS,Added or Changed
C10404,True,102565C,CRICOS,Added or Changed
C10405,True,102566B,CRICOS,Added or Changed
C10405,True,102566B,CRICOS,Added or Changed
C10405,True,102566B,CRICOS,Added or Changed
C10405,True,102566B,CRICOS,Added or Changed
C10406,True,102567A,CRICOS,Added or Changed
C10406,True,102567A,CRICOS,Added or Changed
C10406,True,102567A,CRICOS,Added or Changed
C10410,True,102817K,CRICOS,Added or Changed
C10410,True,102817K,CRICOS,Added or Changed
C10411,True,102818J,CRICOS,Added or Changed
C10411,True,102818J,CRICOS,Added or Changed
C10411,True,102818J,CRICOS,Added or Changed
C10411,True,102818J,CRICOS,Added or Changed
C10411,True,102818J,CRICOS,Added or Changed
C10411,True,102818J,CRICOS,Added or Changed
C10411,True,102818J,CRICOS,Added or Changed
C10411,True,102818J,CRICOS,Added or Changed
C10412,True,102819H,CRICOS,Added or Changed
C10412,True,102819H,CRICOS,Added or Changed
C10412,True,102819H,CRICOS,Added or Changed
C10412,True,102819H,CRICOS,Added or Changed
C10412,True,102819H,CRICOS,Added or Changed
C10412,True,102819H,CRICOS,Added or Changed
C10412,True,102819H,CRICOS,Added or Changed
C10412,True,102819H,CRICOS,Added or Changed
C10412,True,102819H,CRICOS,Added or Changed
C10413,True,103340A,CRICOS,Added or Changed
C10413,True,103340A,CRICOS,Added or Changed
C10413,True,103340A,CRICOS,Added or Changed
C10413,True,103340A,CRICOS,Added or Changed
C10413,True,103340A,CRICOS,Added or Changed
C10424,True,103083B,CRICOS,Added or Changed
C10424,True,103083B,CRICOS,Added or Changed
C10424,True,103083B,CRICOS,Added or Changed
C10424,True,103083B,CRICOS,Added or Changed
C10424,True,103083B,CRICOS,Added or Changed
C10424,True,103083B,CRICOS,Added or Changed
C10424,True,103083B,CRICOS,Added or Changed
C10424,True,103083B,CRICOS,Added or Changed
C10424,True,103083B,CRICOS,Added or Changed
C10424,True,103083B,CRICOS,Added or Changed
C10445,True,106143D,CRICOS,Added or Changed
C10445,True,106143D,CRICOS,Added or Changed
C10445,True,106143D,CRICOS,Added or Changed
C10445,True,106143D,CRICOS,Added or Changed
C10445,True,106143D,CRICOS,Added or Changed
C10445,True,106143D,CRICOS,Added or Changed
C10445,True,106143D,CRICOS,Added or Changed
C10445,True,106143D,CRICOS,Added or Changed
C10446,True,106140G,CRICOS,Added or Changed
C10446,True,106140G,CRICOS,Added or Changed
C10446,True,106140G,CRICOS,Added or Changed
C10446,True,106140G,CRICOS,Added or Changed
C10447,True,106141F,CRICOS,Added or Changed
C10447,True,106141F,CRICOS,Added or Changed
C10447,True,106141F,CRICOS,Added or Changed
C10447,True,106141F,CRICOS,Added or Changed
C10448,True,106142E,CRICOS,Added or Changed
C10448,True,106142E,CRICOS,Added or Changed
C10448,True,106142E,CRICOS,Added or Changed
C10448,True,106142E,CRICOS,Added or Changed
C10449,True,106139M,CRICOS,Added or Changed
C10449,True,106139M,CRICOS,Added or Changed
C10449,True,106139M,CRICOS,Added or Changed
C10449,True,106139M,CRICOS,Added or Changed
C10450,True,106138A,CRICOS,Added or Changed
C10450,True,106138A,CRICOS,Added or Changed
C10450,True,106138A,CRICOS,Added or Changed
C10450,True,106138A,CRICOS,Added or Changed
C10451,True,106870F,CRICOS,Added or Changed
C10451,True,106870F,CRICOS,Added or Changed
C10451,True,106870F,CRICOS,Added or Changed
C10451,True,106870F,CRICOS,Added or Changed
C10451,True,106870F,CRICOS,Added or Changed
C10451,True,106870F,CRICOS,Added or Changed
C10451,True,106870F,CRICOS,Added or Changed
C10451,True,106870F,CRICOS,Added or Changed
C10452,True,106871E,CRICOS,Added or Changed
C10452,True,106871E,CRICOS,Added or Changed
C10452,True,106871E,CRICOS,Added or Changed
C10452,True,106871E,CRICOS,Added or Changed
C10452,True,106871E,CRICOS,Added or Changed
C10452,True,106871E,CRICOS,Added or Changed
C10452,True,106871E,CRICOS,Added or Changed
C10452,True,106871E,CRICOS,Added or Changed
C10454,True,106872D,CRICOS,Added or Changed
C10454,True,106872D,CRICOS,Added or Changed
C10454,True,106872D,CRICOS,Added or Changed
C10454,True,106872D,CRICOS,Added or Changed
C10454,True,106872D,CRICOS,Added or Changed
C10454,True,106872D,CRICOS,Added or Changed
C10455,True,106873C,CRICOS,Added or Changed
C10455,True,106873C,CRICOS,Added or Changed
C10455,True,106873C,CRICOS,Added or Changed
C10455,True,106873C,CRICOS,Added or Changed
C10455,True,106873C,CRICOS,Added or Changed
C10455,True,106873C,CRICOS,Added or Changed
C10456,True,106874B,CRICOS,Added or Changed
C10456,True,106874B,CRICOS,Added or Changed
C10456,True,106874B,CRICOS,Added or Changed
C10456,True,106874B,CRICOS,Added or Changed
C10457,True,106661D,CRICOS,Added or Changed
C10457,True,106661D,CRICOS,Added or Changed
C10457,True,106661D,CRICOS,Added or Changed
C10457,True,106661D,CRICOS,Added or Changed
C10458,True,106663B,CRICOS,Added or Changed
C10458,True,106663B,CRICOS,Added or Changed
C10460,True,107050A,CRICOS,Added or Changed
C10460,True,107050A,CRICOS,Added or Changed
C10460,True,107050A,CRICOS,Added or Changed
C10460,True,107050A,CRICOS,Added or Changed
C10461,True,107052K,CRICOS,Added or Changed
C10461,True,107052K,CRICOS,Added or Changed
C10461,True,107052K,CRICOS,Added or Changed
C10461,True,107052K,CRICOS,Added or Changed
C10461,True,107052K,CRICOS,Added or Changed
C10461,True,107052K,CRICOS,Added or Changed
C10461,True,107052K,CRICOS,Added or Changed
C10461,True,107052K,CRICOS,Added or Changed
C10462,True,107051M,CRICOS,Added or Changed
C10462,True,107051M,CRICOS,Added or Changed
C10462,True,107051M,CRICOS,Added or Changed
C10462,True,107051M,CRICOS,Added or Changed
C10465,True,106869K,CRICOS,Added or Changed
C10465,True,106869K,CRICOS,Added or Changed
C10465,True,106869K,CRICOS,Added or Changed
C10465,True,106869K,CRICOS,Added or Changed
C10465,True,106869K,CRICOS,Added or Changed
C10465,True,106869K,CRICOS,Added or Changed
C10465,True,106869K,CRICOS,Added or Changed
C10465,True,106869K,CRICOS,Added or Changed
C10466,True,110893J,CRICOS,Added or Changed
C10466,True,110893J,CRICOS,Added or Changed
C10468,True,110892K,CRICOS,Added or Changed
C10468,True,110892K,CRICOS,Added or Changed
C10469,True,110891M,CRICOS,Added or Changed
C10469,True,110891M,CRICOS,Added or Changed
C10470,True,110890A,CRICOS,Added or Changed
C10470,True,110890A,CRICOS,Added or Changed
C10471,True,110749F,CRICOS,Added or Changed
C10471,True,110749F,CRICOS,Added or Changed
C10471,True,110749F,CRICOS,Added or Changed
C10471,True,110749F,CRICOS,Added or Changed
C10471,True,110749F,CRICOS,Added or Changed
C10471,True,110749F,CRICOS,Added or Changed
C10471,True,110749F,CRICOS,Added or Changed
C10471,True,110749F,CRICOS,Added or Changed
C10472,True,110750B,CRICOS,Added or Changed
C10472,True,110750B,CRICOS,Added or Changed
C10472,True,110750B,CRICOS,Added or Changed
C10473,True,110751A,CRICOS,Added or Changed
C10473,True,110751A,CRICOS,Added or Changed
C10473,True,110751A,CRICOS,Added or Changed
C10473,True,110751A,CRICOS,Added or Changed
C10474,True,110746J,CRICOS,Added or Changed
C10474,True,110746J,CRICOS,Added or Changed
C10474,True,110746J,CRICOS,Added or Changed
C10474,True,110746J,CRICOS,Added or Changed
C10474,True,110746J,CRICOS,Added or Changed
C10474,True,110746J,CRICOS,Added or Changed
C10475,True,110747H,CRICOS,Added or Changed
C10475,True,110747H,CRICOS,Added or Changed
C10475,True,110747H,CRICOS,Added or Changed
C10475,True,110747H,CRICOS,Added or Changed
C10477,True,113304M,CRICOS,Added or Changed
C10477,True,113304M,CRICOS,Added or Changed
C10478,True,113313K,CRICOS,Added or Changed
C10478,True,113313K,CRICOS,Added or Changed
C10479,True,114585M,CRICOS,Added or Changed
C10479,True,114585M,CRICOS,Added or Changed
C10480,True,114583B,CRICOS,Added or Changed
C10480,True,114583B,CRICOS,Added or Changed
C10482,True,Pending,CRICOS,Added or Changed
C10482,True,Pending,CRICOS,Added or Changed
C10482,True,Pending,CRICOS,Added or Changed
C10482,True,Pending,CRICOS,Added or Changed
C11005,True,088437K,CRICOS,Added or Changed
C11005,True,088437K,CRICOS,Added or Changed
C11005,True,088437K,CRICOS,Added or Changed
C11005,True,088437K,CRICOS,Added or Changed
C11005,True,088437K,CRICOS,Added or Changed
C11005,True,088437K,CRICOS,Added or Changed
C11005,True,088437K,CRICOS,Added or Changed
C11005,True,088437K,CRICOS,Added or Changed
C11005,True,088437K,CRICOS,Added or Changed
C11005,True,088437K,CRICOS,Added or Changed
C11005,True,088437K,CRICOS,Added or Changed
C11005,True,088437K,CRICOS,Added or Changed
C11005,True,088437K,CRICOS,Added or Changed
C11005,True,088437K,CRICOS,Added or Changed
C11008,True,018156K,CRICOS,Added or Changed
C11008,True,018156K,CRICOS,Added or Changed
C11008,True,018156K,CRICOS,Added or Changed
C11008,True,018156K,CRICOS,Added or Changed
C11008,True,018156K,CRICOS,Added or Changed
C11008,True,018156K,CRICOS,Added or Changed
C11008,True,018156K,CRICOS,Added or Changed
C11008,True,018156K,CRICOS,Added or Changed
C11015,True,022411K,CRICOS,Added or Changed
C11015,True,022411K,CRICOS,Added or Changed
C11015,True,022411K,CRICOS,Added or Changed
C11015,True,022411K,CRICOS,Added or Changed
C11015,True,022411K,CRICOS,Added or Changed
C11015,True,022411K,CRICOS,Added or Changed
C11015,True,022411K,CRICOS,Added or Changed
C11015,True,022411K,CRICOS,Added or Changed
C11015,True,022411K,CRICOS,Added or Changed
C11027,True,020212M,CRICOS,Added or Changed
C11027,True,020212M,CRICOS,Added or Changed
C11027,True,020212M,CRICOS,Added or Changed
C11027,True,020212M,CRICOS,Added or Changed
C11142,True,084251G,CRICOS,Added or Changed
C11142,True,084251G,CRICOS,Added or Changed
C11142,True,084251G,CRICOS,Added or Changed
C11142,True,084251G,CRICOS,Added or Changed
C11142,True,084251G,CRICOS,Added or Changed
C11142,True,084251G,CRICOS,Added or Changed
C11142,True,084251G,CRICOS,Added or Changed
C11142,True,084251G,CRICOS,Added or Changed
C11142,True,084251G,CRICOS,Added or Changed
C11142,True,084251G,CRICOS,Added or Changed
C11142,True,084251G,CRICOS,Added or Changed
C11142,True,084251G,CRICOS,Added or Changed
C11142,True,084251G,CRICOS,Added or Changed
C11142,True,084251G,CRICOS,Added or Changed
C11142,True,084251G,CRICOS,Added or Changed
C11142,True,084251G,CRICOS,Added or Changed
C11142,True,084251G,CRICOS,Added or Changed
C11142,True,084251G,CRICOS,Added or Changed
C11142,True,084251G,CRICOS,Added or Changed
C11142,True,084251G,CRICOS,Added or Changed
C11142,True,084251G,CRICOS,Added or Changed
C11142,True,084251G,CRICOS,Added or Changed
C11142,True,084251G,CRICOS,Added or Changed
C11142,True,084251G,CRICOS,Added or Changed
C11199,True,055277E,CRICOS,Added or Changed
C11199,True,055277E,CRICOS,Added or Changed
C11199,True,055277E,CRICOS,Added or Changed
C11199,True,055277E,CRICOS,Added or Changed
C11199,True,055277E,CRICOS,Added or Changed
C11199,True,055277E,CRICOS,Added or Changed
C11199,True,055277E,CRICOS,Added or Changed
C11206,True,061284M,CRICOS,Added or Changed
C11206,True,061284M,CRICOS,Added or Changed
C11206,True,061284M,CRICOS,Added or Changed
C11206,True,061284M,CRICOS,Added or Changed
C11206,True,061284M,CRICOS,Added or Changed
C11206,True,061284M,CRICOS,Added or Changed
C11206,True,061284M,CRICOS,Added or Changed
C11206,True,061284M,CRICOS,Added or Changed
C11206,True,061284M,CRICOS,Added or Changed
C11210,True,065345D,CRICOS,Added or Changed
C11210,True,065345D,CRICOS,Added or Changed
C11210,True,065345D,CRICOS,Added or Changed
C11210,True,065345D,CRICOS,Added or Changed
C11210,True,065345D,CRICOS,Added or Changed
C11210,True,065345D,CRICOS,Added or Changed
C11210,True,065345D,CRICOS,Added or Changed
C11210,True,065345D,CRICOS,Added or Changed
C11210,True,065345D,CRICOS,Added or Changed
C11210,True,065345D,CRICOS,Added or Changed
C11211,True,064381G,CRICOS,Added or Changed
C11211,True,064381G,CRICOS,Added or Changed
C11211,True,064381G,CRICOS,Added or Changed
C11211,True,064381G,CRICOS,Added or Changed
C11211,True,064381G,CRICOS,Added or Changed
C11211,True,064381G,CRICOS,Added or Changed
C11211,True,064381G,CRICOS,Added or Changed
C11211,True,064381G,CRICOS,Added or Changed
C11211,True,064381G,CRICOS,Added or Changed
C11211,True,064381G,CRICOS,Added or Changed
C11211,True,064381G,CRICOS,Added or Changed
C11211,True,064381G,CRICOS,Added or Changed
C11211,True,064381G,CRICOS,Added or Changed
C11211,True,064381G,CRICOS,Added or Changed
C11211,True,064381G,CRICOS,Added or Changed
C11211,True,064381G,CRICOS,Added or Changed
C11211,True,064381G,CRICOS,Added or Changed
C11211,True,064381G,CRICOS,Added or Changed
C11211,True,064381G,CRICOS,Added or Changed
C11211,True,064381G,CRICOS,Added or Changed
C11211,True,064381G,CRICOS,Added or Changed
C11211,True,064381G,CRICOS,Added or Changed
C11211,True,064381G,CRICOS,Added or Changed
C11211,True,064381G,CRICOS,Added or Changed
C11216,True,071910G,CRICOS,Added or Changed
C11216,True,071910G,CRICOS,Added or Changed
C11216,True,071910G,CRICOS,Added or Changed
C11216,True,071910G,CRICOS,Added or Changed
C11216,True,071910G,CRICOS,Added or Changed
C11216,True,071910G,CRICOS,Added or Changed
C11216,True,071910G,CRICOS,Added or Changed
C11216,True,071910G,CRICOS,Added or Changed
C11216,True,071910G,CRICOS,Added or Changed
C11216,True,071910G,CRICOS,Added or Changed
C11216,True,071910G,CRICOS,Added or Changed
C11216,True,071910G,CRICOS,Added or Changed
C11216,True,071910G,CRICOS,Added or Changed
C11216,True,071910G,CRICOS,Added or Changed
C11216,True,071910G,CRICOS,Added or Changed
C11216,True,071910G,CRICOS,Added or Changed
C11216,True,071910G,CRICOS,Added or Changed
C11216,True,071910G,CRICOS,Added or Changed
C11216,True,071910G,CRICOS,Added or Changed
C11216,True,071910G,CRICOS,Added or Changed
C11216,True,071910G,CRICOS,Added or Changed
C11216,True,071910G,CRICOS,Added or Changed
C11216,True,071910G,CRICOS,Added or Changed
C11216,True,071910G,CRICOS,Added or Changed
C11216,True,071910G,CRICOS,Added or Changed
C11216,True,071910G,CRICOS,Added or Changed
C11216,True,071910G,CRICOS,Added or Changed
C11216,True,071910G,CRICOS,Added or Changed
C11216,True,071910G,CRICOS,Added or Changed
C11216,True,071910G,CRICOS,Added or Changed
C11225,True,071632B,CRICOS,Added or Changed
C11225,True,071632B,CRICOS,Added or Changed
C11225,True,071632B,CRICOS,Added or Changed
C11225,True,071632B,CRICOS,Added or Changed
C11225,True,071632B,CRICOS,Added or Changed
C11225,True,071632B,CRICOS,Added or Changed
C11225,True,071632B,CRICOS,Added or Changed
C11230,True,075570A,CRICOS,Added or Changed
C11230,True,075570A,CRICOS,Added or Changed
C11230,True,075570A,CRICOS,Added or Changed
C11230,True,075570A,CRICOS,Added or Changed
C11232,True,077342G,CRICOS,Added or Changed
C11232,True,077342G,CRICOS,Added or Changed
C11232,True,077342G,CRICOS,Added or Changed
C11232,True,077342G,CRICOS,Added or Changed
C11232,True,077342G,CRICOS,Added or Changed
C11232,True,077342G,CRICOS,Added or Changed
C11232,True,077342G,CRICOS,Added or Changed
C11232,True,077342G,CRICOS,Added or Changed
C11232,True,077342G,CRICOS,Added or Changed
C11232,True,077342G,CRICOS,Added or Changed
C11232,True,077342G,CRICOS,Added or Changed
C11232,True,077342G,CRICOS,Added or Changed
C11232,True,077342G,CRICOS,Added or Changed
C11232,True,077342G,CRICOS,Added or Changed
C11232,True,077342G,CRICOS,Added or Changed
C11232,True,077342G,CRICOS,Added or Changed
C11232,True,077342G,CRICOS,Added or Changed
C11232,True,077342G,CRICOS,Added or Changed
C11232,True,077342G,CRICOS,Added or Changed
C11232,True,077342G,CRICOS,Added or Changed
C11232,True,077342G,CRICOS,Added or Changed
C11232,True,077342G,CRICOS,Added or Changed
C11232,True,077342G,CRICOS,Added or Changed
C11232,True,077342G,CRICOS,Added or Changed
C11232,True,077342G,CRICOS,Added or Changed
C11232,True,077342G,CRICOS,Added or Changed
C11232,True,077342G,CRICOS,Added or Changed
C11232,True,077342G,CRICOS,Added or Changed
C11232,True,077342G,CRICOS,Added or Changed
C11232,True,077342G,CRICOS,Added or Changed
C11232,True,077342G,CRICOS,Added or Changed
C11232,True,077342G,CRICOS,Added or Changed
C11232,True,077342G,CRICOS,Added or Changed
C11232,True,077342G,CRICOS,Added or Changed
C11232,True,077342G,CRICOS,Added or Changed
C11236,True,081083K,CRICOS,Added or Changed
C11236,True,081083K,CRICOS,Added or Changed
C11236,True,081083K,CRICOS,Added or Changed
C11236,True,081083K,CRICOS,Added or Changed
C11236,True,081083K,CRICOS,Added or Changed
C11236,True,081083K,CRICOS,Added or Changed
C11236,True,081083K,CRICOS,Added or Changed
C11236,True,081083K,CRICOS,Added or Changed
C11236,True,081083K,CRICOS,Added or Changed
C11236,True,081083K,CRICOS,Added or Changed
C11236,True,081083K,CRICOS,Added or Changed
C11236,True,081083K,CRICOS,Added or Changed
C11236,True,081083K,CRICOS,Added or Changed
C11236,True,081083K,CRICOS,Added or Changed
C11236,True,081083K,CRICOS,Added or Changed
C11236,True,081083K,CRICOS,Added or Changed
C11236,True,081083K,CRICOS,Added or Changed
C11236,True,081083K,CRICOS,Added or Changed
C11236,True,081083K,CRICOS,Added or Changed
C11236,True,081083K,CRICOS,Added or Changed
C11236,True,081083K,CRICOS,Added or Changed
C11236,True,081083K,CRICOS,Added or Changed
C11236,True,081083K,CRICOS,Added or Changed
C11236,True,081083K,CRICOS,Added or Changed
C11237,True,081086G,CRICOS,Added or Changed
C11237,True,081086G,CRICOS,Added or Changed
C11237,True,081086G,CRICOS,Added or Changed
C11237,True,081086G,CRICOS,Added or Changed
C11237,True,081086G,CRICOS,Added or Changed
C11237,True,081086G,CRICOS,Added or Changed
C11237,True,081086G,CRICOS,Added or Changed
C11237,True,081086G,CRICOS,Added or Changed
C11237,True,081086G,CRICOS,Added or Changed
C11237,True,081086G,CRICOS,Added or Changed
C11237,True,081086G,CRICOS,Added or Changed
C11237,True,081086G,CRICOS,Added or Changed
C11237,True,081086G,CRICOS,Added or Changed
C11237,True,081086G,CRICOS,Added or Changed
C11237,True,081086G,CRICOS,Added or Changed
C11237,True,081086G,CRICOS,Added or Changed
C11237,True,081086G,CRICOS,Added or Changed
C11237,True,081086G,CRICOS,Added or Changed
C11237,True,081086G,CRICOS,Added or Changed
C11237,True,081086G,CRICOS,Added or Changed
C11237,True,081086G,CRICOS,Added or Changed
C11237,True,081086G,CRICOS,Added or Changed
C11237,True,081086G,CRICOS,Added or Changed
C11238,True,081084J,CRICOS,Added or Changed
C11238,True,081084J,CRICOS,Added or Changed
C11238,True,081084J,CRICOS,Added or Changed
C11238,True,081084J,CRICOS,Added or Changed
C11238,True,081084J,CRICOS,Added or Changed
C11238,True,081084J,CRICOS,Added or Changed
C11238,True,081084J,CRICOS,Added or Changed
C11238,True,081084J,CRICOS,Added or Changed
C11238,True,081084J,CRICOS,Added or Changed
C11238,True,081084J,CRICOS,Added or Changed
C11238,True,081084J,CRICOS,Added or Changed
C11238,True,081084J,CRICOS,Added or Changed
C11238,True,081084J,CRICOS,Added or Changed
C11238,True,081084J,CRICOS,Added or Changed
C11238,True,081084J,CRICOS,Added or Changed
C11238,True,081084J,CRICOS,Added or Changed
C11238,True,081084J,CRICOS,Added or Changed
C11238,True,081084J,CRICOS,Added or Changed
C11238,True,081084J,CRICOS,Added or Changed
C11238,True,081084J,CRICOS,Added or Changed
C11238,True,081084J,CRICOS,Added or Changed
C11238,True,081084J,CRICOS,Added or Changed
C11238,True,081084J,CRICOS,Added or Changed
C11238,True,081084J,CRICOS,Added or Changed
C11239,True,081085G,CRICOS,Added or Changed
C11239,True,081085G,CRICOS,Added or Changed
C11239,True,081085G,CRICOS,Added or Changed
C11239,True,081085G,CRICOS,Added or Changed
C11239,True,081085G,CRICOS,Added or Changed
C11239,True,081085G,CRICOS,Added or Changed
C11239,True,081085G,CRICOS,Added or Changed
C11239,True,081085G,CRICOS,Added or Changed
C11239,True,081085G,CRICOS,Added or Changed
C11239,True,081085G,CRICOS,Added or Changed
C11239,True,081085G,CRICOS,Added or Changed
C11239,True,081085G,CRICOS,Added or Changed
C11239,True,081085G,CRICOS,Added or Changed
C11239,True,081085G,CRICOS,Added or Changed
C11239,True,081085G,CRICOS,Added or Changed
C11239,True,081085G,CRICOS,Added or Changed
C11239,True,081085G,CRICOS,Added or Changed
C11239,True,081085G,CRICOS,Added or Changed
C11239,True,081085G,CRICOS,Added or Changed
C11239,True,081085G,CRICOS,Added or Changed
C11239,True,081085G,CRICOS,Added or Changed
C11239,True,081085G,CRICOS,Added or Changed
C11239,True,081085G,CRICOS,Added or Changed
C11239,True,081085G,CRICOS,Added or Changed
C11247,True,084252G,CRICOS,Added or Changed
C11247,True,084252G,CRICOS,Added or Changed
C11247,True,084252G,CRICOS,Added or Changed
C11247,True,084252G,CRICOS,Added or Changed
C11247,True,084252G,CRICOS,Added or Changed
C11247,True,084252G,CRICOS,Added or Changed
C11247,True,084252G,CRICOS,Added or Changed
C11247,True,084252G,CRICOS,Added or Changed
C11247,True,084252G,CRICOS,Added or Changed
C11247,True,084252G,CRICOS,Added or Changed
C11247,True,084252G,CRICOS,Added or Changed
C11247,True,084252G,CRICOS,Added or Changed
C11247,True,084252G,CRICOS,Added or Changed
C11247,True,084252G,CRICOS,Added or Changed
C11247,True,084252G,CRICOS,Added or Changed
C11247,True,084252G,CRICOS,Added or Changed
C11247,True,084252G,CRICOS,Added or Changed
C11247,True,084252G,CRICOS,Added or Changed
C11247,True,084252G,CRICOS,Added or Changed
C11247,True,084252G,CRICOS,Added or Changed
C11247,True,084252G,CRICOS,Added or Changed
C11247,True,084252G,CRICOS,Added or Changed
C11247,True,084252G,CRICOS,Added or Changed
C11247,True,084252G,CRICOS,Added or Changed
C11249,True,084261F,CRICOS,Added or Changed
C11249,True,084261F,CRICOS,Added or Changed
C11249,True,084261F,CRICOS,Added or Changed
C11249,True,084261F,CRICOS,Added or Changed
C11249,True,084261F,CRICOS,Added or Changed
C11249,True,084261F,CRICOS,Added or Changed
C11249,True,084261F,CRICOS,Added or Changed
C11249,True,084261F,CRICOS,Added or Changed
C11254,True,088014M,CRICOS,Added or Changed
C11254,True,088014M,CRICOS,Added or Changed
C11254,True,088014M,CRICOS,Added or Changed
C11254,True,088014M,CRICOS,Added or Changed
C11254,True,088014M,CRICOS,Added or Changed
C11254,True,088014M,CRICOS,Added or Changed
C11254,True,088014M,CRICOS,Added or Changed
C11254,True,088014M,CRICOS,Added or Changed
C11254,True,088014M,CRICOS,Added or Changed
C11254,True,088014M,CRICOS,Added or Changed
C11254,True,088014M,CRICOS,Added or Changed
C11264,True,095712D,CRICOS,Added or Changed
C11264,True,095712D,CRICOS,Added or Changed
C11264,True,095712D,CRICOS,Added or Changed
C11264,True,095712D,CRICOS,Added or Changed
C11264,True,095712D,CRICOS,Added or Changed
C11264,True,095712D,CRICOS,Added or Changed
C11264,True,095712D,CRICOS,Added or Changed
C11264,True,095712D,CRICOS,Added or Changed
C11264,True,095712D,CRICOS,Added or Changed
C11264,True,095712D,CRICOS,Added or Changed
C11264,True,095712D,CRICOS,Added or Changed
C11264,True,095712D,CRICOS,Added or Changed
C11264,True,095712D,CRICOS,Added or Changed
C11264,True,095712D,CRICOS,Added or Changed
C11264,True,095712D,CRICOS,Added or Changed
C11264,True,095712D,CRICOS,Added or Changed
C11265,True,095711E,CRICOS,Added or Changed
C11265,True,095711E,CRICOS,Added or Changed
C11265,True,095711E,CRICOS,Added or Changed
C11265,True,095711E,CRICOS,Added or Changed
C11265,True,095711E,CRICOS,Added or Changed
C11265,True,095711E,CRICOS,Added or Changed
C11265,True,095711E,CRICOS,Added or Changed
C11265,True,095711E,CRICOS,Added or Changed
C11265,True,095711E,CRICOS,Added or Changed
C11265,True,095711E,CRICOS,Added or Changed
C11265,True,095711E,CRICOS,Added or Changed
C11265,True,095711E,CRICOS,Added or Changed
C11265,True,095711E,CRICOS,Added or Changed
C11265,True,095711E,CRICOS,Added or Changed
C11265,True,095711E,CRICOS,Added or Changed
C11265,True,095711E,CRICOS,Added or Changed
C11265,True,095711E,CRICOS,Added or Changed
C11265,True,095711E,CRICOS,Added or Changed
C11265,True,095711E,CRICOS,Added or Changed
C11265,True,095711E,CRICOS,Added or Changed
C11265,True,095711E,CRICOS,Added or Changed
C11265,True,095711E,CRICOS,Added or Changed
C11270,True,096458E,CRICOS,Added or Changed
C11270,True,096458E,CRICOS,Added or Changed
C11270,True,096458E,CRICOS,Added or Changed
C11270,True,096458E,CRICOS,Added or Changed
C11270,True,096458E,CRICOS,Added or Changed
C11270,True,096458E,CRICOS,Added or Changed
C11270,True,096458E,CRICOS,Added or Changed
C11270,True,096458E,CRICOS,Added or Changed
C11270,True,096458E,CRICOS,Added or Changed
C11270,True,096458E,CRICOS,Added or Changed
C11270,True,096458E,CRICOS,Added or Changed
C11270,True,096458E,CRICOS,Added or Changed
C11270,True,096458E,CRICOS,Added or Changed
C11270,True,096458E,CRICOS,Added or Changed
C11271,True,096459D,CRICOS,Added or Changed
C11271,True,096459D,CRICOS,Added or Changed
C11271,True,096459D,CRICOS,Added or Changed
C11271,True,096459D,CRICOS,Added or Changed
C11271,True,096459D,CRICOS,Added or Changed
C11271,True,096459D,CRICOS,Added or Changed
C11274,True,084266A,CRICOS,Added or Changed
C11274,True,084266A,CRICOS,Added or Changed
C11274,True,084266A,CRICOS,Added or Changed
C11274,True,084266A,CRICOS,Added or Changed
C11274,True,084266A,CRICOS,Added or Changed
C11274,True,084266A,CRICOS,Added or Changed
C11274,True,084266A,CRICOS,Added or Changed
C11274,True,084266A,CRICOS,Added or Changed
C11274,True,084266A,CRICOS,Added or Changed
C11274,True,084266A,CRICOS,Added or Changed
C11274,True,084266A,CRICOS,Added or Changed
C11274,True,084266A,CRICOS,Added or Changed
C11275,True,098384B,CRICOS,Added or Changed
C11275,True,098384B,CRICOS,Added or Changed
C11275,True,098384B,CRICOS,Added or Changed
C11275,True,098384B,CRICOS,Added or Changed
C11275,True,098384B,CRICOS,Added or Changed
C11275,True,098384B,CRICOS,Added or Changed
C11275,True,098384B,CRICOS,Added or Changed
C11275,True,098384B,CRICOS,Added or Changed
C11275,True,098384B,CRICOS,Added or Changed
C11275,True,098384B,CRICOS,Added or Changed
C11275,True,098384B,CRICOS,Added or Changed
C11275,True,098384B,CRICOS,Added or Changed
C11275,True,098384B,CRICOS,Added or Changed
C11275,True,098384B,CRICOS,Added or Changed
C11275,True,098384B,CRICOS,Added or Changed
C11275,True,098384B,CRICOS,Added or Changed
C11275,True,098384B,CRICOS,Added or Changed
C11275,True,098384B,CRICOS,Added or Changed
C11277,True,098054J,CRICOS,Added or Changed
C11277,True,098054J,CRICOS,Added or Changed
C11277,True,098054J,CRICOS,Added or Changed
C11277,True,098054J,CRICOS,Added or Changed
C11277,True,098054J,CRICOS,Added or Changed
C11277,True,098054J,CRICOS,Added or Changed
C11277,True,098054J,CRICOS,Added or Changed
C11277,True,098054J,CRICOS,Added or Changed
C11277,True,098054J,CRICOS,Added or Changed
C11277,True,098054J,CRICOS,Added or Changed
C11277,True,098054J,CRICOS,Added or Changed
C11277,True,098054J,CRICOS,Added or Changed
C11277,True,098054J,CRICOS,Added or Changed
C11277,True,098054J,CRICOS,Added or Changed
C11280,True,0100400,CRICOS,Added or Changed
C11280,True,0100400,CRICOS,Added or Changed
C11280,True,0100400,CRICOS,Added or Changed
C11280,True,0100400,CRICOS,Added or Changed
C11280,True,0100400,CRICOS,Added or Changed
C11280,True,0100400,CRICOS,Added or Changed
C11280,True,0100400,CRICOS,Added or Changed
C11280,True,0100400,CRICOS,Added or Changed
C11281,True,107947D,CRICOS,Added or Changed
C11281,True,107947D,CRICOS,Added or Changed
C11281,True,107947D,CRICOS,Added or Changed
C11281,True,107947D,CRICOS,Added or Changed
C11281,True,107947D,CRICOS,Added or Changed
C11281,True,107947D,CRICOS,Added or Changed
C11281,True,107947D,CRICOS,Added or Changed
C11281,True,107947D,CRICOS,Added or Changed
C11282,True,098049F,CRICOS,Added or Changed
C11282,True,098049F,CRICOS,Added or Changed
C11282,True,098049F,CRICOS,Added or Changed
C11282,True,098049F,CRICOS,Added or Changed
C11283,True,098165B,CRICOS,Added or Changed
C11283,True,098165B,CRICOS,Added or Changed
C11283,True,098165B,CRICOS,Added or Changed
C11283,True,098165B,CRICOS,Added or Changed
C11283,True,098165B,CRICOS,Added or Changed
C11283,True,098165B,CRICOS,Added or Changed
C11283,True,098165B,CRICOS,Added or Changed
C11283,True,098165B,CRICOS,Added or Changed
C11283,True,098165B,CRICOS,Added or Changed
C11283,True,098165B,CRICOS,Added or Changed
C11283,True,098165B,CRICOS,Added or Changed
C11283,True,098165B,CRICOS,Added or Changed
C11283,True,098165B,CRICOS,Added or Changed
C11283,True,098165B,CRICOS,Added or Changed
C11285,True,098059D,CRICOS,Added or Changed
C11285,True,098059D,CRICOS,Added or Changed
C11285,True,098059D,CRICOS,Added or Changed
C11285,True,098059D,CRICOS,Added or Changed
C11287,True,098064G,CRICOS,Added or Changed
C11287,True,098064G,CRICOS,Added or Changed
C11287,True,098064G,CRICOS,Added or Changed
C11287,True,098064G,CRICOS,Added or Changed
C11287,True,098064G,CRICOS,Added or Changed
C11287,True,098064G,CRICOS,Added or Changed
C11287,True,098064G,CRICOS,Added or Changed
C11287,True,098064G,CRICOS,Added or Changed
C11287,True,098064G,CRICOS,Added or Changed
C11287,True,098064G,CRICOS,Added or Changed
C11287,True,098064G,CRICOS,Added or Changed
C11287,True,098064G,CRICOS,Added or Changed
C11287,True,098064G,CRICOS,Added or Changed
C11287,True,098064G,CRICOS,Added or Changed
C11289,True,098416K,CRICOS,Added or Changed
C11289,True,098416K,CRICOS,Added or Changed
C11289,True,098416K,CRICOS,Added or Changed
C11289,True,098416K,CRICOS,Added or Changed
C11292,True,098504K,CRICOS,Added or Changed
C11292,True,098504K,CRICOS,Added or Changed
C11292,True,098504K,CRICOS,Added or Changed
C11292,True,098504K,CRICOS,Added or Changed
C11292,True,098504K,CRICOS,Added or Changed
C11292,True,098504K,CRICOS,Added or Changed
C11292,True,098504K,CRICOS,Added or Changed
C11292,True,098504K,CRICOS,Added or Changed
C11292,True,098504K,CRICOS,Added or Changed
C11292,True,098504K,CRICOS,Added or Changed
C11292,True,098504K,CRICOS,Added or Changed
C11292,True,098504K,CRICOS,Added or Changed
C11292,True,098504K,CRICOS,Added or Changed
C11292,True,098504K,CRICOS,Added or Changed
C11298,True,0101146,CRICOS,Added or Changed
C11298,True,0101146,CRICOS,Added or Changed
C11298,True,0101146,CRICOS,Added or Changed
C11298,True,0101146,CRICOS,Added or Changed
C11298,True,0101146,CRICOS,Added or Changed
C11298,True,0101146,CRICOS,Added or Changed
C11298,True,0101146,CRICOS,Added or Changed
C11298,True,0101146,CRICOS,Added or Changed
C11300,True,0101001,CRICOS,Added or Changed
C11300,True,0101001,CRICOS,Added or Changed
C11300,True,0101001,CRICOS,Added or Changed
C11300,True,0101001,CRICOS,Added or Changed
C11300,True,0101001,CRICOS,Added or Changed
C11300,True,0101001,CRICOS,Added or Changed
C11300,True,0101001,CRICOS,Added or Changed
C11300,True,0101001,CRICOS,Added or Changed
C11300,True,0101001,CRICOS,Added or Changed
C11301,True,0101142,CRICOS,Added or Changed
C11301,True,0101142,CRICOS,Added or Changed
C11301,True,0101142,CRICOS,Added or Changed
C11301,True,0101142,CRICOS,Added or Changed
C11301,True,0101142,CRICOS,Added or Changed
C11301,True,0101142,CRICOS,Added or Changed
C11301,True,0101142,CRICOS,Added or Changed
C11301,True,0101142,CRICOS,Added or Changed
C11301,True,0101142,CRICOS,Added or Changed
C11301,True,0101142,CRICOS,Added or Changed
C11301,True,0101142,CRICOS,Added or Changed
C11301,True,0101142,CRICOS,Added or Changed
C11307,True,104626A,CRICOS,Added or Changed
C11307,True,104626A,CRICOS,Added or Changed
C11307,True,104626A,CRICOS,Added or Changed
C11307,True,104626A,CRICOS,Added or Changed
C11307,True,104626A,CRICOS,Added or Changed
C11307,True,104626A,CRICOS,Added or Changed
C11307,True,104626A,CRICOS,Added or Changed
C11307,True,104626A,CRICOS,Added or Changed
C11326,True,092412G,CRICOS,Added or Changed
C11326,True,092412G,CRICOS,Added or Changed
C11326,True,092412G,CRICOS,Added or Changed
C11326,True,092412G,CRICOS,Added or Changed
C11326,True,092412G,CRICOS,Added or Changed
C11326,True,092412G,CRICOS,Added or Changed
C11326,True,092412G,CRICOS,Added or Changed
C11346,True,107469G,CRICOS,Added or Changed
C11346,True,107469G,CRICOS,Added or Changed
C11346,True,107469G,CRICOS,Added or Changed
C11346,True,107469G,CRICOS,Added or Changed
C11346,True,107469G,CRICOS,Added or Changed
C11346,True,107469G,CRICOS,Added or Changed
C11346,True,107469G,CRICOS,Added or Changed
C11346,True,107469G,CRICOS,Added or Changed
C11354,True,110894H,CRICOS,Added or Changed
C11354,True,110894H,CRICOS,Added or Changed
C11354,True,110894H,CRICOS,Added or Changed
C11354,True,110894H,CRICOS,Added or Changed
C11354,True,110894H,CRICOS,Added or Changed
C20056,True,084260G,CRICOS,Added or Changed
C20056,True,084260G,CRICOS,Added or Changed
C20056,True,084260G,CRICOS,Added or Changed
C20056,True,084260G,CRICOS,Added or Changed
C20056,True,084260G,CRICOS,Added or Changed
C20056,True,084260G,CRICOS,Added or Changed
C20056,True,084260G,CRICOS,Added or Changed
C20056,True,084260G,CRICOS,Added or Changed
C20056,True,084260G,CRICOS,Added or Changed
C20056,True,084260G,CRICOS,Added or Changed
C20056,True,084260G,CRICOS,Added or Changed
C20056,True,084260G,CRICOS,Added or Changed
C20056,True,084260G,CRICOS,Added or Changed
C20056,True,084260G,CRICOS,Added or Changed
C20056,True,084260G,CRICOS,Added or Changed
C20056,True,084260G,CRICOS,Added or Changed
C20056,True,084260G,CRICOS,Added or Changed
C20056,True,084260G,CRICOS,Added or Changed
C30019,True,082432G,CRICOS,Added or Changed
C30019,True,082432G,CRICOS,Added or Changed
C30019,True,082432G,CRICOS,Added or Changed
C30019,True,082432G,CRICOS,Added or Changed
C30019,True,082432G,CRICOS,Added or Changed
C30019,True,082432G,CRICOS,Added or Changed
C30019,True,082432G,CRICOS,Added or Changed
C30019,True,082432G,CRICOS,Added or Changed
C30019,True,082432G,CRICOS,Added or Changed
C30019,True,082432G,CRICOS,Added or Changed
C30019,True,082432G,CRICOS,Added or Changed
C30019,True,082432G,CRICOS,Added or Changed
C30020,True,082433G,CRICOS,Added or Changed
C30020,True,082433G,CRICOS,Added or Changed
C30020,True,082433G,CRICOS,Added or Changed
C30020,True,082433G,CRICOS,Added or Changed
C30020,True,082433G,CRICOS,Added or Changed
C30020,True,082433G,CRICOS,Added or Changed
C30020,True,082433G,CRICOS,Added or Changed
C30020,True,082433G,CRICOS,Added or Changed
C30020,True,082433G,CRICOS,Added or Changed
C30020,True,082433G,CRICOS,Added or Changed
C30020,True,082433G,CRICOS,Added or Changed
C30020,True,082433G,CRICOS,Added or Changed
C50006,True,018126E,CRICOS,Added or Changed
C50006,True,018126E,CRICOS,Added or Changed
C50006,True,018126E,CRICOS,Added or Changed
C50006,True,018126E,CRICOS,Added or Changed
C50006,True,018126E,CRICOS,Added or Changed
C50006,True,018126E,CRICOS,Added or Changed
C50006,True,018126E,CRICOS,Added or Changed
C50006,True,018126E,CRICOS,Added or Changed
C50006,True,018126E,CRICOS,Added or Changed
C50006,True,018126E,CRICOS,Added or Changed
C50006,True,018126E,CRICOS,Added or Changed
C50006,True,018126E,CRICOS,Added or Changed
C50006,True,018126E,CRICOS,Added or Changed
C50006,True,018126E,CRICOS,Added or Changed
C50006,True,018126E,CRICOS,Added or Changed
C50006,True,018126E,CRICOS,Added or Changed
C50006,True,018126E,CRICOS,Added or Changed
C50006,True,018126E,CRICOS,Added or Changed
C50006,True,018126E,CRICOS,Added or Changed
C50006,True,018126E,CRICOS,Added or Changed
C50006,True,018126E,CRICOS,Added or Changed
C50006,True,018126E,CRICOS,Added or Changed
C50006,True,018126E,CRICOS,Added or Changed
C50006,True,018126E,CRICOS,Added or Changed
C50006,True,018126E,CRICOS,Added or Changed
C50006,True,018126E,CRICOS,Added or Changed
C50007,True,012083D,CRICOS,Added or Changed
C50007,True,012083D,CRICOS,Added or Changed
C50007,True,012083D,CRICOS,Added or Changed
C50007,True,012083D,CRICOS,Added or Changed
C50007,True,012083D,CRICOS,Added or Changed
C50007,True,012083D,CRICOS,Added or Changed
C50007,True,012083D,CRICOS,Added or Changed
C50007,True,012083D,CRICOS,Added or Changed
C50007,True,012083D,CRICOS,Added or Changed
C50007,True,012083D,CRICOS,Added or Changed
C50007,True,012083D,CRICOS,Added or Changed
C50007,True,012083D,CRICOS,Added or Changed
C50007,True,012083D,CRICOS,Added or Changed
C50007,True,012083D,CRICOS,Added or Changed
C50007,True,012083D,CRICOS,Added or Changed
C50007,True,012083D,CRICOS,Added or Changed
C50007,True,012083D,CRICOS,Added or Changed
C50007,True,012083D,CRICOS,Added or Changed
C50008,True,066310G,CRICOS,Added or Changed
C50008,True,066310G,CRICOS,Added or Changed
C50008,True,066310G,CRICOS,Added or Changed
C50008,True,066310G,CRICOS,Added or Changed
C50008,True,066310G,CRICOS,Added or Changed
C50008,True,066310G,CRICOS,Added or Changed
C50008,True,066310G,CRICOS,Added or Changed
C50008,True,066310G,CRICOS,Added or Changed
C50008,True,066310G,CRICOS,Added or Changed
C50008,True,066310G,CRICOS,Added or Changed
C50008,True,066310G,CRICOS,Added or Changed
C50008,True,066310G,CRICOS,Added or Changed
C50008,True,066310G,CRICOS,Added or Changed
C50008,True,066310G,CRICOS,Added or Changed
C50008,True,066310G,CRICOS,Added or Changed
C50008,True,066310G,CRICOS,Added or Changed
C50008,True,066310G,CRICOS,Added or Changed
C50008,True,066310G,CRICOS,Added or Changed
C50008,True,066310G,CRICOS,Added or Changed
C50008,True,066310G,CRICOS,Added or Changed
C50008,True,066310G,CRICOS,Added or Changed
C50008,True,066310G,CRICOS,Added or Changed
C50008,True,066310G,CRICOS,Added or Changed
C50008,True,066310G,CRICOS,Added or Changed
C50008,True,066310G,CRICOS,Added or Changed
C50008,True,066310G,CRICOS,Added or Changed
C50008,True,066310G,CRICOS,Added or Changed
C50008,True,066310G,CRICOS,Added or Changed
C50008,True,066310G,CRICOS,Added or Changed
C50008,True,066310G,CRICOS,Added or Changed
C50008,True,066310G,CRICOS,Added or Changed
C50008,True,066310G,CRICOS,Added or Changed
C50008,True,066310G,CRICOS,Added or Changed
C50008,True,066310G,CRICOS,Added or Changed
C50008,True,066310G,CRICOS,Added or Changed
C50009,True,018126E,CRICOS,Added or Changed
C50009,True,018126E,CRICOS,Added or Changed
C50009,True,018126E,CRICOS,Added or Changed
C50009,True,018126E,CRICOS,Added or Changed
C50009,True,018126E,CRICOS,Added or Changed
C50009,True,018126E,CRICOS,Added or Changed
C50009,True,018126E,CRICOS,Added or Changed
C50009,True,018126E,CRICOS,Added or Changed
C50009,True,018126E,CRICOS,Added or Changed
C50009,True,018126E,CRICOS,Added or Changed
C50009,True,018126E,CRICOS,Added or Changed
C50009,True,018126E,CRICOS,Added or Changed
C50009,True,018126E,CRICOS,Added or Changed
C50009,True,018126E,CRICOS,Added or Changed
C50009,True,018126E,CRICOS,Added or Changed
C50009,True,018126E,CRICOS,Added or Changed
C50009,True,018126E,CRICOS,Added or Changed
C50009,True,018126E,CRICOS,Added or Changed
C50009,True,018126E,CRICOS,Added or Changed
C50009,True,018126E,CRICOS,Added or Changed
C50009,True,018126E,CRICOS,Added or Changed
C50009,True,018126E,CRICOS,Added or Changed
C50009,True,018126E,CRICOS,Added or Changed
C50009,True,018126E,CRICOS,Added or Changed
C50009,True,018126E,CRICOS,Added or Changed
C50009,True,018126E,CRICOS,Added or Changed
C50009,True,018126E,CRICOS,Added or Changed
C50009,True,018126E,CRICOS,Added or Changed
C50009,True,018126E,CRICOS,Added or Changed
C50009,True,018126E,CRICOS,Added or Changed
C50009,True,018126E,CRICOS,Added or Changed
