academic_item,applies_to_all_offerings,code,type
C03001,True,008672F,CRICOS
C03001,True,008672F,CRICOS
C03001,True,008672F,CRICOS
C03001,True,008672F,CRICOS
C03001,True,008672F,CRICOS
C03001,True,008672F,CRICOS
C03001,True,008672F,CRICOS
C03001,True,008672F,CRICOS
C03001,True,008672F,CRICOS
C03001,True,008672F,CRICOS
C03001,True,008672F,CRICOS
C03001,True,008672F,CRICOS
C03001,True,008672F,CRICOS
C03001,True,008672F,CRICOS
C03001,True,008672F,CRICOS
C03001,True,008672F,CRICOS
C03001,True,008672F,CRICOS
C03001,True,008672F,CRICOS
C03001,True,008672F,CRICOS
C03001,True,008672F,CRICOS
C03001,True,008672F,CRICOS
C03001,True,008672F,CRICOS
C03002,True,008674D,CRICOS
C03002,True,008674D,CRICOS
C03002,True,008674D,CRICOS
C03002,True,008674D,CRICOS
C03002,True,008674D,CRICOS
C03002,True,008674D,CRICOS
C03002,True,008674D,CRICOS
C03002,True,008674D,CRICOS
C03002,True,008674D,CRICOS
C03002,True,008674D,CRICOS
C03002,True,008674D,CRICOS
C03002,True,008674D,CRICOS
C03002,True,008674D,CRICOS
C03002,True,008674D,CRICOS
C03002,True,008674D,CRICOS
C03002,True,008674D,CRICOS
C03002,True,008674D,CRICOS
C03002,True,008674D,CRICOS
C03002,True,008674D,CRICOS
C03002,True,008674D,CRICOS
C03002,True,008674D,CRICOS
C03002,True,008674D,CRICOS
C03012,True,030867M,CRICOS
C03012,True,030867M,CRICOS
C03012,True,030867M,CRICOS
C03012,True,030867M,CRICOS
C03012,True,030867M,CRICOS
C03012,True,030867M,CRICOS
C03012,True,030867M,CRICOS
C03012,True,030867M,CRICOS
C03012,True,030867M,CRICOS
C03012,True,030867M,CRICOS
C03012,True,030867M,CRICOS
C03012,True,030867M,CRICOS
C03012,True,030867M,CRICOS
C03012,True,030867M,CRICOS
C03012,True,030867M,CRICOS
C03012,True,030867M,CRICOS
C03012,True,030867M,CRICOS
C03012,True,030867M,CRICOS
C03012,True,030867M,CRICOS
C03012,True,030867M,CRICOS
C03012,True,030867M,CRICOS
C03012,True,030867M,CRICOS
C03017,True,009468B,CRICOS
C03017,True,009468B,CRICOS
C03017,True,009468B,CRICOS
C03017,True,009468B,CRICOS
C03017,True,009468B,CRICOS
C03017,True,009468B,CRICOS
C03024,True,006407F,CRICOS
C03024,True,006407F,CRICOS
C03024,True,006407F,CRICOS
C03024,True,006407F,CRICOS
C03024,True,006407F,CRICOS
C03024,True,006407F,CRICOS
C03024,True,006407F,CRICOS
C03024,True,006407F,CRICOS
C03024,True,006407F,CRICOS
C03024,True,006407F,CRICOS
C03024,True,006407F,CRICOS
C03024,True,006407F,CRICOS
C03024,True,006407F,CRICOS
C03024,True,006407F,CRICOS
C03024,True,006407F,CRICOS
C03024,True,006407F,CRICOS
C03024,True,006407F,CRICOS
C03024,True,006407F,CRICOS
C03024,True,006407F,CRICOS
C03024,True,006407F,CRICOS
C03024,True,006407F,CRICOS
C03024,True,006407F,CRICOS
C03025,True,001121E,CRICOS
C03025,True,001121E,CRICOS
C03025,True,001121E,CRICOS
C03025,True,001121E,CRICOS
C03025,True,001121E,CRICOS
C03025,True,001121E,CRICOS
C03026,True,032335A,CRICOS
C03026,True,032335A,CRICOS
C03026,True,032335A,CRICOS
C03026,True,032335A,CRICOS
C03026,True,032335A,CRICOS
C03026,True,032335A,CRICOS
C03026,True,032335A,CRICOS
C03026,True,032335A,CRICOS
C03026,True,032335A,CRICOS
C03026,True,032335A,CRICOS
C03026,True,032335A,CRICOS
C03026,True,032335A,CRICOS
C03026,True,032335A,CRICOS
C03026,True,032335A,CRICOS
C03026,True,032335A,CRICOS
C03026,True,032335A,CRICOS
C03026,True,032335A,CRICOS
C03026,True,032335A,CRICOS
C03026,True,032335A,CRICOS
C03026,True,032335A,CRICOS
C03026,True,032335A,CRICOS
C03026,True,032335A,CRICOS
C03029,True,030869J,CRICOS
C03029,True,030869J,CRICOS
C03029,True,030869J,CRICOS
C03029,True,030869J,CRICOS
C03029,True,030869J,CRICOS
C03029,True,030869J,CRICOS
C03029,True,030869J,CRICOS
C03029,True,030869J,CRICOS
C03029,True,030869J,CRICOS
C03029,True,030869J,CRICOS
C03029,True,030869J,CRICOS
C03029,True,030869J,CRICOS
C03029,True,030869J,CRICOS
C03029,True,030869J,CRICOS
C03029,True,030869J,CRICOS
C03029,True,030869J,CRICOS
C03029,True,030869J,CRICOS
C03029,True,030869J,CRICOS
C03029,True,030869J,CRICOS
C03029,True,030869J,CRICOS
C03029,True,030869J,CRICOS
C03029,True,030869J,CRICOS
C03032,True,028886D,CRICOS
C03032,True,028886D,CRICOS
C03032,True,028886D,CRICOS
C03032,True,028886D,CRICOS
C03032,True,028886D,CRICOS
C03032,True,028886D,CRICOS
C03032,True,028886D,CRICOS
C03032,True,028886D,CRICOS
C03032,True,028886D,CRICOS
C03032,True,028886D,CRICOS
C03032,True,028886D,CRICOS
C03032,True,028886D,CRICOS
C03032,True,028886D,CRICOS
C03032,True,028886D,CRICOS
C03032,True,028886D,CRICOS
C03032,True,028886D,CRICOS
C03032,True,028886D,CRICOS
C03032,True,028886D,CRICOS
C03032,True,028886D,CRICOS
C03032,True,028886D,CRICOS
C03032,True,028886D,CRICOS
C03032,True,028886D,CRICOS
C03032,True,028886D,CRICOS
C03032,True,028886D,CRICOS
C03048,True,052679M,CRICOS
C03048,True,052679M,CRICOS
C03048,True,052679M,CRICOS
C03048,True,052679M,CRICOS
C03048,True,052679M,CRICOS
C03048,True,052679M,CRICOS
C03048,True,052679M,CRICOS
C03048,True,052679M,CRICOS
C03048,True,052679M,CRICOS
C03048,True,052679M,CRICOS
C03048,True,052679M,CRICOS
C03048,True,052679M,CRICOS
C03048,True,052679M,CRICOS
C03048,True,052679M,CRICOS
C03048,True,052679M,CRICOS
C03048,True,052679M,CRICOS
C03048,True,052679M,CRICOS
C03048,True,052679M,CRICOS
C03049,True,052680G,CRICOS
C03049,True,052680G,CRICOS
C03049,True,052680G,CRICOS
C03049,True,052680G,CRICOS
C03049,True,052680G,CRICOS
C03049,True,052680G,CRICOS
C03049,True,052680G,CRICOS
C03049,True,052680G,CRICOS
C03049,True,052680G,CRICOS
C03049,True,052680G,CRICOS
C03049,True,052680G,CRICOS
C03049,True,052680G,CRICOS
C03049,True,052680G,CRICOS
C03049,True,052680G,CRICOS
C03049,True,052680G,CRICOS
C03049,True,052680G,CRICOS
C03049,True,052680G,CRICOS
C03049,True,052680G,CRICOS
C03050,True,055629G,CRICOS
C03050,True,055629G,CRICOS
C03050,True,055629G,CRICOS
C03050,True,055629G,CRICOS
C03050,True,055629G,CRICOS
C03050,True,055629G,CRICOS
C03050,True,055629G,CRICOS
C03050,True,055629G,CRICOS
C03050,True,055629G,CRICOS
C03050,True,055629G,CRICOS
C03050,True,055629G,CRICOS
C03050,True,055629G,CRICOS
C03050,True,055629G,CRICOS
C03050,True,055629G,CRICOS
C03050,True,055629G,CRICOS
C03050,True,055629G,CRICOS
C03050,True,055629G,CRICOS
C03050,True,055629G,CRICOS
C03051,True,075277F,CRICOS
C03051,True,075277F,CRICOS
C03051,True,075277F,CRICOS
C03051,True,075277F,CRICOS
C03051,True,075277F,CRICOS
C03051,True,075277F,CRICOS
C03053,True,076138J,CRICOS
C03053,True,076138J,CRICOS
C03053,True,076138J,CRICOS
C03053,True,076138J,CRICOS
C03053,True,076138J,CRICOS
C03053,True,076138J,CRICOS
C03053,True,076138J,CRICOS
C03053,True,076138J,CRICOS
C03053,True,076138J,CRICOS
C03053,True,076138J,CRICOS
C03053,True,076138J,CRICOS
C03053,True,076138J,CRICOS
C03054,True,076139G,CRICOS
C03054,True,076139G,CRICOS
C03054,True,076139G,CRICOS
C03054,True,076139G,CRICOS
C03054,True,076139G,CRICOS
C03054,True,076139G,CRICOS
C03054,True,076139G,CRICOS
C03054,True,076139G,CRICOS
C03054,True,076139G,CRICOS
C03054,True,076139G,CRICOS
C03054,True,076139G,CRICOS
C03054,True,076139G,CRICOS
C03055,True,032336M,CRICOS
C03055,True,032336M,CRICOS
C03055,True,032336M,CRICOS
C03055,True,032336M,CRICOS
C03056,True,086292E,CRICOS
C03056,True,086292E,CRICOS
C03056,True,086292E,CRICOS
C03056,True,086292E,CRICOS
C03056,True,086292E,CRICOS
C03056,True,086292E,CRICOS
C03056,True,086292E,CRICOS
C03056,True,086292E,CRICOS
C03056,True,086292E,CRICOS
C03056,True,086292E,CRICOS
C03056,True,086292E,CRICOS
C03056,True,086292E,CRICOS
C03057,True,086291F,CRICOS
C03057,True,086291F,CRICOS
C03057,True,086291F,CRICOS
C03057,True,086291F,CRICOS
C03057,True,086291F,CRICOS
C03057,True,086291F,CRICOS
C03057,True,086291F,CRICOS
C03057,True,086291F,CRICOS
C03057,True,086291F,CRICOS
C03057,True,086291F,CRICOS
C03057,True,086291F,CRICOS
C03057,True,086291F,CRICOS
C03059,True,091974C,CRICOS
C03059,True,091974C,CRICOS
C03059,True,091974C,CRICOS
C03059,True,091974C,CRICOS
C03059,True,091974C,CRICOS
C03059,True,091974C,CRICOS
C03059,True,091974C,CRICOS
C03059,True,091974C,CRICOS
C03059,True,091974C,CRICOS
C03059,True,091974C,CRICOS
C03059,True,091974C,CRICOS
C03059,True,091974C,CRICOS
C03061,True,098375C,CRICOS
C03061,True,098375C,CRICOS
C03061,True,098375C,CRICOS
C03061,True,098375C,CRICOS
C03061,True,098375C,CRICOS
C03061,True,098375C,CRICOS
C03061,True,098375C,CRICOS
C03061,True,098375C,CRICOS
C03061,True,098375C,CRICOS
C03061,True,098375C,CRICOS
C03061,True,098375C,CRICOS
C03061,True,098375C,CRICOS
C03061,True,098375C,CRICOS
C03061,True,098375C,CRICOS
C03062,True,098382D,CRICOS
C03062,True,098382D,CRICOS
C03062,True,098382D,CRICOS
C03062,True,098382D,CRICOS
C03062,True,098382D,CRICOS
C03062,True,098382D,CRICOS
C03062,True,098382D,CRICOS
C03062,True,098382D,CRICOS
C03062,True,098382D,CRICOS
C03062,True,098382D,CRICOS
C03062,True,098382D,CRICOS
C03062,True,098382D,CRICOS
C03062,True,098382D,CRICOS
C03062,True,098382D,CRICOS
C03063,True,098418G,CRICOS
C03063,True,098418G,CRICOS
C03063,True,098418G,CRICOS
C03063,True,098418G,CRICOS
C03063,True,098418G,CRICOS
C03063,True,098418G,CRICOS
C03063,True,098418G,CRICOS
C03063,True,098418G,CRICOS
C03063,True,098418G,CRICOS
C03063,True,098418G,CRICOS
C03063,True,098418G,CRICOS
C03063,True,098418G,CRICOS
C03063,True,098418G,CRICOS
C03063,True,098418G,CRICOS
C03064,True,099357G,CRICOS
C03064,True,099357G,CRICOS
C03064,True,099357G,CRICOS
C03064,True,099357G,CRICOS
C03064,True,099357G,CRICOS
C03064,True,099357G,CRICOS
C03064,True,099357G,CRICOS
C03064,True,099357G,CRICOS
C03064,True,099357G,CRICOS
C03064,True,099357G,CRICOS
C03064,True,099357G,CRICOS
C03064,True,099357G,CRICOS
C03064,True,099357G,CRICOS
C03066,True,102189M,CRICOS
C03066,True,102189M,CRICOS
C03066,True,102189M,CRICOS
C03066,True,102189M,CRICOS
C03066,True,102189M,CRICOS
C03066,True,102189M,CRICOS
C03066,True,102189M,CRICOS
C03066,True,102189M,CRICOS
C03066,True,102189M,CRICOS
C03066,True,102189M,CRICOS
C03066,True,102189M,CRICOS
C03067,True,102187B,CRICOS
C03067,True,102187B,CRICOS
C03067,True,102187B,CRICOS
C03067,True,102187B,CRICOS
C03067,True,102187B,CRICOS
C03067,True,102187B,CRICOS
C03067,True,102187B,CRICOS
C03067,True,102187B,CRICOS
C03067,True,102187B,CRICOS
C03067,True,102187B,CRICOS
C03067,True,102187B,CRICOS
C03068,True,0100293,CRICOS
C03068,True,0100293,CRICOS
C03068,True,0100293,CRICOS
C03068,True,0100293,CRICOS
C03068,True,0100293,CRICOS
C03068,True,0100293,CRICOS
C03068,True,0100293,CRICOS
C03068,True,0100293,CRICOS
C03068,True,0100293,CRICOS
C03068,True,0100293,CRICOS
C03069,True,109388C,CRICOS
C03069,True,109388C,CRICOS
C03069,True,109388C,CRICOS
C03069,True,109388C,CRICOS
C03069,True,109388C,CRICOS
C03069,True,109388C,CRICOS
C03069,True,109388C,CRICOS
C04006,True,001099J,CRICOS
C04006,True,001099J,CRICOS
C04006,True,001099J,CRICOS
C04006,True,001099J,CRICOS
C04006,True,001099J,CRICOS
C04006,True,001099J,CRICOS
C04007,True,064794J,CRICOS
C04007,True,064794J,CRICOS
C04007,True,064794J,CRICOS
C04007,True,064794J,CRICOS
C04007,True,064794J,CRICOS
C04007,True,064794J,CRICOS
C04007,True,064794J,CRICOS
C04007,True,064794J,CRICOS
C04007,True,064794J,CRICOS
C04007,True,064794J,CRICOS
C04007,True,064794J,CRICOS
C04007,True,064794J,CRICOS
C04007,True,064794J,CRICOS
C04007,True,064794J,CRICOS
C04007,True,064794J,CRICOS
C04007,True,064794J,CRICOS
C04007,True,064794J,CRICOS
C04007,True,064794J,CRICOS
C04007,True,064794J,CRICOS
C04007,True,064794J,CRICOS
C04007,True,064794J,CRICOS
C04007,True,064794J,CRICOS
C04007,True,064794J,CRICOS
C04007,True,064794J,CRICOS
C04007,True,064794J,CRICOS
C04007,True,064794J,CRICOS
C04007,True,064794J,CRICOS
C04007,True,064794J,CRICOS
C04008,True,019745C,CRICOS
C04008,True,019745C,CRICOS
C04008,True,019745C,CRICOS
C04008,True,019745C,CRICOS
C04008,True,019745C,CRICOS
C04008,True,019745C,CRICOS
C04008,True,019745C,CRICOS
C04008,True,019745C,CRICOS
C04008,True,019745C,CRICOS
C04008,True,019745C,CRICOS
C04008,True,019745C,CRICOS
C04008,True,019745C,CRICOS
C04008,True,019745C,CRICOS
C04008,True,019745C,CRICOS
C04008,True,019745C,CRICOS
C04008,True,019745C,CRICOS
C04008,True,019745C,CRICOS
C04008,True,019745C,CRICOS
C04008,True,019745C,CRICOS
C04008,True,019745C,CRICOS
C04008,True,019745C,CRICOS
C04008,True,019745C,CRICOS
C04008,True,019745C,CRICOS
C04018,True,025004A,CRICOS
C04018,True,025004A,CRICOS
C04018,True,025004A,CRICOS
C04018,True,025004A,CRICOS
C04018,True,025004A,CRICOS
C04038,True,036577F,CRICOS
C04038,True,036577F,CRICOS
C04038,True,036577F,CRICOS
C04038,True,036577F,CRICOS
C04038,True,036577F,CRICOS
C04038,True,036577F,CRICOS
C04038,True,036577F,CRICOS
C04038,True,036577F,CRICOS
C04038,True,036577F,CRICOS
C04038,True,036577F,CRICOS
C04038,True,036577F,CRICOS
C04048,True,036581K,CRICOS
C04048,True,036581K,CRICOS
C04048,True,036581K,CRICOS
C04048,True,036581K,CRICOS
C04143,True,001125A,CRICOS
C04143,True,001125A,CRICOS
C04143,True,001125A,CRICOS
C04143,True,001125A,CRICOS
C04143,True,001125A,CRICOS
C04143,True,001125A,CRICOS
C04143,True,001125A,CRICOS
C04143,True,001125A,CRICOS
C04143,True,001125A,CRICOS
C04143,True,001125A,CRICOS
C04143,True,001125A,CRICOS
C04143,True,001125A,CRICOS
C04143,True,001125A,CRICOS
C04143,True,001125A,CRICOS
C04143,True,001125A,CRICOS
C04143,True,001125A,CRICOS
C04143,True,001125A,CRICOS
C04143,True,001125A,CRICOS
C04143,True,001125A,CRICOS
C04143,True,001125A,CRICOS
C04143,True,001125A,CRICOS
C04143,True,001125A,CRICOS
C04143,True,001125A,CRICOS
C04143,True,001125A,CRICOS
C04143,True,001125A,CRICOS
C04143,True,001125A,CRICOS
C04143,True,001125A,CRICOS
C04222,True,096325G,CRICOS
C04222,True,096325G,CRICOS
C04222,True,096325G,CRICOS
C04222,True,096325G,CRICOS
C04222,True,096325G,CRICOS
C04222,True,096325G,CRICOS
C04222,True,096325G,CRICOS
C04222,True,096325G,CRICOS
C04222,True,096325G,CRICOS
C04222,True,096325G,CRICOS
C04222,True,096325G,CRICOS
C04222,True,096325G,CRICOS
C04222,True,096325G,CRICOS
C04222,True,096325G,CRICOS
C04222,True,096325G,CRICOS
C04222,True,096325G,CRICOS
C04222,True,096325G,CRICOS
C04234,True,096324G,CRICOS
C04234,True,096324G,CRICOS
C04234,True,096324G,CRICOS
C04234,True,096324G,CRICOS
C04234,True,096324G,CRICOS
C04234,True,096324G,CRICOS
C04234,True,096324G,CRICOS
C04234,True,096324G,CRICOS
C04234,True,096324G,CRICOS
C04234,True,096324G,CRICOS
C04234,True,096324G,CRICOS
C04234,True,096324G,CRICOS
C04234,True,096324G,CRICOS
C04234,True,096324G,CRICOS
C04234,True,096324G,CRICOS
C04234,True,096324G,CRICOS
C04234,True,096324G,CRICOS
C04235,True,061397B,CRICOS
C04235,True,061397B,CRICOS
C04235,True,061397B,CRICOS
C04235,True,061397B,CRICOS
C04235,True,061397B,CRICOS
C04235,True,061397B,CRICOS
C04235,True,061397B,CRICOS
C04235,True,061397B,CRICOS
C04235,True,061397B,CRICOS
C04235,True,061397B,CRICOS
C04235,True,061397B,CRICOS
C04235,True,061397B,CRICOS
C04235,True,061397B,CRICOS
C04235,True,061397B,CRICOS
C04235,True,061397B,CRICOS
C04235,True,061397B,CRICOS
C04235,True,061397B,CRICOS
C04235,True,061397B,CRICOS
C04235,True,061397B,CRICOS
C04235,True,061397B,CRICOS
C04235,True,061397B,CRICOS
C04235,True,061397B,CRICOS
C04235,True,061397B,CRICOS
C04235,True,061397B,CRICOS
C04235,True,061397B,CRICOS
C04235,True,061397B,CRICOS
C04236,True,060932C,CRICOS
C04236,True,060932C,CRICOS
C04236,True,060932C,CRICOS
C04236,True,060932C,CRICOS
C04236,True,060932C,CRICOS
C04236,True,060932C,CRICOS
C04236,True,060932C,CRICOS
C04236,True,060932C,CRICOS
C04236,True,060932C,CRICOS
C04236,True,060932C,CRICOS
C04236,True,060932C,CRICOS
C04236,True,060932C,CRICOS
C04236,True,060932C,CRICOS
C04236,True,060932C,CRICOS
C04236,True,060932C,CRICOS
C04236,True,060932C,CRICOS
C04236,True,060932C,CRICOS
C04236,True,060932C,CRICOS
C04236,True,060932C,CRICOS
C04236,True,060932C,CRICOS
C04236,True,060932C,CRICOS
C04236,True,060932C,CRICOS
C04236,True,060932C,CRICOS
C04236,True,060932C,CRICOS
C04236,True,060932C,CRICOS
C04236,True,060932C,CRICOS
C04236,True,060932C,CRICOS
C04236,True,060932C,CRICOS
C04237,True,061286J,CRICOS
C04237,True,061286J,CRICOS
C04237,True,061286J,CRICOS
C04237,True,061286J,CRICOS
C04237,True,061286J,CRICOS
C04237,True,061286J,CRICOS
C04237,True,061286J,CRICOS
C04237,True,061286J,CRICOS
C04237,True,061286J,CRICOS
C04238,True,061285K,CRICOS
C04238,True,061285K,CRICOS
C04238,True,061285K,CRICOS
C04238,True,061285K,CRICOS
C04238,True,061285K,CRICOS
C04238,True,061285K,CRICOS
C04238,True,061285K,CRICOS
C04238,True,061285K,CRICOS
C04238,True,061285K,CRICOS
C04241,True,071909M,CRICOS
C04241,True,071909M,CRICOS
C04241,True,071909M,CRICOS
C04241,True,071909M,CRICOS
C04241,True,071909M,CRICOS
C04241,True,071909M,CRICOS
C04250,True,074765J,CRICOS
C04250,True,074765J,CRICOS
C04250,True,074765J,CRICOS
C04250,True,074765J,CRICOS
C04250,True,074765J,CRICOS
C04250,True,074765J,CRICOS
C04250,True,074765J,CRICOS
C04250,True,074765J,CRICOS
C04252,True,074915M,CRICOS
C04252,True,074915M,CRICOS
C04252,True,074915M,CRICOS
C04252,True,074915M,CRICOS
C04252,True,074915M,CRICOS
C04252,True,074915M,CRICOS
C04252,True,074915M,CRICOS
C04252,True,074915M,CRICOS
C04252,True,074915M,CRICOS
C04252,True,074915M,CRICOS
C04252,True,074915M,CRICOS
C04252,True,074915M,CRICOS
C04252,True,074915M,CRICOS
C04252,True,074915M,CRICOS
C04252,True,074915M,CRICOS
C04252,True,074915M,CRICOS
C04252,True,074915M,CRICOS
C04255,True,080952M,CRICOS
C04255,True,080952M,CRICOS
C04255,True,080952M,CRICOS
C04255,True,080952M,CRICOS
C04255,True,080952M,CRICOS
C04255,True,080952M,CRICOS
C04255,True,080952M,CRICOS
C04255,True,080952M,CRICOS
C04255,True,080952M,CRICOS
C04255,True,080952M,CRICOS
C04258,True,077375K,CRICOS
C04258,True,077375K,CRICOS
C04258,True,077375K,CRICOS
C04258,True,077375K,CRICOS
C04259,True,077377G,CRICOS
C04259,True,077377G,CRICOS
C04259,True,077377G,CRICOS
C04259,True,077377G,CRICOS
C04259,True,077377G,CRICOS
C04259,True,077377G,CRICOS
C04259,True,077377G,CRICOS
C04259,True,077377G,CRICOS
C04259,True,077377G,CRICOS
C04260,True,077380B,CRICOS
C04260,True,077380B,CRICOS
C04260,True,077380B,CRICOS
C04260,True,077380B,CRICOS
C04260,True,077380B,CRICOS
C04260,True,077380B,CRICOS
C04260,True,077380B,CRICOS
C04260,True,077380B,CRICOS
C04264,True,080598B,CRICOS
C04264,True,080598B,CRICOS
C04264,True,080598B,CRICOS
C04264,True,080598B,CRICOS
C04264,True,080598B,CRICOS
C04264,True,080598B,CRICOS
C04264,True,080598B,CRICOS
C04264,True,080598B,CRICOS
C04264,True,080598B,CRICOS
C04264,True,080598B,CRICOS
C04264,True,080598B,CRICOS
C04264,True,080598B,CRICOS
C04264,True,080598B,CRICOS
C04264,True,080598B,CRICOS
C04264,True,080598B,CRICOS
C04264,True,080598B,CRICOS
C04264,True,080598B,CRICOS
C04264,True,080598B,CRICOS
C04264,True,080598B,CRICOS
C04264,True,080598B,CRICOS
C04264,True,080598B,CRICOS
C04264,True,080598B,CRICOS
C04264,True,080598B,CRICOS
C04264,True,080598B,CRICOS
C04264,True,080598B,CRICOS
C04265,True,080273A,CRICOS
C04265,True,080273A,CRICOS
C04265,True,080273A,CRICOS
C04265,True,080273A,CRICOS
C04265,True,080273A,CRICOS
C04265,True,080273A,CRICOS
C04267,True,080272B,CRICOS
C04267,True,080272B,CRICOS
C04267,True,080272B,CRICOS
C04267,True,080272B,CRICOS
C04267,True,080272B,CRICOS
C04267,True,080272B,CRICOS
C04270,True,080271C,CRICOS
C04270,True,080271C,CRICOS
C04270,True,080271C,CRICOS
C04270,True,080271C,CRICOS
C04270,True,080271C,CRICOS
C04270,True,080271C,CRICOS
C04270,True,080271C,CRICOS
C04270,True,080271C,CRICOS
C04270,True,080271C,CRICOS
C04270,True,080271C,CRICOS
C04270,True,080271C,CRICOS
C04270,True,080271C,CRICOS
C04270,True,080271C,CRICOS
C04270,True,080271C,CRICOS
C04270,True,080271C,CRICOS
C04270,True,080271C,CRICOS
C04271,True,081087F,CRICOS
C04271,True,081087F,CRICOS
C04271,True,081087F,CRICOS
C04271,True,081087F,CRICOS
C04271,True,081087F,CRICOS
C04271,True,081087F,CRICOS
C04271,True,081087F,CRICOS
C04271,True,081087F,CRICOS
C04271,True,081087F,CRICOS
C04271,True,081087F,CRICOS
C04271,True,081087F,CRICOS
C04271,True,081087F,CRICOS
C04271,True,081087F,CRICOS
C04271,True,081087F,CRICOS
C04272,True,081089D,CRICOS
C04272,True,081089D,CRICOS
C04272,True,081089D,CRICOS
C04272,True,081089D,CRICOS
C04272,True,081089D,CRICOS
C04272,True,081089D,CRICOS
C04272,True,081089D,CRICOS
C04272,True,081089D,CRICOS
C04272,True,081089D,CRICOS
C04272,True,081089D,CRICOS
C04272,True,081089D,CRICOS
C04272,True,081089D,CRICOS
C04272,True,081089D,CRICOS
C04272,True,081089D,CRICOS
C04272,True,081089D,CRICOS
C04272,True,081089D,CRICOS
C04272,True,081089D,CRICOS
C04272,True,081089D,CRICOS
C04272,True,081089D,CRICOS
C04272,True,081089D,CRICOS
C04272,True,081089D,CRICOS
C04273,True,081095F,CRICOS
C04273,True,081095F,CRICOS
C04273,True,081095F,CRICOS
C04273,True,081095F,CRICOS
C04273,True,081095F,CRICOS
C04273,True,081095F,CRICOS
C04273,True,081095F,CRICOS
C04273,True,081095F,CRICOS
C04273,True,081095F,CRICOS
C04273,True,081095F,CRICOS
C04273,True,081095F,CRICOS
C04273,True,081095F,CRICOS
C04273,True,081095F,CRICOS
C04273,True,081095F,CRICOS
C04274,True,081096E,CRICOS
C04274,True,081096E,CRICOS
C04274,True,081096E,CRICOS
C04274,True,081096E,CRICOS
C04274,True,081096E,CRICOS
C04274,True,081096E,CRICOS
C04274,True,081096E,CRICOS
C04274,True,081096E,CRICOS
C04275,True,081088E,CRICOS
C04275,True,081088E,CRICOS
C04275,True,081088E,CRICOS
C04275,True,081088E,CRICOS
C04275,True,081088E,CRICOS
C04275,True,081088E,CRICOS
C04275,True,081088E,CRICOS
C04275,True,081088E,CRICOS
C04275,True,081088E,CRICOS
C04275,True,081088E,CRICOS
C04275,True,081088E,CRICOS
C04275,True,081088E,CRICOS
C04275,True,081088E,CRICOS
C04275,True,081088E,CRICOS
C04275,True,081088E,CRICOS
C04275,True,081088E,CRICOS
C04275,True,081088E,CRICOS
C04275,True,081088E,CRICOS
C04275,True,081088E,CRICOS
C04275,True,081088E,CRICOS
C04275,True,081088E,CRICOS
C04275,True,081088E,CRICOS
C04275,True,081088E,CRICOS
C04275,True,081088E,CRICOS
C04277,True,081094G,CRICOS
C04277,True,081094G,CRICOS
C04277,True,081094G,CRICOS
C04277,True,081094G,CRICOS
C04277,True,081094G,CRICOS
C04277,True,081094G,CRICOS
C04277,True,081094G,CRICOS
C04277,True,081094G,CRICOS
C04278,True,081093G,CRICOS
C04278,True,081093G,CRICOS
C04278,True,081093G,CRICOS
C04278,True,081093G,CRICOS
C04278,True,081093G,CRICOS
C04278,True,081093G,CRICOS
C04278,True,081093G,CRICOS
C04278,True,081093G,CRICOS
C04285,True,084673G,CRICOS
C04285,True,084673G,CRICOS
C04285,True,084673G,CRICOS
C04285,True,084673G,CRICOS
C04285,True,084673G,CRICOS
C04285,True,084673G,CRICOS
C04285,True,084673G,CRICOS
C04285,True,084673G,CRICOS
C04285,True,084673G,CRICOS
C04286,True,084674G,CRICOS
C04286,True,084674G,CRICOS
C04286,True,084674G,CRICOS
C04286,True,084674G,CRICOS
C04286,True,084674G,CRICOS
C04286,True,084674G,CRICOS
C04286,True,084674G,CRICOS
C04286,True,084674G,CRICOS
C04287,True,084675F,CRICOS
C04287,True,084675F,CRICOS
C04287,True,084675F,CRICOS
C04287,True,084675F,CRICOS
C04287,True,084675F,CRICOS
C04287,True,084675F,CRICOS
C04287,True,084675F,CRICOS
C04287,True,084675F,CRICOS
C04287,True,084675F,CRICOS
C04288,True,084676E,CRICOS
C04288,True,084676E,CRICOS
C04288,True,084676E,CRICOS
C04288,True,084676E,CRICOS
C04288,True,084676E,CRICOS
C04288,True,084676E,CRICOS
C04288,True,084676E,CRICOS
C04288,True,084676E,CRICOS
C04288,True,084676E,CRICOS
C04290,True,084677D,CRICOS
C04290,True,084677D,CRICOS
C04290,True,084677D,CRICOS
C04290,True,084677D,CRICOS
C04290,True,084677D,CRICOS
C04290,True,084677D,CRICOS
C04290,True,084677D,CRICOS
C04290,True,084677D,CRICOS
C04290,True,084677D,CRICOS
C04294,True,084258A,CRICOS
C04294,True,084258A,CRICOS
C04294,True,084258A,CRICOS
C04294,True,084258A,CRICOS
C04295,True,084256C,CRICOS
C04295,True,084256C,CRICOS
C04295,True,084256C,CRICOS
C04295,True,084256C,CRICOS
C04295,True,084256C,CRICOS
C04295,True,084256C,CRICOS
C04295,True,084256C,CRICOS
C04295,True,084256C,CRICOS
C04295,True,084256C,CRICOS
C04295,True,084256C,CRICOS
C04295,True,084256C,CRICOS
C04295,True,084256C,CRICOS
C04295,True,084256C,CRICOS
C04295,True,084256C,CRICOS
C04295,True,084256C,CRICOS
C04295,True,084256C,CRICOS
C04295,True,084256C,CRICOS
C04295,True,084256C,CRICOS
C04295,True,084256C,CRICOS
C04296,True,084254E,CRICOS
C04296,True,084254E,CRICOS
C04296,True,084254E,CRICOS
C04296,True,084254E,CRICOS
C04296,True,084254E,CRICOS
C04296,True,084254E,CRICOS
C04296,True,084254E,CRICOS
C04296,True,084254E,CRICOS
C04296,True,084254E,CRICOS
C04296,True,084254E,CRICOS
C04296,True,084254E,CRICOS
C04296,True,084254E,CRICOS
C04296,True,084254E,CRICOS
C04296,True,084254E,CRICOS
C04296,True,084254E,CRICOS
C04296,True,084254E,CRICOS
C04296,True,084254E,CRICOS
C04296,True,084254E,CRICOS
C04296,True,084254E,CRICOS
C04297,True,084255D,CRICOS
C04297,True,084255D,CRICOS
C04297,True,084255D,CRICOS
C04297,True,084255D,CRICOS
C04297,True,084255D,CRICOS
C04297,True,084255D,CRICOS
C04297,True,084255D,CRICOS
C04297,True,084255D,CRICOS
C04297,True,084255D,CRICOS
C04297,True,084255D,CRICOS
C04297,True,084255D,CRICOS
C04297,True,084255D,CRICOS
C04297,True,084255D,CRICOS
C04297,True,084255D,CRICOS
C04297,True,084255D,CRICOS
C04297,True,084255D,CRICOS
C04297,True,084255D,CRICOS
C04299,True,084265B,CRICOS
C04299,True,084265B,CRICOS
C04299,True,084265B,CRICOS
C04299,True,084265B,CRICOS
C04300,True,084263D,CRICOS
C04300,True,084263D,CRICOS
C04300,True,084263D,CRICOS
C04300,True,084263D,CRICOS
C04300,True,084263D,CRICOS
C04300,True,084263D,CRICOS
C04301,True,084264C,CRICOS
C04301,True,084264C,CRICOS
C04301,True,084264C,CRICOS
C04301,True,084264C,CRICOS
C04301,True,084264C,CRICOS
C04301,True,084264C,CRICOS
C04301,True,084264C,CRICOS
C04301,True,084264C,CRICOS
C04301,True,084264C,CRICOS
C04301,True,084264C,CRICOS
C04305,True,088012B,CRICOS
C04305,True,088012B,CRICOS
C04305,True,088012B,CRICOS
C04305,True,088012B,CRICOS
C04305,True,088012B,CRICOS
C04305,True,088012B,CRICOS
C04305,True,088012B,CRICOS
C04305,True,088012B,CRICOS
C04305,True,088012B,CRICOS
C04305,True,088012B,CRICOS
C04306,True,091975B,CRICOS
C04306,True,091975B,CRICOS
C04306,True,091975B,CRICOS
C04306,True,091975B,CRICOS
C04309,True,088084G,CRICOS
C04309,True,088084G,CRICOS
C04309,True,088084G,CRICOS
C04309,True,088084G,CRICOS
C04309,True,088084G,CRICOS
C04309,True,088084G,CRICOS
C04309,True,088084G,CRICOS
C04309,True,088084G,CRICOS
C04309,True,088084G,CRICOS
C04309,True,088084G,CRICOS
C04309,True,088084G,CRICOS
C04309,True,088084G,CRICOS
C04309,True,088084G,CRICOS
C04309,True,088084G,CRICOS
C04315,True,089510J,CRICOS
C04315,True,089510J,CRICOS
C04315,True,089510J,CRICOS
C04315,True,089510J,CRICOS
C04316,True,089509B,CRICOS
C04316,True,089509B,CRICOS
C04316,True,089509B,CRICOS
C04316,True,089509B,CRICOS
C04316,True,089509B,CRICOS
C04316,True,089509B,CRICOS
C04316,True,089509B,CRICOS
C04316,True,089509B,CRICOS
C04316,True,089509B,CRICOS
C04316,True,089509B,CRICOS
C04316,True,089509B,CRICOS
C04316,True,089509B,CRICOS
C04316,True,089509B,CRICOS
C04316,True,089509B,CRICOS
C04316,True,089509B,CRICOS
C04316,True,089509B,CRICOS
C04316,True,089509B,CRICOS
C04316,True,089509B,CRICOS
C04316,True,089509B,CRICOS
C04316,True,089509B,CRICOS
C04316,True,089509B,CRICOS
C04316,True,089509B,CRICOS
C04317,True,089508C,CRICOS
C04317,True,089508C,CRICOS
C04317,True,089508C,CRICOS
C04317,True,089508C,CRICOS
C04317,True,089508C,CRICOS
C04317,True,089508C,CRICOS
C04317,True,089508C,CRICOS
C04317,True,089508C,CRICOS
C04317,True,089508C,CRICOS
C04317,True,089508C,CRICOS
C04317,True,089508C,CRICOS
C04317,True,089508C,CRICOS
C04317,True,089508C,CRICOS
C04317,True,089508C,CRICOS
C04317,True,089508C,CRICOS
C04317,True,089508C,CRICOS
C04317,True,089508C,CRICOS
C04317,True,089508C,CRICOS
C04317,True,089508C,CRICOS
C04317,True,089508C,CRICOS
C04317,True,089508C,CRICOS
C04317,True,089508C,CRICOS
C04317,True,089508C,CRICOS
C04317,True,089508C,CRICOS
C04317,True,089508C,CRICOS
C04317,True,089508C,CRICOS
C04317,True,089508C,CRICOS
C04320,True,092803C,CRICOS
C04320,True,092803C,CRICOS
C04320,True,092803C,CRICOS
C04320,True,092803C,CRICOS
C04320,True,092803C,CRICOS
C04320,True,092803C,CRICOS
C04320,True,092803C,CRICOS
C04320,True,092803C,CRICOS
C04320,True,092803C,CRICOS
C04320,True,092803C,CRICOS
C04320,True,092803C,CRICOS
C04320,True,092803C,CRICOS
C04320,True,092803C,CRICOS
C04320,True,092803C,CRICOS
C04320,True,092803C,CRICOS
C04320,True,092803C,CRICOS
C04320,True,092803C,CRICOS
C04320,True,092803C,CRICOS
C04324,True,084678C,CRICOS
C04324,True,084678C,CRICOS
C04324,True,084678C,CRICOS
C04324,True,084678C,CRICOS
C04324,True,084678C,CRICOS
C04324,True,084678C,CRICOS
C04324,True,084678C,CRICOS
C04325,True,082831D,CRICOS
C04325,True,082831D,CRICOS
C04325,True,082831D,CRICOS
C04325,True,082831D,CRICOS
C04325,True,082831D,CRICOS
C04325,True,082831D,CRICOS
C04325,True,082831D,CRICOS
C04326,True,114584A,CRICOS
C04326,True,114584A,CRICOS
C04326,True,114584A,CRICOS
C04368,True,096871C,CRICOS
C04368,True,096871C,CRICOS
C04368,True,096871C,CRICOS
C04368,True,096871C,CRICOS
C04368,True,096871C,CRICOS
C04368,True,096871C,CRICOS
C04368,True,096871C,CRICOS
C04368,True,096871C,CRICOS
C04368,True,096871C,CRICOS
C04369,True,096872B,CRICOS
C04369,True,096872B,CRICOS
C04369,True,096872B,CRICOS
C04369,True,096872B,CRICOS
C04369,True,096872B,CRICOS
C04369,True,096872B,CRICOS
C04369,True,096872B,CRICOS
C04369,True,096872B,CRICOS
C04369,True,096872B,CRICOS
C04370,True,109317G,CRICOS
C04370,True,109317G,CRICOS
C04370,True,109317G,CRICOS
C04370,True,109317G,CRICOS
C04370,True,109317G,CRICOS
C04370,True,109317G,CRICOS
C04370,True,109317G,CRICOS
C04371,True,096873A,CRICOS
C04371,True,096873A,CRICOS
C04371,True,096873A,CRICOS
C04371,True,096873A,CRICOS
C04371,True,096873A,CRICOS
C04371,True,096873A,CRICOS
C04371,True,096873A,CRICOS
C04371,True,096873A,CRICOS
C04371,True,096873A,CRICOS
C04372,True,084268K,CRICOS
C04372,True,084268K,CRICOS
C04372,True,084268K,CRICOS
C04372,True,084268K,CRICOS
C04372,True,084268K,CRICOS
C04372,True,084268K,CRICOS
C04372,True,084268K,CRICOS
C04372,True,084268K,CRICOS
C04372,True,084268K,CRICOS
C04372,True,084268K,CRICOS
C04373,True,088930G,CRICOS
C04373,True,088930G,CRICOS
C04373,True,088930G,CRICOS
C04373,True,088930G,CRICOS
C04373,True,088930G,CRICOS
C04373,True,088930G,CRICOS
C04373,True,088930G,CRICOS
C04373,True,088930G,CRICOS
C04373,True,088930G,CRICOS
C04373,True,088930G,CRICOS
C04374,True,098052M,CRICOS
C04374,True,098052M,CRICOS
C04374,True,098052M,CRICOS
C04374,True,098052M,CRICOS
C04374,True,098052M,CRICOS
C04374,True,098052M,CRICOS
C04379,True,0100411,CRICOS
C04379,True,0100411,CRICOS
C04379,True,0100411,CRICOS
C04379,True,0100411,CRICOS
C04379,True,0100411,CRICOS
C04379,True,0100411,CRICOS
C04379,True,0100411,CRICOS
C04379,True,0100411,CRICOS
C04380,True,0100398,CRICOS
C04380,True,0100398,CRICOS
C04380,True,0100398,CRICOS
C04380,True,0100398,CRICOS
C04380,True,0100398,CRICOS
C04380,True,0100398,CRICOS
C04380,True,0100398,CRICOS
C04380,True,0100398,CRICOS
C04381,True,107949B,CRICOS
C04381,True,107949B,CRICOS
C04381,True,107949B,CRICOS
C04381,True,107949B,CRICOS
C04381,True,107949B,CRICOS
C04381,True,107949B,CRICOS
C04381,True,107949B,CRICOS
C04381,True,107949B,CRICOS
C04382,True,098047G,CRICOS
C04382,True,098047G,CRICOS
C04382,True,098047G,CRICOS
C04382,True,098047G,CRICOS
C04383,True,098042B,CRICOS
C04383,True,098042B,CRICOS
C04383,True,098042B,CRICOS
C04383,True,098042B,CRICOS
C04385,True,098387K,CRICOS
C04385,True,098387K,CRICOS
C04385,True,098387K,CRICOS
C04385,True,098387K,CRICOS
C04385,True,098387K,CRICOS
C04385,True,098387K,CRICOS
C04385,True,098387K,CRICOS
C04385,True,098387K,CRICOS
C04385,True,098387K,CRICOS
C04385,True,098387K,CRICOS
C04385,True,098387K,CRICOS
C04385,True,098387K,CRICOS
C04385,True,098387K,CRICOS
C04385,True,098387K,CRICOS
C04386,True,098167M,CRICOS
C04386,True,098167M,CRICOS
C04386,True,098167M,CRICOS
C04386,True,098167M,CRICOS
C04386,True,098167M,CRICOS
C04386,True,098167M,CRICOS
C04388,True,098056G,CRICOS
C04388,True,098056G,CRICOS
C04388,True,098056G,CRICOS
C04388,True,098056G,CRICOS
C04389,True,098055G,CRICOS
C04389,True,098055G,CRICOS
C04389,True,098055G,CRICOS
C04389,True,098055G,CRICOS
C04390,True,098057F,CRICOS
C04390,True,098057F,CRICOS
C04390,True,098057F,CRICOS
C04390,True,098057F,CRICOS
C04391,True,098061K,CRICOS
C04391,True,098061K,CRICOS
C04391,True,098061K,CRICOS
C04391,True,098061K,CRICOS
C04391,True,098061K,CRICOS
C04391,True,098061K,CRICOS
C04391,True,098061K,CRICOS
C04391,True,098061K,CRICOS
C04391,True,098061K,CRICOS
C04391,True,098061K,CRICOS
C04391,True,098061K,CRICOS
C04391,True,098061K,CRICOS
C04391,True,098061K,CRICOS
C04391,True,098061K,CRICOS
C04391,True,098061K,CRICOS
C04391,True,098061K,CRICOS
C04392,True,098060M,CRICOS
C04392,True,098060M,CRICOS
C04392,True,098060M,CRICOS
C04392,True,098060M,CRICOS
C04392,True,098060M,CRICOS
C04392,True,098060M,CRICOS
C04392,True,098060M,CRICOS
C04392,True,098060M,CRICOS
C04392,True,098060M,CRICOS
C04392,True,098060M,CRICOS
C04392,True,098060M,CRICOS
C04392,True,098060M,CRICOS
C04392,True,098060M,CRICOS
C04392,True,098060M,CRICOS
C04392,True,098060M,CRICOS
C04393,True,098062J,CRICOS
C04393,True,098062J,CRICOS
C04393,True,098062J,CRICOS
C04393,True,098062J,CRICOS
C04393,True,098062J,CRICOS
C04393,True,098062J,CRICOS
C04393,True,098062J,CRICOS
C04393,True,098062J,CRICOS
C04393,True,098062J,CRICOS
C04393,True,098062J,CRICOS
C04393,True,098062J,CRICOS
C04393,True,098062J,CRICOS
C04394,True,098414A,CRICOS
C04394,True,098414A,CRICOS
C04394,True,098414A,CRICOS
C04394,True,098414A,CRICOS
C04394,True,098414A,CRICOS
C04394,True,098414A,CRICOS
C04395,True,098389G,CRICOS
C04395,True,098389G,CRICOS
C04395,True,098389G,CRICOS
C04395,True,098389G,CRICOS
C04395,True,098389G,CRICOS
C04395,True,098389G,CRICOS
C04395,True,098389G,CRICOS
C04395,True,098389G,CRICOS
C04395,True,098389G,CRICOS
C04395,True,098389G,CRICOS
C04395,True,098389G,CRICOS
C04395,True,098389G,CRICOS
C04395,True,098389G,CRICOS
C04395,True,098389G,CRICOS
C04395,True,098389G,CRICOS
C04404,True,0101148,CRICOS
C04404,True,0101148,CRICOS
C04404,True,0101148,CRICOS
C04404,True,0101148,CRICOS
C04404,True,0101148,CRICOS
C04404,True,0101148,CRICOS
C04404,True,0101148,CRICOS
C04404,True,0101148,CRICOS
C04406,True,0101144,CRICOS
C04406,True,0101144,CRICOS
C04406,True,0101144,CRICOS
C04406,True,0101144,CRICOS
C04406,True,0101144,CRICOS
C04406,True,0101144,CRICOS
C04406,True,0101144,CRICOS
C04406,True,0101144,CRICOS
C04410,True,102330M,CRICOS
C04410,True,102330M,CRICOS
C04410,True,102330M,CRICOS
C04410,True,102330M,CRICOS
C04410,True,102330M,CRICOS
C04410,True,102330M,CRICOS
C04410,True,102330M,CRICOS
C04410,True,102330M,CRICOS
C04410,True,102330M,CRICOS
C04410,True,102330M,CRICOS
C04411,True,102331K,CRICOS
C04411,True,102331K,CRICOS
C04411,True,102331K,CRICOS
C04411,True,102331K,CRICOS
C04411,True,102331K,CRICOS
C04411,True,102331K,CRICOS
C04418,True,107831E,CRICOS
C04418,True,107831E,CRICOS
C04418,True,107831E,CRICOS
C04418,True,107831E,CRICOS
C04418,True,107831E,CRICOS
C04418,True,107831E,CRICOS
C04418,True,107831E,CRICOS
C04418,True,107831E,CRICOS
C04419,True,107830F,CRICOS
C04419,True,107830F,CRICOS
C04419,True,107830F,CRICOS
C04419,True,107830F,CRICOS
C04419,True,107830F,CRICOS
C04419,True,107830F,CRICOS
C04419,True,107830F,CRICOS
C04419,True,107830F,CRICOS
C04420,True,102950E,CRICOS
C04420,True,102950E,CRICOS
C04420,True,102950E,CRICOS
C04420,True,102950E,CRICOS
C04420,True,102950E,CRICOS
C04420,True,102950E,CRICOS
C04420,True,102950E,CRICOS
C04420,True,102950E,CRICOS
C04420,True,102950E,CRICOS
C04420,True,102950E,CRICOS
C04423,True,092411G,CRICOS
C04423,True,092411G,CRICOS
C04423,True,092411G,CRICOS
C04423,True,092411G,CRICOS
C04423,True,092411G,CRICOS
C04423,True,092411G,CRICOS
C04423,True,092411G,CRICOS
C04424,True,104623D,CRICOS
C04424,True,104623D,CRICOS
C04424,True,104623D,CRICOS
C04424,True,104623D,CRICOS
C04424,True,104623D,CRICOS
C04424,True,104623D,CRICOS
C04424,True,104623D,CRICOS
C04424,True,104623D,CRICOS
C04424,True,104623D,CRICOS
C04424,True,104623D,CRICOS
C04424,True,104623D,CRICOS
C04424,True,104623D,CRICOS
C04424,True,104623D,CRICOS
C04424,True,104623D,CRICOS
C04424,True,104623D,CRICOS
C04424,True,104623D,CRICOS
C04428,True,105155H,CRICOS
C04428,True,105155H,CRICOS
C04428,True,105155H,CRICOS
C04428,True,105155H,CRICOS
C04428,True,105155H,CRICOS
C04428,True,105155H,CRICOS
C04428,True,105155H,CRICOS
C04428,True,105155H,CRICOS
C04428,True,105155H,CRICOS
C04428,True,105155H,CRICOS
C04429,True,105154J,CRICOS
C04429,True,105154J,CRICOS
C04429,True,105154J,CRICOS
C04429,True,105154J,CRICOS
C04429,True,105154J,CRICOS
C04429,True,105154J,CRICOS
C04429,True,105154J,CRICOS
C04429,True,105154J,CRICOS
C04429,True,105154J,CRICOS
C04429,True,105154J,CRICOS
C04429,True,105154J,CRICOS
C04429,True,105154J,CRICOS
C04429,True,105154J,CRICOS
C04429,True,105154J,CRICOS
C04429,True,105154J,CRICOS
C04429,True,105154J,CRICOS
C04429,True,105154J,CRICOS
C04429,True,105154J,CRICOS
C04430,True,107870J,CRICOS
C04430,True,107870J,CRICOS
C04430,True,107870J,CRICOS
C04430,True,107870J,CRICOS
C04430,True,107870J,CRICOS
C04430,True,107870J,CRICOS
C04430,True,107870J,CRICOS
C04430,True,107870J,CRICOS
C04431,True,107869B,CRICOS
C04431,True,107869B,CRICOS
C04431,True,107869B,CRICOS
C04431,True,107869B,CRICOS
C04431,True,107869B,CRICOS
C04431,True,107869B,CRICOS
C04431,True,107869B,CRICOS
C04431,True,107869B,CRICOS
C04432,True,106475F,CRICOS
C04432,True,106475F,CRICOS
C04432,True,106475F,CRICOS
C04432,True,106475F,CRICOS
C04433,True,106476E,CRICOS
C04433,True,106476E,CRICOS
C04433,True,106476E,CRICOS
C04433,True,106476E,CRICOS
C04438,True,106151D,CRICOS
C04438,True,106151D,CRICOS
C04438,True,106151D,CRICOS
C04438,True,106151D,CRICOS
C04438,True,106151D,CRICOS
C04438,True,106151D,CRICOS
C04438,True,106151D,CRICOS
C04438,True,106151D,CRICOS
C04440,True,106031A,CRICOS
C04440,True,106031A,CRICOS
C04440,True,106031A,CRICOS
C04440,True,106031A,CRICOS
C04440,True,106031A,CRICOS
C04443,True,108843D,CRICOS
C04443,True,108843D,CRICOS
C04443,True,108843D,CRICOS
C04443,True,108843D,CRICOS
C04443,True,108843D,CRICOS
C04443,True,108843D,CRICOS
C04443,True,108843D,CRICOS
C04448,True,112843C,CRICOS
C04448,True,112843C,CRICOS
C04448,True,112843C,CRICOS
C04448,True,112843C,CRICOS
C04448,True,112843C,CRICOS
C04449,True,113073K,CRICOS
C04449,True,113073K,CRICOS
C04456,True,Pending,CRICOS
C04456,True,Pending,CRICOS
C04456,True,Pending,CRICOS
C04456,True,Pending,CRICOS
C06006,True,066575D,CRICOS
C06006,True,066575D,CRICOS
C06006,True,066575D,CRICOS
C06006,True,066575D,CRICOS
C06006,True,066575D,CRICOS
C06006,True,066575D,CRICOS
C06006,True,066575D,CRICOS
C06006,True,066575D,CRICOS
C06006,True,066575D,CRICOS
C06006,True,066575D,CRICOS
C06006,True,066575D,CRICOS
C06006,True,066575D,CRICOS
C06006,True,066575D,CRICOS
C06006,True,066575D,CRICOS
C06006,True,066575D,CRICOS
C06006,True,066575D,CRICOS
C06006,True,066575D,CRICOS
C06006,True,066575D,CRICOS
C06006,True,066575D,CRICOS
C06006,True,066575D,CRICOS
C06006,True,066575D,CRICOS
C06006,True,066575D,CRICOS
C06006,True,066575D,CRICOS
C06006,True,066575D,CRICOS
C06009,True,001102G,CRICOS
C06009,True,001102G,CRICOS
C06009,True,001102G,CRICOS
C06009,True,001102G,CRICOS
C06009,True,001102G,CRICOS
C06009,True,001102G,CRICOS
C06009,True,001102G,CRICOS
C06009,True,001102G,CRICOS
C06009,True,001102G,CRICOS
C06009,True,001102G,CRICOS
C06017,True,046112A,CRICOS
C06017,True,046112A,CRICOS
C06017,True,046112A,CRICOS
C06017,True,046112A,CRICOS
C06017,True,046112A,CRICOS
C06017,True,046112A,CRICOS
C06017,True,046112A,CRICOS
C06017,True,046112A,CRICOS
C06017,True,046112A,CRICOS
C06033,True,087648G,CRICOS
C06033,True,087648G,CRICOS
C06033,True,087648G,CRICOS
C06033,True,087648G,CRICOS
C06100,True,075569E,CRICOS
C06100,True,075569E,CRICOS
C06100,True,075569E,CRICOS
C06100,True,075569E,CRICOS
C06108,True,109000F,CRICOS
C06108,True,109000F,CRICOS
C06108,True,109000F,CRICOS
C06108,True,109000F,CRICOS
C06108,True,109000F,CRICOS
C06108,True,109000F,CRICOS
C06108,True,109000F,CRICOS
C06108,True,109000F,CRICOS
C06108,True,109000F,CRICOS
C06108,True,109000F,CRICOS
C06108,True,109000F,CRICOS
C06108,True,109000F,CRICOS
C06108,True,109000F,CRICOS
C06108,True,109000F,CRICOS
C06108,True,109000F,CRICOS
C06108,True,109000F,CRICOS
C06108,True,109000F,CRICOS
C06108,True,109000F,CRICOS
C06108,True,109000F,CRICOS
C06108,True,109000F,CRICOS
C06108,True,109000F,CRICOS
C06108,True,109000F,CRICOS
C06110,True,109001E,CRICOS
C06110,True,109001E,CRICOS
C06110,True,109001E,CRICOS
C06110,True,109001E,CRICOS
C06110,True,109001E,CRICOS
C06110,True,109001E,CRICOS
C06110,True,109001E,CRICOS
C06110,True,109001E,CRICOS
C06110,True,109001E,CRICOS
C06110,True,109001E,CRICOS
C06110,True,109001E,CRICOS
C06110,True,109001E,CRICOS
C06110,True,109001E,CRICOS
C06110,True,109001E,CRICOS
C06110,True,109001E,CRICOS
C06110,True,109001E,CRICOS
C06110,True,109001E,CRICOS
C06110,True,109001E,CRICOS
C06110,True,109001E,CRICOS
C06110,True,109001E,CRICOS
C06110,True,109001E,CRICOS
C06110,True,109001E,CRICOS
C06113,True,084253F,CRICOS
C06113,True,084253F,CRICOS
C06113,True,084253F,CRICOS
C06113,True,084253F,CRICOS
C06113,True,084253F,CRICOS
C06113,True,084253F,CRICOS
C06113,True,084253F,CRICOS
C06113,True,084253F,CRICOS
C06113,True,084253F,CRICOS
C06113,True,084253F,CRICOS
C06113,True,084253F,CRICOS
C06113,True,084253F,CRICOS
C06113,True,084253F,CRICOS
C06113,True,084253F,CRICOS
C06113,True,084253F,CRICOS
C06113,True,084253F,CRICOS
C06113,True,084253F,CRICOS
C06113,True,084253F,CRICOS
C06113,True,084253F,CRICOS
C06115,True,084262E,CRICOS
C06115,True,084262E,CRICOS
C06115,True,084262E,CRICOS
C06115,True,084262E,CRICOS
C06115,True,084262E,CRICOS
C06115,True,084262E,CRICOS
C06115,True,084262E,CRICOS
C06115,True,084262E,CRICOS
C06115,True,084262E,CRICOS
C06115,True,084262E,CRICOS
C06115,True,084262E,CRICOS
C06115,True,084262E,CRICOS
C06116,True,088013A,CRICOS
C06116,True,088013A,CRICOS
C06116,True,088013A,CRICOS
C06116,True,088013A,CRICOS
C06116,True,088013A,CRICOS
C06116,True,088013A,CRICOS
C06116,True,088013A,CRICOS
C06116,True,088013A,CRICOS
C06116,True,088013A,CRICOS
C06116,True,088013A,CRICOS
C06123,True,096326F,CRICOS
C06123,True,096326F,CRICOS
C06123,True,096326F,CRICOS
C06123,True,096326F,CRICOS
C06123,True,096326F,CRICOS
C06123,True,096326F,CRICOS
C06123,True,096326F,CRICOS
C06123,True,096326F,CRICOS
C06123,True,096326F,CRICOS
C06123,True,096326F,CRICOS
C06123,True,096326F,CRICOS
C06123,True,096326F,CRICOS
C06123,True,096326F,CRICOS
C06123,True,096326F,CRICOS
C06123,True,096326F,CRICOS
C06123,True,096326F,CRICOS
C06124,True,084267M,CRICOS
C06124,True,084267M,CRICOS
C06124,True,084267M,CRICOS
C06124,True,084267M,CRICOS
C06124,True,084267M,CRICOS
C06124,True,084267M,CRICOS
C06124,True,084267M,CRICOS
C06124,True,084267M,CRICOS
C06124,True,084267M,CRICOS
C06124,True,084267M,CRICOS
C06124,True,084267M,CRICOS
C06125,True,098385A,CRICOS
C06125,True,098385A,CRICOS
C06125,True,098385A,CRICOS
C06125,True,098385A,CRICOS
C06125,True,098385A,CRICOS
C06125,True,098385A,CRICOS
C06125,True,098385A,CRICOS
C06125,True,098385A,CRICOS
C06125,True,098385A,CRICOS
C06125,True,098385A,CRICOS
C06126,True,098505J,CRICOS
C06126,True,098505J,CRICOS
C06126,True,098505J,CRICOS
C06126,True,098505J,CRICOS
C06126,True,098505J,CRICOS
C06126,True,098505J,CRICOS
C06126,True,098505J,CRICOS
C06126,True,098505J,CRICOS
C06127,True,098053K,CRICOS
C06127,True,098053K,CRICOS
C06127,True,098053K,CRICOS
C06127,True,098053K,CRICOS
C06127,True,098053K,CRICOS
C06127,True,098053K,CRICOS
C06127,True,098053K,CRICOS
C06127,True,098053K,CRICOS
C06127,True,098053K,CRICOS
C06127,True,098053K,CRICOS
C06127,True,098053K,CRICOS
C06127,True,098053K,CRICOS
C06127,True,098053K,CRICOS
C06127,True,098053K,CRICOS
C06129,True,098388J,CRICOS
C06129,True,098388J,CRICOS
C06129,True,098388J,CRICOS
C06129,True,098388J,CRICOS
C06129,True,098388J,CRICOS
C06129,True,098388J,CRICOS
C06129,True,098388J,CRICOS
C06129,True,098388J,CRICOS
C06129,True,098388J,CRICOS
C06129,True,098388J,CRICOS
C06129,True,098388J,CRICOS
C06129,True,098388J,CRICOS
C06129,True,098388J,CRICOS
C06129,True,098388J,CRICOS
C06130,True,098166A,CRICOS
C06130,True,098166A,CRICOS
C06130,True,098166A,CRICOS
C06130,True,098166A,CRICOS
C06130,True,098166A,CRICOS
C06130,True,098166A,CRICOS
C06130,True,098166A,CRICOS
C06130,True,098166A,CRICOS
C06130,True,098166A,CRICOS
C06130,True,098166A,CRICOS
C06130,True,098166A,CRICOS
C06130,True,098166A,CRICOS
C06130,True,098166A,CRICOS
C06130,True,098166A,CRICOS
C06136,True,0101147,CRICOS
C06136,True,0101147,CRICOS
C06136,True,0101147,CRICOS
C06136,True,0101147,CRICOS
C06136,True,0101147,CRICOS
C06136,True,0101147,CRICOS
C06136,True,0101147,CRICOS
C06136,True,0101147,CRICOS
C06137,True,0101143,CRICOS
C06137,True,0101143,CRICOS
C06137,True,0101143,CRICOS
C06137,True,0101143,CRICOS
C06137,True,0101143,CRICOS
C06137,True,0101143,CRICOS
C06137,True,0101143,CRICOS
C06137,True,0101143,CRICOS
C06147,True,108844C,CRICOS
C06147,True,108844C,CRICOS
C06147,True,108844C,CRICOS
C06147,True,108844C,CRICOS
C06147,True,108844C,CRICOS
C06147,True,108844C,CRICOS
C06147,True,108844C,CRICOS
C07002,True,088876J,CRICOS
C07002,True,088876J,CRICOS
C07002,True,088876J,CRICOS
C07002,True,088876J,CRICOS
C07002,True,088876J,CRICOS
C07002,True,088876J,CRICOS
C07002,True,088876J,CRICOS
C07002,True,088876J,CRICOS
C07002,True,088876J,CRICOS
C07002,True,088876J,CRICOS
C07004,True,109002D,CRICOS
C07004,True,109002D,CRICOS
C07004,True,109002D,CRICOS
C07004,True,109002D,CRICOS
C07004,True,109002D,CRICOS
C07004,True,109002D,CRICOS
C07004,True,109002D,CRICOS
C07004,True,109002D,CRICOS
C07004,True,109002D,CRICOS
C07004,True,109002D,CRICOS
C07004,True,109002D,CRICOS
C07004,True,109002D,CRICOS
C07004,True,109002D,CRICOS
C07004,True,109002D,CRICOS
C07012,True,020411D,CRICOS
C07012,True,020411D,CRICOS
C07012,True,020411D,CRICOS
C07012,True,020411D,CRICOS
C07012,True,020411D,CRICOS
C07012,True,020411D,CRICOS
C07012,True,020411D,CRICOS
C07012,True,020411D,CRICOS
C07012,True,020411D,CRICOS
C07018,True,009678C,CRICOS
C07018,True,009678C,CRICOS
C07018,True,009678C,CRICOS
C07018,True,009678C,CRICOS
C07018,True,009678C,CRICOS
C07018,True,009678C,CRICOS
C07018,True,009678C,CRICOS
C07018,True,009678C,CRICOS
C07018,True,009678C,CRICOS
C07019,True,032341C,CRICOS
C07019,True,032341C,CRICOS
C07019,True,032341C,CRICOS
C07019,True,032341C,CRICOS
C07019,True,032341C,CRICOS
C07019,True,032341C,CRICOS
C07019,True,032341C,CRICOS
C07019,True,032341C,CRICOS
C07019,True,032341C,CRICOS
C07021,True,020210B,CRICOS
C07021,True,020210B,CRICOS
C07021,True,020210B,CRICOS
C07021,True,020210B,CRICOS
C07029,True,014223C,CRICOS
C07029,True,014223C,CRICOS
C07029,True,014223C,CRICOS
C07029,True,014223C,CRICOS
C07029,True,014223C,CRICOS
C07029,True,014223C,CRICOS
C07029,True,014223C,CRICOS
C07029,True,014223C,CRICOS
C07029,True,014223C,CRICOS
C07073,True,016613F,CRICOS
C07073,True,016613F,CRICOS
C07073,True,016613F,CRICOS
C07073,True,016613F,CRICOS
C07073,True,016613F,CRICOS
C07073,True,016613F,CRICOS
C07073,True,016613F,CRICOS
C07073,True,016613F,CRICOS
C07073,True,016613F,CRICOS
C07073,True,016613F,CRICOS
C07073,True,016613F,CRICOS
C07073,True,016613F,CRICOS
C07073,True,016613F,CRICOS
C07073,True,016613F,CRICOS
C07073,True,016613F,CRICOS
C07073,True,016613F,CRICOS
C07073,True,016613F,CRICOS
C07073,True,016613F,CRICOS
C07073,True,016613F,CRICOS
C07073,True,016613F,CRICOS
C07073,True,016613F,CRICOS
C07073,True,016613F,CRICOS
C07073,True,016613F,CRICOS
C07073,True,016613F,CRICOS
C07113,True,055276F,CRICOS
C07113,True,055276F,CRICOS
C07113,True,055276F,CRICOS
C07113,True,055276F,CRICOS
C07113,True,055276F,CRICOS
C07113,True,055276F,CRICOS
C07113,True,055276F,CRICOS
C07113,True,055276F,CRICOS
C07113,True,055276F,CRICOS
C07119,True,071750G,CRICOS
C07119,True,071750G,CRICOS
C07119,True,071750G,CRICOS
C07119,True,071750G,CRICOS
C07119,True,071750G,CRICOS
C07119,True,071750G,CRICOS
C07119,True,071750G,CRICOS
C07119,True,071750G,CRICOS
C07119,True,071750G,CRICOS
C07119,True,071750G,CRICOS
C07122,True,080597C,CRICOS
C07122,True,080597C,CRICOS
C07122,True,080597C,CRICOS
C07122,True,080597C,CRICOS
C07122,True,080597C,CRICOS
C07122,True,080597C,CRICOS
C07122,True,080597C,CRICOS
C07122,True,080597C,CRICOS
C07122,True,080597C,CRICOS
C07122,True,080597C,CRICOS
C07122,True,080597C,CRICOS
C07122,True,080597C,CRICOS
C07122,True,080597C,CRICOS
C07122,True,080597C,CRICOS
C07122,True,080597C,CRICOS
C07122,True,080597C,CRICOS
C07122,True,080597C,CRICOS
C07122,True,080597C,CRICOS
C07122,True,080597C,CRICOS
C07122,True,080597C,CRICOS
C07122,True,080597C,CRICOS
C07122,True,080597C,CRICOS
C07122,True,080597C,CRICOS
C07122,True,080597C,CRICOS
C07122,True,080597C,CRICOS
C07129,True,055275G,CRICOS
C07129,True,055275G,CRICOS
C07129,True,055275G,CRICOS
C07129,True,055275G,CRICOS
C07129,True,055275G,CRICOS
C07129,True,055275G,CRICOS
C07129,True,055275G,CRICOS
C07132,True,088932F,CRICOS
C07135,True,098048G,CRICOS
C07135,True,098048G,CRICOS
C07135,True,098048G,CRICOS
C07135,True,098048G,CRICOS
C07136,True,098058E,CRICOS
C07136,True,098058E,CRICOS
C07136,True,098058E,CRICOS
C07136,True,098058E,CRICOS
C07137,True,098063G,CRICOS
C07137,True,098063G,CRICOS
C07137,True,098063G,CRICOS
C07137,True,098063G,CRICOS
C07137,True,098063G,CRICOS
C07137,True,098063G,CRICOS
C07137,True,098063G,CRICOS
C07137,True,098063G,CRICOS
C07137,True,098063G,CRICOS
C07137,True,098063G,CRICOS
C07137,True,098063G,CRICOS
C07137,True,098063G,CRICOS
C07138,True,0100399,CRICOS
C07138,True,0100399,CRICOS
C07138,True,0100399,CRICOS
C07138,True,0100399,CRICOS
C07138,True,0100399,CRICOS
C07138,True,0100399,CRICOS
C07138,True,0100399,CRICOS
C07138,True,0100399,CRICOS
C07140,True,098415M,CRICOS
C07140,True,098415M,CRICOS
C07140,True,098415M,CRICOS
C07140,True,098415M,CRICOS
C07140,True,098415M,CRICOS
C07140,True,098415M,CRICOS
C07140,True,098415M,CRICOS
C07140,True,098415M,CRICOS
C07140,True,098415M,CRICOS
C07140,True,098415M,CRICOS
C07141,True,098503M,CRICOS
C07141,True,098503M,CRICOS
C07141,True,098503M,CRICOS
C07141,True,098503M,CRICOS
C07141,True,098503M,CRICOS
C07141,True,098503M,CRICOS
C07141,True,098503M,CRICOS
C07141,True,098503M,CRICOS
C07141,True,098503M,CRICOS
C07141,True,098503M,CRICOS
C07141,True,098503M,CRICOS
C07141,True,098503M,CRICOS
C07141,True,098503M,CRICOS
C07141,True,098503M,CRICOS
C07142,True,107948C,CRICOS
C07142,True,107948C,CRICOS
C07142,True,107948C,CRICOS
C07142,True,107948C,CRICOS
C07142,True,107948C,CRICOS
C07142,True,107948C,CRICOS
C07142,True,107948C,CRICOS
C07142,True,107948C,CRICOS
C07142,True,107948C,CRICOS
C07142,True,107948C,CRICOS
C07147,True,107468H,CRICOS
C07147,True,107468H,CRICOS
C07147,True,107468H,CRICOS
C07147,True,107468H,CRICOS
C07147,True,107468H,CRICOS
C07147,True,107468H,CRICOS
C07147,True,107468H,CRICOS
C07147,True,107468H,CRICOS
C07152,True,pending,CRICOS
C07152,True,pending,CRICOS
C07152,True,pending,CRICOS
C07152,True,pending,CRICOS
C09004,True,015933J,CRICOS
C09004,True,015933J,CRICOS
C09004,True,015933J,CRICOS
C09004,True,015933J,CRICOS
C09018,True,015936F,CRICOS
C09018,True,015936F,CRICOS
C09018,True,015936F,CRICOS
C09018,True,015936F,CRICOS
C09018,True,015936F,CRICOS
C09018,True,015936F,CRICOS
C09018,True,015936F,CRICOS
C09018,True,015936F,CRICOS
C09018,True,015936F,CRICOS
C09018,True,015936F,CRICOS
C09018,True,015936F,CRICOS
C09018,True,015936F,CRICOS
C09018,True,015936F,CRICOS
C09018,True,015936F,CRICOS
C09018,True,015936F,CRICOS
C09018,True,015936F,CRICOS
C09018,True,015936F,CRICOS
C09018,True,015936F,CRICOS
C09019,True,046619G,CRICOS
C09019,True,046619G,CRICOS
C09019,True,046619G,CRICOS
C09019,True,046619G,CRICOS
C09019,True,046619G,CRICOS
C09019,True,046619G,CRICOS
C09031,True,040706A,CRICOS
C09031,True,040706A,CRICOS
C09031,True,040706A,CRICOS
C09031,True,040706A,CRICOS
C09031,True,040706A,CRICOS
C09031,True,040706A,CRICOS
C09047,True,088589E,CRICOS
C09047,True,088589E,CRICOS
C09047,True,088589E,CRICOS
C09047,True,088589E,CRICOS
C09047,True,088589E,CRICOS
C09048,True,044180E,CRICOS
C09048,True,044180E,CRICOS
C09048,True,044180E,CRICOS
C09048,True,044180E,CRICOS
C09048,True,044180E,CRICOS
C09049,True,098041C,CRICOS
C09049,True,098041C,CRICOS
C09049,True,098041C,CRICOS
C09049,True,098041C,CRICOS
C09055,True,071630D,CRICOS
C09055,True,071630D,CRICOS
C09055,True,071630D,CRICOS
C09055,True,071630D,CRICOS
C09055,True,071630D,CRICOS
C09055,True,071630D,CRICOS
C09055,True,071630D,CRICOS
C09055,True,071630D,CRICOS
C09057,True,043289M,CRICOS
C09057,True,043289M,CRICOS
C09057,True,043289M,CRICOS
C09057,True,043289M,CRICOS
C09057,True,043289M,CRICOS
C09057,True,043289M,CRICOS
C09057,True,043289M,CRICOS
C09057,True,043289M,CRICOS
C09057,True,043289M,CRICOS
C09057,True,043289M,CRICOS
C09057,True,043289M,CRICOS
C09057,True,043289M,CRICOS
C09057,True,043289M,CRICOS
C09057,True,043289M,CRICOS
C09057,True,043289M,CRICOS
C09057,True,043289M,CRICOS
C09057,True,043289M,CRICOS
C09057,True,043289M,CRICOS
C09057,True,043289M,CRICOS
C09066,True,084098A,CRICOS
C09066,True,084098A,CRICOS
C09066,True,084098A,CRICOS
C09066,True,084098A,CRICOS
C09066,True,084098A,CRICOS
C09066,True,084098A,CRICOS
C09067,True,084099M,CRICOS
C09067,True,084099M,CRICOS
C09067,True,084099M,CRICOS
C09067,True,084099M,CRICOS
C09067,True,084099M,CRICOS
C09067,True,084099M,CRICOS
C09067,True,084099M,CRICOS
C09070,True,084091G,CRICOS
C09070,True,084091G,CRICOS
C09070,True,084091G,CRICOS
C09070,True,084091G,CRICOS
C09070,True,084091G,CRICOS
C09070,True,084091G,CRICOS
C09071,True,084092G,CRICOS
C09071,True,084092G,CRICOS
C09071,True,084092G,CRICOS
C09071,True,084092G,CRICOS
C09071,True,084092G,CRICOS
C09071,True,084092G,CRICOS
C09072,True,084093F,CRICOS
C09072,True,084093F,CRICOS
C09072,True,084093F,CRICOS
C09072,True,084093F,CRICOS
C09072,True,084093F,CRICOS
C09072,True,084093F,CRICOS
C09072,True,084093F,CRICOS
C09072,True,084093F,CRICOS
C09073,True,084094E,CRICOS
C09073,True,084094E,CRICOS
C09073,True,084094E,CRICOS
C09073,True,084094E,CRICOS
C09073,True,084094E,CRICOS
C09073,True,084094E,CRICOS
C09074,True,084095D,CRICOS
C09074,True,084095D,CRICOS
C09074,True,084095D,CRICOS
C09074,True,084095D,CRICOS
C09074,True,084095D,CRICOS
C09074,True,084095D,CRICOS
C09074,True,084095D,CRICOS
C09074,True,084095D,CRICOS
C09075,True,084096C,CRICOS
C09075,True,084096C,CRICOS
C09075,True,084096C,CRICOS
C09075,True,084096C,CRICOS
C09075,True,084096C,CRICOS
C09075,True,084096C,CRICOS
C09076,True,084097B,CRICOS
C09076,True,084097B,CRICOS
C09076,True,084097B,CRICOS
C09076,True,084097B,CRICOS
C09076,True,084097B,CRICOS
C09076,True,084097B,CRICOS
C09079,True,080270D,CRICOS
C09079,True,080270D,CRICOS
C09079,True,080270D,CRICOS
C09079,True,080270D,CRICOS
C09079,True,080270D,CRICOS
C09079,True,080270D,CRICOS
C09079,True,080270D,CRICOS
C09079,True,080270D,CRICOS
C09079,True,080270D,CRICOS
C09079,True,080270D,CRICOS
C09079,True,080270D,CRICOS
C09079,True,080270D,CRICOS
C09079,True,080270D,CRICOS
C09081,True,085890B,CRICOS
C09081,True,085890B,CRICOS
C09081,True,085890B,CRICOS
C09100,True,092385E,CRICOS
C09100,True,092385E,CRICOS
C09100,True,092385E,CRICOS
C09100,True,092385E,CRICOS
C09100,True,092385E,CRICOS
C09100,True,092385E,CRICOS
C09100,True,092385E,CRICOS
C09100,True,092385E,CRICOS
C09119,True,092896D,CRICOS
C09119,True,092896D,CRICOS
C09119,True,092896D,CRICOS
C09119,True,092896D,CRICOS
C09119,True,092896D,CRICOS
C09119,True,092896D,CRICOS
C09119,True,092896D,CRICOS
C09119,True,092896D,CRICOS
C09119,True,092896D,CRICOS
C09122,True,0100449,CRICOS
C09122,True,0100449,CRICOS
C09123,True,0100570,CRICOS
C09123,True,0100570,CRICOS
C09123,True,0100570,CRICOS
C09124,True,0100571,CRICOS
C09124,True,0100571,CRICOS
C09124,True,0100571,CRICOS
C09129,True,106662C,CRICOS
C09129,True,106662C,CRICOS
C09129,True,106662C,CRICOS
C09129,True,106662C,CRICOS
C09129,True,106662C,CRICOS
C09129,True,106662C,CRICOS
C09129,True,106662C,CRICOS
C09129,True,106662C,CRICOS
C09130,True,107053J,CRICOS
C09130,True,107053J,CRICOS
C09130,True,107053J,CRICOS
C09130,True,107053J,CRICOS
C09131,True,107049E,CRICOS
C09131,True,107049E,CRICOS
C09132,True,106929C,CRICOS
C09132,True,106929C,CRICOS
C09132,True,106929C,CRICOS
C09132,True,106929C,CRICOS
C09132,True,106929C,CRICOS
C09132,True,106929C,CRICOS
C09132,True,106929C,CRICOS
C09132,True,106929C,CRICOS
C09133,True,106918F,CRICOS
C09133,True,106918F,CRICOS
C09133,True,106918F,CRICOS
C09133,True,106918F,CRICOS
C09134,True,106930K,CRICOS
C09134,True,106930K,CRICOS
C09134,True,106930K,CRICOS
C09134,True,106930K,CRICOS
C09134,True,106930K,CRICOS
C09134,True,106930K,CRICOS
C09134,True,106930K,CRICOS
C09134,True,106930K,CRICOS
C09135,True,106931J,CRICOS
C09135,True,106931J,CRICOS
C09135,True,106931J,CRICOS
C09135,True,106931J,CRICOS
C09135,True,106931J,CRICOS
C09135,True,106931J,CRICOS
C09135,True,106931J,CRICOS
C09135,True,106931J,CRICOS
C09136,True,106934F,CRICOS
C09136,True,106934F,CRICOS
C09136,True,106934F,CRICOS
C09136,True,106934F,CRICOS
C09136,True,106934F,CRICOS
C09136,True,106934F,CRICOS
C09136,True,106934F,CRICOS
C09136,True,106934F,CRICOS
C09137,True,106935E,CRICOS
C09137,True,106935E,CRICOS
C09137,True,106935E,CRICOS
C09137,True,106935E,CRICOS
C09137,True,106935E,CRICOS
C09137,True,106935E,CRICOS
C09137,True,106935E,CRICOS
C09137,True,106935E,CRICOS
C09138,True,106936D,CRICOS
C09138,True,106936D,CRICOS
C09138,True,106936D,CRICOS
C09138,True,106936D,CRICOS
C09138,True,106936D,CRICOS
C09138,True,106936D,CRICOS
C09138,True,106936D,CRICOS
C09138,True,106936D,CRICOS
C09139,True,106937C,CRICOS
C09139,True,106937C,CRICOS
C09139,True,106937C,CRICOS
C09139,True,106937C,CRICOS
C09139,True,106937C,CRICOS
C09139,True,106937C,CRICOS
C09139,True,106937C,CRICOS
C09139,True,106937C,CRICOS
C09140,True,106938B,CRICOS
C09140,True,106938B,CRICOS
C09140,True,106938B,CRICOS
C09140,True,106938B,CRICOS
C09140,True,106938B,CRICOS
C09140,True,106938B,CRICOS
C09140,True,106938B,CRICOS
C09140,True,106938B,CRICOS
C09141,True,106923J,CRICOS
C09141,True,106923J,CRICOS
C09141,True,106923J,CRICOS
C09141,True,106923J,CRICOS
C09141,True,106923J,CRICOS
C09141,True,106923J,CRICOS
C09142,True,106901D,CRICOS
C09142,True,106901D,CRICOS
C09142,True,106901D,CRICOS
C09142,True,106901D,CRICOS
C09142,True,106901D,CRICOS
C09142,True,106901D,CRICOS
C09142,True,106901D,CRICOS
C09142,True,106901D,CRICOS
C09143,True,106924H,CRICOS
C09143,True,106924H,CRICOS
C09143,True,106924H,CRICOS
C09143,True,106924H,CRICOS
C09144,True,106925G,CRICOS
C09144,True,106925G,CRICOS
C09144,True,106925G,CRICOS
C09144,True,106925G,CRICOS
C09144,True,106925G,CRICOS
C09144,True,106925G,CRICOS
C09144,True,106925G,CRICOS
C09144,True,106925G,CRICOS
C09145,True,106926F,CRICOS
C09145,True,106926F,CRICOS
C09145,True,106926F,CRICOS
C09145,True,106926F,CRICOS
C09146,True,106927E,CRICOS
C09146,True,106927E,CRICOS
C09146,True,106927E,CRICOS
C09146,True,106927E,CRICOS
C09147,True,106921M,CRICOS
C09147,True,106921M,CRICOS
C09147,True,106921M,CRICOS
C09147,True,106921M,CRICOS
C09147,True,106921M,CRICOS
C09147,True,106921M,CRICOS
C09148,True,106922K,CRICOS
C09148,True,106922K,CRICOS
C09148,True,106922K,CRICOS
C09148,True,106922K,CRICOS
C09148,True,106922K,CRICOS
C09148,True,106922K,CRICOS
C09149,True,106912A,CRICOS
C09149,True,106912A,CRICOS
C09150,True,106913M,CRICOS
C09150,True,106913M,CRICOS
C09150,True,106913M,CRICOS
C09150,True,106913M,CRICOS
C09151,True,106903B,CRICOS
C09151,True,106903B,CRICOS
C09151,True,106903B,CRICOS
C09151,True,106903B,CRICOS
C09151,True,106903B,CRICOS
C09151,True,106903B,CRICOS
C09151,True,106903B,CRICOS
C09151,True,106903B,CRICOS
C09152,True,106905M,CRICOS
C09152,True,106905M,CRICOS
C09152,True,106905M,CRICOS
C09152,True,106905M,CRICOS
C09152,True,106905M,CRICOS
C09152,True,106905M,CRICOS
C09152,True,106905M,CRICOS
C09152,True,106905M,CRICOS
C09153,True,106919E,CRICOS
C09153,True,106919E,CRICOS
C09153,True,106919E,CRICOS
C09153,True,106919E,CRICOS
C09153,True,106919E,CRICOS
C09153,True,106919E,CRICOS
C09153,True,106919E,CRICOS
C09153,True,106919E,CRICOS
C09155,True,106914K,CRICOS
C09155,True,106914K,CRICOS
C09156,True,106915J,CRICOS
C09156,True,106915J,CRICOS
C09157,True,106928D,CRICOS
C09157,True,106928D,CRICOS
C09157,True,106928D,CRICOS
C09157,True,106928D,CRICOS
C09157,True,106928D,CRICOS
C09157,True,106928D,CRICOS
C09157,True,106928D,CRICOS
C09157,True,106928D,CRICOS
C09158,True,111249G,CRICOS
C09158,True,111249G,CRICOS
C09158,True,111249G,CRICOS
C09158,True,111249G,CRICOS
C09158,True,111249G,CRICOS
C09158,True,111249G,CRICOS
C09159,True,106920A,CRICOS
C09159,True,106920A,CRICOS
C09159,True,106920A,CRICOS
C09159,True,106920A,CRICOS
C09159,True,106920A,CRICOS
C09159,True,106920A,CRICOS
C09160,True,106916H,CRICOS
C09160,True,106916H,CRICOS
C09162,True,106917G,CRICOS
C09162,True,106917G,CRICOS
C09162,True,106917G,CRICOS
C09162,True,106917G,CRICOS
C09162,True,106917G,CRICOS
C09162,True,106917G,CRICOS
C09163,True,106910C,CRICOS
C09163,True,106910C,CRICOS
C09163,True,106910C,CRICOS
C09163,True,106910C,CRICOS
C09164,True,106911B,CRICOS
C09164,True,106911B,CRICOS
C09164,True,106911B,CRICOS
C09164,True,106911B,CRICOS
C09164,True,106911B,CRICOS
C09164,True,106911B,CRICOS
C09164,True,106911B,CRICOS
C09164,True,106911B,CRICOS
C09166,True,110752M,CRICOS
C09166,True,110752M,CRICOS
C09166,True,110752M,CRICOS
C09166,True,110752M,CRICOS
C09166,True,110752M,CRICOS
C09166,True,110752M,CRICOS
C09167,True,110748G,CRICOS
C09167,True,110748G,CRICOS
C09167,True,110748G,CRICOS
C09167,True,110748G,CRICOS
C09167,True,110748G,CRICOS
C09167,True,110748G,CRICOS
C09168,True,110745K,CRICOS
C09168,True,110745K,CRICOS
C09168,True,110745K,CRICOS
C09168,True,110745K,CRICOS
C09168,True,110745K,CRICOS
C09168,True,110745K,CRICOS
C09169,True,113303A,CRICOS
C09169,True,113303A,CRICOS
C10004,True,044179J,CRICOS
C10004,True,044179J,CRICOS
C10004,True,044179J,CRICOS
C10004,True,044179J,CRICOS
C10004,True,044179J,CRICOS
C10004,True,044179J,CRICOS
C10004,True,044179J,CRICOS
C10004,True,044179J,CRICOS
C10004,True,044179J,CRICOS
C10004,True,044179J,CRICOS
C10004,True,044179J,CRICOS
C10004,True,044179J,CRICOS
C10004,True,044179J,CRICOS
C10004,True,044179J,CRICOS
C10004,True,044179J,CRICOS
C10004,True,044179J,CRICOS
C10020,True,026187C,CRICOS
C10020,True,026187C,CRICOS
C10020,True,026187C,CRICOS
C10020,True,026187C,CRICOS
C10026,True,006487A,CRICOS
C10026,True,006487A,CRICOS
C10026,True,006487A,CRICOS
C10026,True,006487A,CRICOS
C10066,True,033909D,CRICOS
C10066,True,033909D,CRICOS
C10066,True,033909D,CRICOS
C10066,True,033909D,CRICOS
C10066,True,033909D,CRICOS
C10066,True,033909D,CRICOS
C10122,True,019877B,CRICOS
C10122,True,019877B,CRICOS
C10122,True,019877B,CRICOS
C10122,True,019877B,CRICOS
C10122,True,019877B,CRICOS
C10122,True,019877B,CRICOS
C10122,True,019877B,CRICOS
C10122,True,019877B,CRICOS
C10122,True,019877B,CRICOS
C10122,True,019877B,CRICOS
C10122,True,019877B,CRICOS
C10122,True,019877B,CRICOS
C10123,True,026198M,CRICOS
C10123,True,026198M,CRICOS
C10123,True,026198M,CRICOS
C10124,True,013614G,CRICOS
C10124,True,013614G,CRICOS
C10124,True,013614G,CRICOS
C10124,True,013614G,CRICOS
C10124,True,013614G,CRICOS
C10124,True,013614G,CRICOS
C10125,True,008756B,CRICOS
C10125,True,008756B,CRICOS
C10125,True,008756B,CRICOS
C10125,True,008756B,CRICOS
C10125,True,008756B,CRICOS
C10125,True,008756B,CRICOS
C10125,True,008756B,CRICOS
C10125,True,008756B,CRICOS
C10126,True,009473E,CRICOS
C10126,True,009473E,CRICOS
C10126,True,009473E,CRICOS
C10126,True,009473E,CRICOS
C10126,True,009473E,CRICOS
C10126,True,009473E,CRICOS
C10129,True,026195C,CRICOS
C10129,True,026195C,CRICOS
C10129,True,026195C,CRICOS
C10129,True,026195C,CRICOS
C10129,True,026195C,CRICOS
C10131,True,025797G,CRICOS
C10131,True,025797G,CRICOS
C10131,True,025797G,CRICOS
C10131,True,025797G,CRICOS
C10131,True,025797G,CRICOS
C10131,True,025797G,CRICOS
C10131,True,025797G,CRICOS
C10131,True,025797G,CRICOS
C10136,True,040713B,CRICOS
C10136,True,040713B,CRICOS
C10136,True,040713B,CRICOS
C10136,True,040713B,CRICOS
C10136,True,040713B,CRICOS
C10136,True,040713B,CRICOS
C10148,True,040941A,CRICOS
C10148,True,040941A,CRICOS
C10148,True,040941A,CRICOS
C10148,True,040941A,CRICOS
C10148,True,040941A,CRICOS
C10148,True,040941A,CRICOS
C10162,True,032310K,CRICOS
C10162,True,032310K,CRICOS
C10162,True,032310K,CRICOS
C10162,True,032310K,CRICOS
C10162,True,032310K,CRICOS
C10162,True,032310K,CRICOS
C10163,True,040712C,CRICOS
C10163,True,040712C,CRICOS
C10163,True,040712C,CRICOS
C10163,True,040712C,CRICOS
C10163,True,040712C,CRICOS
C10163,True,040712C,CRICOS
C10163,True,040712C,CRICOS
C10163,True,040712C,CRICOS
C10167,True,043287B,CRICOS
C10167,True,043287B,CRICOS
C10169,True,041436K,CRICOS
C10169,True,041436K,CRICOS
C10169,True,041436K,CRICOS
C10169,True,041436K,CRICOS
C10169,True,041436K,CRICOS
C10169,True,041436K,CRICOS
C10172,True,026806C,CRICOS
C10172,True,026806C,CRICOS
C10172,True,026806C,CRICOS
C10172,True,026806C,CRICOS
C10172,True,026806C,CRICOS
C10172,True,026806C,CRICOS
C10172,True,026806C,CRICOS
C10184,True,023607A,CRICOS
C10184,True,023607A,CRICOS
C10184,True,023607A,CRICOS
C10184,True,023607A,CRICOS
C10184,True,023607A,CRICOS
C10184,True,023607A,CRICOS
C10184,True,023607A,CRICOS
C10184,True,023607A,CRICOS
C10184,True,023607A,CRICOS
C10184,True,023607A,CRICOS
C10214,True,044183B,CRICOS
C10214,True,044183B,CRICOS
C10214,True,044183B,CRICOS
C10215,True,047836A,CRICOS
C10215,True,047836A,CRICOS
C10215,True,047836A,CRICOS
C10219,True,047835B,CRICOS
C10219,True,047835B,CRICOS
C10219,True,047835B,CRICOS
C10219,True,047835B,CRICOS
C10219,True,047835B,CRICOS
C10219,True,047835B,CRICOS
C10223,True,079561C,CRICOS
C10223,True,079561C,CRICOS
C10223,True,079561C,CRICOS
C10223,True,079561C,CRICOS
C10223,True,079561C,CRICOS
C10223,True,079561C,CRICOS
C10223,True,079561C,CRICOS
C10223,True,079561C,CRICOS
C10223,True,079561C,CRICOS
C10223,True,079561C,CRICOS
C10223,True,079561C,CRICOS
C10223,True,079561C,CRICOS
C10223,True,079561C,CRICOS
C10223,True,079561C,CRICOS
C10226,True,063721A,CRICOS
C10226,True,063721A,CRICOS
C10226,True,063721A,CRICOS
C10226,True,063721A,CRICOS
C10228,True,079735G,CRICOS
C10228,True,079735G,CRICOS
C10228,True,079735G,CRICOS
C10228,True,079735G,CRICOS
C10228,True,079735G,CRICOS
C10228,True,079735G,CRICOS
C10228,True,079735G,CRICOS
C10229,True,057197M,CRICOS
C10229,True,057197M,CRICOS
C10229,True,057197M,CRICOS
C10239,True,059726G,CRICOS
C10239,True,059726G,CRICOS
C10239,True,059726G,CRICOS
C10239,True,059726G,CRICOS
C10239,True,059726G,CRICOS
C10242,True,040705B,CRICOS
C10242,True,040705B,CRICOS
C10242,True,040705B,CRICOS
C10242,True,040705B,CRICOS
C10243,True,026202J,CRICOS
C10243,True,026202J,CRICOS
C10245,True,064382G,CRICOS
C10245,True,064382G,CRICOS
C10245,True,064382G,CRICOS
C10245,True,064382G,CRICOS
C10245,True,064382G,CRICOS
C10245,True,064382G,CRICOS
C10271,True,071631C,CRICOS
C10271,True,071631C,CRICOS
C10271,True,071631C,CRICOS
C10271,True,071631C,CRICOS
C10271,True,071631C,CRICOS
C10271,True,071631C,CRICOS
C10271,True,071631C,CRICOS
C10271,True,071631C,CRICOS
C10271,True,071631C,CRICOS
C10271,True,071631C,CRICOS
C10271,True,071631C,CRICOS
C10271,True,071631C,CRICOS
C10272,True,071646G,CRICOS
C10272,True,071646G,CRICOS
C10272,True,071646G,CRICOS
C10272,True,071646G,CRICOS
C10276,True,092409B,CRICOS
C10276,True,092409B,CRICOS
C10276,True,092409B,CRICOS
C10276,True,092409B,CRICOS
C10277,True,092410J,CRICOS
C10277,True,092410J,CRICOS
C10277,True,092410J,CRICOS
C10277,True,092410J,CRICOS
C10278,True,0100484,CRICOS
C10278,True,0100484,CRICOS
C10278,True,0100484,CRICOS
C10278,True,0100484,CRICOS
C10278,True,0100484,CRICOS
C10278,True,0100484,CRICOS
C10300,True,080087C,CRICOS
C10300,True,080087C,CRICOS
C10300,True,080087C,CRICOS
C10300,True,080087C,CRICOS
C10300,True,080087C,CRICOS
C10300,True,080087C,CRICOS
C10300,True,080087C,CRICOS
C10300,True,080087C,CRICOS
C10300,True,080087C,CRICOS
C10300,True,080087C,CRICOS
C10300,True,080087C,CRICOS
C10300,True,080087C,CRICOS
C10300,True,080087C,CRICOS
C10300,True,080087C,CRICOS
C10300,True,080087C,CRICOS
C10300,True,080087C,CRICOS
C10300,True,080087C,CRICOS
C10300,True,080087C,CRICOS
C10301,True,080086D,CRICOS
C10301,True,080086D,CRICOS
C10302,True,080084F,CRICOS
C10302,True,080084F,CRICOS
C10302,True,080084F,CRICOS
C10302,True,080084F,CRICOS
C10303,True,080085E,CRICOS
C10303,True,080085E,CRICOS
C10304,True,077331M,CRICOS
C10304,True,077331M,CRICOS
C10305,True,077333J,CRICOS
C10305,True,077333J,CRICOS
C10306,True,077334G,CRICOS
C10306,True,077334G,CRICOS
C10307,True,077338D,CRICOS
C10307,True,077338D,CRICOS
C10308,True,077339C,CRICOS
C10308,True,077339C,CRICOS
C10309,True,077341J,CRICOS
C10309,True,077341J,CRICOS
C10310,True,079553C,CRICOS
C10310,True,079553C,CRICOS
C10310,True,079553C,CRICOS
C10310,True,079553C,CRICOS
C10320,True,079556M,CRICOS
C10320,True,079556M,CRICOS
C10320,True,079556M,CRICOS
C10321,True,079751G,CRICOS
C10321,True,079751G,CRICOS
C10322,True,079752G,CRICOS
C10322,True,079752G,CRICOS
C10322,True,079752G,CRICOS
C10322,True,079752G,CRICOS
C10322,True,079752G,CRICOS
C10322,True,079752G,CRICOS
C10322,True,079752G,CRICOS
C10322,True,079752G,CRICOS
C10322,True,079752G,CRICOS
C10322,True,079752G,CRICOS
C10323,True,079753F,CRICOS
C10323,True,079753F,CRICOS
C10324,True,079754E,CRICOS
C10324,True,079754E,CRICOS
C10325,True,079755D,CRICOS
C10325,True,079755D,CRICOS
C10325,True,079755D,CRICOS
C10325,True,079755D,CRICOS
C10325,True,079755D,CRICOS
C10325,True,079755D,CRICOS
C10325,True,079755D,CRICOS
C10325,True,079755D,CRICOS
C10326,True,079756C,CRICOS
C10326,True,079756C,CRICOS
C10327,True,079757B,CRICOS
C10327,True,079757B,CRICOS
C10327,True,079757B,CRICOS
C10327,True,079757B,CRICOS
C10327,True,079757B,CRICOS
C10327,True,079757B,CRICOS
C10328,True,079758A,CRICOS
C10328,True,079758A,CRICOS
C10328,True,079758A,CRICOS
C10328,True,079758A,CRICOS
C10328,True,079758A,CRICOS
C10328,True,079758A,CRICOS
C10328,True,079758A,CRICOS
C10328,True,079758A,CRICOS
C10330,True,079759M,CRICOS
C10330,True,079759M,CRICOS
C10338,True,079765B,CRICOS
C10338,True,079765B,CRICOS
C10338,True,079765B,CRICOS
C10338,True,079765B,CRICOS
C10338,True,079765B,CRICOS
C10338,True,079765B,CRICOS
C10338,True,079765B,CRICOS
C10338,True,079765B,CRICOS
C10342,True,084784A,CRICOS
C10342,True,084784A,CRICOS
C10342,True,084784A,CRICOS
C10342,True,084784A,CRICOS
C10342,True,084784A,CRICOS
C10342,True,084784A,CRICOS
C10342,True,084784A,CRICOS
C10342,True,084784A,CRICOS
C10342,True,084784A,CRICOS
C10342,True,084784A,CRICOS
C10343,True,084785M,CRICOS
C10343,True,084785M,CRICOS
C10343,True,084785M,CRICOS
C10343,True,084785M,CRICOS
C10343,True,084785M,CRICOS
C10343,True,084785M,CRICOS
C10345,True,084259M,CRICOS
C10345,True,084259M,CRICOS
C10345,True,084259M,CRICOS
C10345,True,084259M,CRICOS
C10345,True,084259M,CRICOS
C10345,True,084259M,CRICOS
C10347,True,084270E,CRICOS
C10347,True,084270E,CRICOS
C10347,True,084270E,CRICOS
C10347,True,084270E,CRICOS
C10348,True,086359B,CRICOS
C10348,True,086359B,CRICOS
C10348,True,086359B,CRICOS
C10348,True,086359B,CRICOS
C10348,True,086359B,CRICOS
C10348,True,086359B,CRICOS
C10348,True,086359B,CRICOS
C10348,True,086359B,CRICOS
C10348,True,086359B,CRICOS
C10351,True,088063B,CRICOS
C10351,True,088063B,CRICOS
C10351,True,088063B,CRICOS
C10352,True,088064A,CRICOS
C10352,True,088064A,CRICOS
C10355,True,088067J,CRICOS
C10355,True,088067J,CRICOS
C10355,True,088067J,CRICOS
C10359,True,088069G,CRICOS
C10359,True,088069G,CRICOS
C10359,True,088069G,CRICOS
C10359,True,088069G,CRICOS
C10359,True,088069G,CRICOS
C10359,True,088069G,CRICOS
C10360,True,088070C,CRICOS
C10360,True,088070C,CRICOS
C10360,True,088070C,CRICOS
C10360,True,088070C,CRICOS
C10361,True,087733K,CRICOS
C10361,True,087733K,CRICOS
C10361,True,087733K,CRICOS
C10361,True,087733K,CRICOS
C10361,True,087733K,CRICOS
C10361,True,087733K,CRICOS
C10361,True,087733K,CRICOS
C10361,True,087733K,CRICOS
C10361,True,087733K,CRICOS
C10361,True,087733K,CRICOS
C10362,True,087734J,CRICOS
C10362,True,087734J,CRICOS
C10362,True,087734J,CRICOS
C10362,True,087734J,CRICOS
C10362,True,087734J,CRICOS
C10362,True,087734J,CRICOS
C10362,True,087734J,CRICOS
C10362,True,087734J,CRICOS
C10362,True,087734J,CRICOS
C10362,True,087734J,CRICOS
C10362,True,087734J,CRICOS
C10362,True,087734J,CRICOS
C10362,True,087734J,CRICOS
C10362,True,087734J,CRICOS
C10362,True,087734J,CRICOS
C10363,True,087735G,CRICOS
C10363,True,087735G,CRICOS
C10363,True,087735G,CRICOS
C10363,True,087735G,CRICOS
C10363,True,087735G,CRICOS
C10363,True,087735G,CRICOS
C10363,True,087735G,CRICOS
C10363,True,087735G,CRICOS
C10363,True,087735G,CRICOS
C10363,True,087735G,CRICOS
C10364,True,087736G,CRICOS
C10364,True,087736G,CRICOS
C10364,True,087736G,CRICOS
C10364,True,087736G,CRICOS
C10364,True,087736G,CRICOS
C10364,True,087736G,CRICOS
C10364,True,087736G,CRICOS
C10364,True,087736G,CRICOS
C10365,True,087763D,CRICOS
C10365,True,087763D,CRICOS
C10365,True,087763D,CRICOS
C10365,True,087763D,CRICOS
C10365,True,087763D,CRICOS
C10365,True,087763D,CRICOS
C10365,True,087763D,CRICOS
C10365,True,087763D,CRICOS
C10366,True,087764C,CRICOS
C10366,True,087764C,CRICOS
C10366,True,087764C,CRICOS
C10366,True,087764C,CRICOS
C10366,True,087764C,CRICOS
C10366,True,087764C,CRICOS
C10366,True,087764C,CRICOS
C10366,True,087764C,CRICOS
C10367,True,087765B,CRICOS
C10367,True,087765B,CRICOS
C10367,True,087765B,CRICOS
C10367,True,087765B,CRICOS
C10367,True,087765B,CRICOS
C10367,True,087765B,CRICOS
C10367,True,087765B,CRICOS
C10367,True,087765B,CRICOS
C10368,True,087766A,CRICOS
C10368,True,087766A,CRICOS
C10368,True,087766A,CRICOS
C10368,True,087766A,CRICOS
C10368,True,087766A,CRICOS
C10368,True,087766A,CRICOS
C10368,True,087766A,CRICOS
C10368,True,087766A,CRICOS
C10369,True,087737F,CRICOS
C10369,True,087737F,CRICOS
C10369,True,087737F,CRICOS
C10369,True,087737F,CRICOS
C10369,True,087737F,CRICOS
C10369,True,087737F,CRICOS
C10369,True,087737F,CRICOS
C10369,True,087737F,CRICOS
C10370,True,087767M,CRICOS
C10370,True,087767M,CRICOS
C10370,True,087767M,CRICOS
C10370,True,087767M,CRICOS
C10370,True,087767M,CRICOS
C10370,True,087767M,CRICOS
C10370,True,087767M,CRICOS
C10370,True,087767M,CRICOS
C10371,True,087738E,CRICOS
C10371,True,087738E,CRICOS
C10371,True,087738E,CRICOS
C10371,True,087738E,CRICOS
C10371,True,087738E,CRICOS
C10371,True,087738E,CRICOS
C10371,True,087738E,CRICOS
C10371,True,087738E,CRICOS
C10371,True,087738E,CRICOS
C10371,True,087738E,CRICOS
C10372,True,087768K,CRICOS
C10372,True,087768K,CRICOS
C10372,True,087768K,CRICOS
C10372,True,087768K,CRICOS
C10372,True,087768K,CRICOS
C10372,True,087768K,CRICOS
C10372,True,087768K,CRICOS
C10372,True,087768K,CRICOS
C10373,True,087777J,CRICOS
C10373,True,087777J,CRICOS
C10373,True,087777J,CRICOS
C10373,True,087777J,CRICOS
C10373,True,087777J,CRICOS
C10373,True,087777J,CRICOS
C10374,True,087778G,CRICOS
C10374,True,087778G,CRICOS
C10374,True,087778G,CRICOS
C10374,True,087778G,CRICOS
C10374,True,087778G,CRICOS
C10374,True,087778G,CRICOS
C10375,True,087779G,CRICOS
C10375,True,087779G,CRICOS
C10375,True,087779G,CRICOS
C10375,True,087779G,CRICOS
C10375,True,087779G,CRICOS
C10375,True,087779G,CRICOS
C10376,True,087780C,CRICOS
C10376,True,087780C,CRICOS
C10376,True,087780C,CRICOS
C10376,True,087780C,CRICOS
C10376,True,087780C,CRICOS
C10376,True,087780C,CRICOS
C10377,True,087781B,CRICOS
C10377,True,087781B,CRICOS
C10377,True,087781B,CRICOS
C10377,True,087781B,CRICOS
C10377,True,087781B,CRICOS
C10377,True,087781B,CRICOS
C10378,True,087782A,CRICOS
C10378,True,087782A,CRICOS
C10378,True,087782A,CRICOS
C10378,True,087782A,CRICOS
C10378,True,087782A,CRICOS
C10378,True,087782A,CRICOS
C10379,True,087783M,CRICOS
C10379,True,087783M,CRICOS
C10379,True,087783M,CRICOS
C10379,True,087783M,CRICOS
C10379,True,087783M,CRICOS
C10379,True,087783M,CRICOS
C10380,True,087786G,CRICOS
C10380,True,087786G,CRICOS
C10380,True,087786G,CRICOS
C10380,True,087786G,CRICOS
C10380,True,087786G,CRICOS
C10380,True,087786G,CRICOS
C10380,True,087786G,CRICOS
C10380,True,087786G,CRICOS
C10381,True,087787G,CRICOS
C10381,True,087787G,CRICOS
C10381,True,087787G,CRICOS
C10381,True,087787G,CRICOS
C10382,True,087788F,CRICOS
C10382,True,087788F,CRICOS
C10382,True,087788F,CRICOS
C10382,True,087788F,CRICOS
C10382,True,087788F,CRICOS
C10382,True,087788F,CRICOS
C10383,True,087789E,CRICOS
C10383,True,087789E,CRICOS
C10383,True,087789E,CRICOS
C10383,True,087789E,CRICOS
C10383,True,087789E,CRICOS
C10383,True,087789E,CRICOS
C10386,True,092380K,CRICOS
C10386,True,092380K,CRICOS
C10386,True,092380K,CRICOS
C10386,True,092380K,CRICOS
C10386,True,092380K,CRICOS
C10386,True,092380K,CRICOS
C10386,True,092380K,CRICOS
C10386,True,092380K,CRICOS
C10387,True,092381J,CRICOS
C10387,True,092381J,CRICOS
C10387,True,092381J,CRICOS
C10387,True,092381J,CRICOS
C10387,True,092381J,CRICOS
C10387,True,092381J,CRICOS
C10387,True,092381J,CRICOS
C10387,True,092381J,CRICOS
C10387,True,092381J,CRICOS
C10387,True,092381J,CRICOS
C10388,True,092382G,CRICOS
C10388,True,092382G,CRICOS
C10389,True,092383G,CRICOS
C10389,True,092383G,CRICOS
C10389,True,092383G,CRICOS
C10389,True,092383G,CRICOS
C10389,True,092383G,CRICOS
C10389,True,092383G,CRICOS
C10389,True,092383G,CRICOS
C10389,True,092383G,CRICOS
C10391,True,092384F,CRICOS
C10391,True,092384F,CRICOS
C10391,True,092384F,CRICOS
C10391,True,092384F,CRICOS
C10391,True,092384F,CRICOS
C10391,True,092384F,CRICOS
C10391,True,092384F,CRICOS
C10391,True,092384F,CRICOS
C10391,True,092384F,CRICOS
C10391,True,092384F,CRICOS
C10391,True,092384F,CRICOS
C10391,True,092384F,CRICOS
C10391,True,092384F,CRICOS
C10391,True,092384F,CRICOS
C10391,True,092384F,CRICOS
C10391,True,092384F,CRICOS
C10391,True,092384F,CRICOS
C10391,True,092384F,CRICOS
C10395,True,0100483,CRICOS
C10395,True,0100483,CRICOS
C10395,True,0100483,CRICOS
C10395,True,0100483,CRICOS
C10395,True,0100483,CRICOS
C10395,True,0100483,CRICOS
C10396,True,102952C,CRICOS
C10396,True,102952C,CRICOS
C10399,True,102816M,CRICOS
C10399,True,102816M,CRICOS
C10399,True,102816M,CRICOS
C10399,True,102816M,CRICOS
C10399,True,102816M,CRICOS
C10404,True,102565C,CRICOS
C10404,True,102565C,CRICOS
C10404,True,102565C,CRICOS
C10404,True,102565C,CRICOS
C10404,True,102565C,CRICOS
C10404,True,102565C,CRICOS
C10405,True,102566B,CRICOS
C10405,True,102566B,CRICOS
C10405,True,102566B,CRICOS
C10405,True,102566B,CRICOS
C10406,True,102567A,CRICOS
C10406,True,102567A,CRICOS
C10406,True,102567A,CRICOS
C10410,True,102817K,CRICOS
C10410,True,102817K,CRICOS
C10411,True,102818J,CRICOS
C10411,True,102818J,CRICOS
C10411,True,102818J,CRICOS
C10411,True,102818J,CRICOS
C10411,True,102818J,CRICOS
C10411,True,102818J,CRICOS
C10411,True,102818J,CRICOS
C10411,True,102818J,CRICOS
C10412,True,102819H,CRICOS
C10412,True,102819H,CRICOS
C10412,True,102819H,CRICOS
C10412,True,102819H,CRICOS
C10412,True,102819H,CRICOS
C10412,True,102819H,CRICOS
C10412,True,102819H,CRICOS
C10412,True,102819H,CRICOS
C10412,True,102819H,CRICOS
C10413,True,103340A,CRICOS
C10413,True,103340A,CRICOS
C10413,True,103340A,CRICOS
C10413,True,103340A,CRICOS
C10413,True,103340A,CRICOS
C10424,True,103083B,CRICOS
C10424,True,103083B,CRICOS
C10424,True,103083B,CRICOS
C10424,True,103083B,CRICOS
C10424,True,103083B,CRICOS
C10424,True,103083B,CRICOS
C10424,True,103083B,CRICOS
C10424,True,103083B,CRICOS
C10424,True,103083B,CRICOS
C10424,True,103083B,CRICOS
C10445,True,106143D,CRICOS
C10445,True,106143D,CRICOS
C10445,True,106143D,CRICOS
C10445,True,106143D,CRICOS
C10445,True,106143D,CRICOS
C10445,True,106143D,CRICOS
C10445,True,106143D,CRICOS
C10445,True,106143D,CRICOS
C10446,True,106140G,CRICOS
C10446,True,106140G,CRICOS
C10446,True,106140G,CRICOS
C10446,True,106140G,CRICOS
C10447,True,106141F,CRICOS
C10447,True,106141F,CRICOS
C10447,True,106141F,CRICOS
C10447,True,106141F,CRICOS
C10448,True,106142E,CRICOS
C10448,True,106142E,CRICOS
C10448,True,106142E,CRICOS
C10448,True,106142E,CRICOS
C10449,True,106139M,CRICOS
C10449,True,106139M,CRICOS
C10449,True,106139M,CRICOS
C10449,True,106139M,CRICOS
C10450,True,106138A,CRICOS
C10450,True,106138A,CRICOS
C10450,True,106138A,CRICOS
C10450,True,106138A,CRICOS
C10451,True,106870F,CRICOS
C10451,True,106870F,CRICOS
C10451,True,106870F,CRICOS
C10451,True,106870F,CRICOS
C10451,True,106870F,CRICOS
C10451,True,106870F,CRICOS
C10451,True,106870F,CRICOS
C10451,True,106870F,CRICOS
C10452,True,106871E,CRICOS
C10452,True,106871E,CRICOS
C10452,True,106871E,CRICOS
C10452,True,106871E,CRICOS
C10452,True,106871E,CRICOS
C10452,True,106871E,CRICOS
C10452,True,106871E,CRICOS
C10452,True,106871E,CRICOS
C10454,True,106872D,CRICOS
C10454,True,106872D,CRICOS
C10454,True,106872D,CRICOS
C10454,True,106872D,CRICOS
C10454,True,106872D,CRICOS
C10454,True,106872D,CRICOS
C10455,True,106873C,CRICOS
C10455,True,106873C,CRICOS
C10455,True,106873C,CRICOS
C10455,True,106873C,CRICOS
C10455,True,106873C,CRICOS
C10455,True,106873C,CRICOS
C10456,True,106874B,CRICOS
C10456,True,106874B,CRICOS
C10456,True,106874B,CRICOS
C10456,True,106874B,CRICOS
C10457,True,106661D,CRICOS
C10457,True,106661D,CRICOS
C10457,True,106661D,CRICOS
C10457,True,106661D,CRICOS
C10458,True,106663B,CRICOS
C10458,True,106663B,CRICOS
C10460,True,107050A,CRICOS
C10460,True,107050A,CRICOS
C10460,True,107050A,CRICOS
C10460,True,107050A,CRICOS
C10461,True,107052K,CRICOS
C10461,True,107052K,CRICOS
C10461,True,107052K,CRICOS
C10461,True,107052K,CRICOS
C10461,True,107052K,CRICOS
C10461,True,107052K,CRICOS
C10461,True,107052K,CRICOS
C10461,True,107052K,CRICOS
C10462,True,107051M,CRICOS
C10462,True,107051M,CRICOS
C10462,True,107051M,CRICOS
C10462,True,107051M,CRICOS
C10465,True,106869K,CRICOS
C10465,True,106869K,CRICOS
C10465,True,106869K,CRICOS
C10465,True,106869K,CRICOS
C10465,True,106869K,CRICOS
C10465,True,106869K,CRICOS
C10465,True,106869K,CRICOS
C10465,True,106869K,CRICOS
C10466,True,110893J,CRICOS
C10466,True,110893J,CRICOS
C10468,True,110892K,CRICOS
C10468,True,110892K,CRICOS
C10469,True,110891M,CRICOS
C10469,True,110891M,CRICOS
C10470,True,110890A,CRICOS
C10470,True,110890A,CRICOS
C10471,True,110749F,CRICOS
C10471,True,110749F,CRICOS
C10471,True,110749F,CRICOS
C10471,True,110749F,CRICOS
C10471,True,110749F,CRICOS
C10471,True,110749F,CRICOS
C10471,True,110749F,CRICOS
C10471,True,110749F,CRICOS
C10472,True,110750B,CRICOS
C10472,True,110750B,CRICOS
C10472,True,110750B,CRICOS
C10473,True,110751A,CRICOS
C10473,True,110751A,CRICOS
C10473,True,110751A,CRICOS
C10473,True,110751A,CRICOS
C10474,True,110746J,CRICOS
C10474,True,110746J,CRICOS
C10474,True,110746J,CRICOS
C10474,True,110746J,CRICOS
C10474,True,110746J,CRICOS
C10474,True,110746J,CRICOS
C10475,True,110747H,CRICOS
C10475,True,110747H,CRICOS
C10475,True,110747H,CRICOS
C10475,True,110747H,CRICOS
C10477,True,113304M,CRICOS
C10477,True,113304M,CRICOS
C10478,True,113313K,CRICOS
C10478,True,113313K,CRICOS
C10479,True,114585M,CRICOS
C10479,True,114585M,CRICOS
C10480,True,114583B,CRICOS
C10480,True,114583B,CRICOS
C10482,True,Pending,CRICOS
C10482,True,Pending,CRICOS
C10482,True,Pending,CRICOS
C10482,True,Pending,CRICOS
C11005,True,088437K,CRICOS
C11005,True,088437K,CRICOS
C11005,True,088437K,CRICOS
C11005,True,088437K,CRICOS
C11005,True,088437K,CRICOS
C11005,True,088437K,CRICOS
C11005,True,088437K,CRICOS
C11005,True,088437K,CRICOS
C11005,True,088437K,CRICOS
C11005,True,088437K,CRICOS
C11005,True,088437K,CRICOS
C11005,True,088437K,CRICOS
C11005,True,088437K,CRICOS
C11005,True,088437K,CRICOS
C11008,True,018156K,CRICOS
C11008,True,018156K,CRICOS
C11008,True,018156K,CRICOS
C11008,True,018156K,CRICOS
C11008,True,018156K,CRICOS
C11008,True,018156K,CRICOS
C11008,True,018156K,CRICOS
C11008,True,018156K,CRICOS
C11015,True,022411K,CRICOS
C11015,True,022411K,CRICOS
C11015,True,022411K,CRICOS
C11015,True,022411K,CRICOS
C11015,True,022411K,CRICOS
C11015,True,022411K,CRICOS
C11015,True,022411K,CRICOS
C11015,True,022411K,CRICOS
C11015,True,022411K,CRICOS
C11027,True,020212M,CRICOS
C11027,True,020212M,CRICOS
C11027,True,020212M,CRICOS
C11027,True,020212M,CRICOS
C11142,True,084251G,CRICOS
C11142,True,084251G,CRICOS
C11142,True,084251G,CRICOS
C11142,True,084251G,CRICOS
C11142,True,084251G,CRICOS
C11142,True,084251G,CRICOS
C11142,True,084251G,CRICOS
C11142,True,084251G,CRICOS
C11142,True,084251G,CRICOS
C11142,True,084251G,CRICOS
C11142,True,084251G,CRICOS
C11142,True,084251G,CRICOS
C11142,True,084251G,CRICOS
C11142,True,084251G,CRICOS
C11142,True,084251G,CRICOS
C11142,True,084251G,CRICOS
C11142,True,084251G,CRICOS
C11142,True,084251G,CRICOS
C11142,True,084251G,CRICOS
C11142,True,084251G,CRICOS
C11142,True,084251G,CRICOS
C11142,True,084251G,CRICOS
C11142,True,084251G,CRICOS
C11142,True,084251G,CRICOS
C11199,True,055277E,CRICOS
C11199,True,055277E,CRICOS
C11199,True,055277E,CRICOS
C11199,True,055277E,CRICOS
C11199,True,055277E,CRICOS
C11199,True,055277E,CRICOS
C11199,True,055277E,CRICOS
C11206,True,061284M,CRICOS
C11206,True,061284M,CRICOS
C11206,True,061284M,CRICOS
C11206,True,061284M,CRICOS
C11206,True,061284M,CRICOS
C11206,True,061284M,CRICOS
C11206,True,061284M,CRICOS
C11206,True,061284M,CRICOS
C11206,True,061284M,CRICOS
C11210,True,065345D,CRICOS
C11210,True,065345D,CRICOS
C11210,True,065345D,CRICOS
C11210,True,065345D,CRICOS
C11210,True,065345D,CRICOS
C11210,True,065345D,CRICOS
C11210,True,065345D,CRICOS
C11210,True,065345D,CRICOS
C11210,True,065345D,CRICOS
C11210,True,065345D,CRICOS
C11211,True,064381G,CRICOS
C11211,True,064381G,CRICOS
C11211,True,064381G,CRICOS
C11211,True,064381G,CRICOS
C11211,True,064381G,CRICOS
C11211,True,064381G,CRICOS
C11211,True,064381G,CRICOS
C11211,True,064381G,CRICOS
C11211,True,064381G,CRICOS
C11211,True,064381G,CRICOS
C11211,True,064381G,CRICOS
C11211,True,064381G,CRICOS
C11211,True,064381G,CRICOS
C11211,True,064381G,CRICOS
C11211,True,064381G,CRICOS
C11211,True,064381G,CRICOS
C11211,True,064381G,CRICOS
C11211,True,064381G,CRICOS
C11211,True,064381G,CRICOS
C11211,True,064381G,CRICOS
C11211,True,064381G,CRICOS
C11211,True,064381G,CRICOS
C11211,True,064381G,CRICOS
C11211,True,064381G,CRICOS
C11216,True,071910G,CRICOS
C11216,True,071910G,CRICOS
C11216,True,071910G,CRICOS
C11216,True,071910G,CRICOS
C11216,True,071910G,CRICOS
C11216,True,071910G,CRICOS
C11216,True,071910G,CRICOS
C11216,True,071910G,CRICOS
C11216,True,071910G,CRICOS
C11216,True,071910G,CRICOS
C11216,True,071910G,CRICOS
C11216,True,071910G,CRICOS
C11216,True,071910G,CRICOS
C11216,True,071910G,CRICOS
C11216,True,071910G,CRICOS
C11216,True,071910G,CRICOS
C11216,True,071910G,CRICOS
C11216,True,071910G,CRICOS
C11216,True,071910G,CRICOS
C11216,True,071910G,CRICOS
C11216,True,071910G,CRICOS
C11216,True,071910G,CRICOS
C11216,True,071910G,CRICOS
C11216,True,071910G,CRICOS
C11216,True,071910G,CRICOS
C11216,True,071910G,CRICOS
C11216,True,071910G,CRICOS
C11216,True,071910G,CRICOS
C11216,True,071910G,CRICOS
C11216,True,071910G,CRICOS
C11225,True,071632B,CRICOS
C11225,True,071632B,CRICOS
C11225,True,071632B,CRICOS
C11225,True,071632B,CRICOS
C11225,True,071632B,CRICOS
C11225,True,071632B,CRICOS
C11225,True,071632B,CRICOS
C11230,True,075570A,CRICOS
C11230,True,075570A,CRICOS
C11230,True,075570A,CRICOS
C11230,True,075570A,CRICOS
C11232,True,077342G,CRICOS
C11232,True,077342G,CRICOS
C11232,True,077342G,CRICOS
C11232,True,077342G,CRICOS
C11232,True,077342G,CRICOS
C11232,True,077342G,CRICOS
C11232,True,077342G,CRICOS
C11232,True,077342G,CRICOS
C11232,True,077342G,CRICOS
C11232,True,077342G,CRICOS
C11232,True,077342G,CRICOS
C11232,True,077342G,CRICOS
C11232,True,077342G,CRICOS
C11232,True,077342G,CRICOS
C11232,True,077342G,CRICOS
C11232,True,077342G,CRICOS
C11232,True,077342G,CRICOS
C11232,True,077342G,CRICOS
C11232,True,077342G,CRICOS
C11232,True,077342G,CRICOS
C11232,True,077342G,CRICOS
C11232,True,077342G,CRICOS
C11232,True,077342G,CRICOS
C11232,True,077342G,CRICOS
C11232,True,077342G,CRICOS
C11232,True,077342G,CRICOS
C11232,True,077342G,CRICOS
C11232,True,077342G,CRICOS
C11232,True,077342G,CRICOS
C11232,True,077342G,CRICOS
C11232,True,077342G,CRICOS
C11232,True,077342G,CRICOS
C11232,True,077342G,CRICOS
C11232,True,077342G,CRICOS
C11232,True,077342G,CRICOS
C11236,True,081083K,CRICOS
C11236,True,081083K,CRICOS
C11236,True,081083K,CRICOS
C11236,True,081083K,CRICOS
C11236,True,081083K,CRICOS
C11236,True,081083K,CRICOS
C11236,True,081083K,CRICOS
C11236,True,081083K,CRICOS
C11236,True,081083K,CRICOS
C11236,True,081083K,CRICOS
C11236,True,081083K,CRICOS
C11236,True,081083K,CRICOS
C11236,True,081083K,CRICOS
C11236,True,081083K,CRICOS
C11236,True,081083K,CRICOS
C11236,True,081083K,CRICOS
C11236,True,081083K,CRICOS
C11236,True,081083K,CRICOS
C11236,True,081083K,CRICOS
C11236,True,081083K,CRICOS
C11236,True,081083K,CRICOS
C11236,True,081083K,CRICOS
C11236,True,081083K,CRICOS
C11236,True,081083K,CRICOS
C11237,True,081086G,CRICOS
C11237,True,081086G,CRICOS
C11237,True,081086G,CRICOS
C11237,True,081086G,CRICOS
C11237,True,081086G,CRICOS
C11237,True,081086G,CRICOS
C11237,True,081086G,CRICOS
C11237,True,081086G,CRICOS
C11237,True,081086G,CRICOS
C11237,True,081086G,CRICOS
C11237,True,081086G,CRICOS
C11237,True,081086G,CRICOS
C11237,True,081086G,CRICOS
C11237,True,081086G,CRICOS
C11237,True,081086G,CRICOS
C11237,True,081086G,CRICOS
C11237,True,081086G,CRICOS
C11237,True,081086G,CRICOS
C11237,True,081086G,CRICOS
C11237,True,081086G,CRICOS
C11237,True,081086G,CRICOS
C11237,True,081086G,CRICOS
C11237,True,081086G,CRICOS
C11238,True,081084J,CRICOS
C11238,True,081084J,CRICOS
C11238,True,081084J,CRICOS
C11238,True,081084J,CRICOS
C11238,True,081084J,CRICOS
C11238,True,081084J,CRICOS
C11238,True,081084J,CRICOS
C11238,True,081084J,CRICOS
C11238,True,081084J,CRICOS
C11238,True,081084J,CRICOS
C11238,True,081084J,CRICOS
C11238,True,081084J,CRICOS
C11238,True,081084J,CRICOS
C11238,True,081084J,CRICOS
C11238,True,081084J,CRICOS
C11238,True,081084J,CRICOS
C11238,True,081084J,CRICOS
C11238,True,081084J,CRICOS
C11238,True,081084J,CRICOS
C11238,True,081084J,CRICOS
C11238,True,081084J,CRICOS
C11238,True,081084J,CRICOS
C11238,True,081084J,CRICOS
C11238,True,081084J,CRICOS
C11239,True,081085G,CRICOS
C11239,True,081085G,CRICOS
C11239,True,081085G,CRICOS
C11239,True,081085G,CRICOS
C11239,True,081085G,CRICOS
C11239,True,081085G,CRICOS
C11239,True,081085G,CRICOS
C11239,True,081085G,CRICOS
C11239,True,081085G,CRICOS
C11239,True,081085G,CRICOS
C11239,True,081085G,CRICOS
C11239,True,081085G,CRICOS
C11239,True,081085G,CRICOS
C11239,True,081085G,CRICOS
C11239,True,081085G,CRICOS
C11239,True,081085G,CRICOS
C11239,True,081085G,CRICOS
C11239,True,081085G,CRICOS
C11239,True,081085G,CRICOS
C11239,True,081085G,CRICOS
C11239,True,081085G,CRICOS
C11239,True,081085G,CRICOS
C11239,True,081085G,CRICOS
C11239,True,081085G,CRICOS
C11247,True,084252G,CRICOS
C11247,True,084252G,CRICOS
C11247,True,084252G,CRICOS
C11247,True,084252G,CRICOS
C11247,True,084252G,CRICOS
C11247,True,084252G,CRICOS
C11247,True,084252G,CRICOS
C11247,True,084252G,CRICOS
C11247,True,084252G,CRICOS
C11247,True,084252G,CRICOS
C11247,True,084252G,CRICOS
C11247,True,084252G,CRICOS
C11247,True,084252G,CRICOS
C11247,True,084252G,CRICOS
C11247,True,084252G,CRICOS
C11247,True,084252G,CRICOS
C11247,True,084252G,CRICOS
C11247,True,084252G,CRICOS
C11247,True,084252G,CRICOS
C11247,True,084252G,CRICOS
C11247,True,084252G,CRICOS
C11247,True,084252G,CRICOS
C11247,True,084252G,CRICOS
C11247,True,084252G,CRICOS
C11249,True,084261F,CRICOS
C11249,True,084261F,CRICOS
C11249,True,084261F,CRICOS
C11249,True,084261F,CRICOS
C11249,True,084261F,CRICOS
C11249,True,084261F,CRICOS
C11249,True,084261F,CRICOS
C11249,True,084261F,CRICOS
C11254,True,088014M,CRICOS
C11254,True,088014M,CRICOS
C11254,True,088014M,CRICOS
C11254,True,088014M,CRICOS
C11254,True,088014M,CRICOS
C11254,True,088014M,CRICOS
C11254,True,088014M,CRICOS
C11254,True,088014M,CRICOS
C11254,True,088014M,CRICOS
C11254,True,088014M,CRICOS
C11254,True,088014M,CRICOS
C11264,True,095712D,CRICOS
C11264,True,095712D,CRICOS
C11264,True,095712D,CRICOS
C11264,True,095712D,CRICOS
C11264,True,095712D,CRICOS
C11264,True,095712D,CRICOS
C11264,True,095712D,CRICOS
C11264,True,095712D,CRICOS
C11264,True,095712D,CRICOS
C11264,True,095712D,CRICOS
C11264,True,095712D,CRICOS
C11264,True,095712D,CRICOS
C11264,True,095712D,CRICOS
C11264,True,095712D,CRICOS
C11264,True,095712D,CRICOS
C11264,True,095712D,CRICOS
C11265,True,095711E,CRICOS
C11265,True,095711E,CRICOS
C11265,True,095711E,CRICOS
C11265,True,095711E,CRICOS
C11265,True,095711E,CRICOS
C11265,True,095711E,CRICOS
C11265,True,095711E,CRICOS
C11265,True,095711E,CRICOS
C11265,True,095711E,CRICOS
C11265,True,095711E,CRICOS
C11265,True,095711E,CRICOS
C11265,True,095711E,CRICOS
C11265,True,095711E,CRICOS
C11265,True,095711E,CRICOS
C11265,True,095711E,CRICOS
C11265,True,095711E,CRICOS
C11265,True,095711E,CRICOS
C11265,True,095711E,CRICOS
C11265,True,095711E,CRICOS
C11265,True,095711E,CRICOS
C11265,True,095711E,CRICOS
C11265,True,095711E,CRICOS
C11270,True,096458E,CRICOS
C11270,True,096458E,CRICOS
C11270,True,096458E,CRICOS
C11270,True,096458E,CRICOS
C11270,True,096458E,CRICOS
C11270,True,096458E,CRICOS
C11270,True,096458E,CRICOS
C11270,True,096458E,CRICOS
C11270,True,096458E,CRICOS
C11270,True,096458E,CRICOS
C11270,True,096458E,CRICOS
C11270,True,096458E,CRICOS
C11270,True,096458E,CRICOS
C11270,True,096458E,CRICOS
C11271,True,096459D,CRICOS
C11271,True,096459D,CRICOS
C11271,True,096459D,CRICOS
C11271,True,096459D,CRICOS
C11271,True,096459D,CRICOS
C11271,True,096459D,CRICOS
C11274,True,084266A,CRICOS
C11274,True,084266A,CRICOS
C11274,True,084266A,CRICOS
C11274,True,084266A,CRICOS
C11274,True,084266A,CRICOS
C11274,True,084266A,CRICOS
C11274,True,084266A,CRICOS
C11274,True,084266A,CRICOS
C11274,True,084266A,CRICOS
C11274,True,084266A,CRICOS
C11274,True,084266A,CRICOS
C11274,True,084266A,CRICOS
C11275,True,098384B,CRICOS
C11275,True,098384B,CRICOS
C11275,True,098384B,CRICOS
C11275,True,098384B,CRICOS
C11275,True,098384B,CRICOS
C11275,True,098384B,CRICOS
C11275,True,098384B,CRICOS
C11275,True,098384B,CRICOS
C11275,True,098384B,CRICOS
C11275,True,098384B,CRICOS
C11275,True,098384B,CRICOS
C11275,True,098384B,CRICOS
C11275,True,098384B,CRICOS
C11275,True,098384B,CRICOS
C11275,True,098384B,CRICOS
C11275,True,098384B,CRICOS
C11275,True,098384B,CRICOS
C11275,True,098384B,CRICOS
C11277,True,098054J,CRICOS
C11277,True,098054J,CRICOS
C11277,True,098054J,CRICOS
C11277,True,098054J,CRICOS
C11277,True,098054J,CRICOS
C11277,True,098054J,CRICOS
C11277,True,098054J,CRICOS
C11277,True,098054J,CRICOS
C11277,True,098054J,CRICOS
C11277,True,098054J,CRICOS
C11277,True,098054J,CRICOS
C11277,True,098054J,CRICOS
C11277,True,098054J,CRICOS
C11277,True,098054J,CRICOS
C11280,True,0100400,CRICOS
C11280,True,0100400,CRICOS
C11280,True,0100400,CRICOS
C11280,True,0100400,CRICOS
C11280,True,0100400,CRICOS
C11280,True,0100400,CRICOS
C11280,True,0100400,CRICOS
C11280,True,0100400,CRICOS
C11281,True,107947D,CRICOS
C11281,True,107947D,CRICOS
C11281,True,107947D,CRICOS
C11281,True,107947D,CRICOS
C11281,True,107947D,CRICOS
C11281,True,107947D,CRICOS
C11281,True,107947D,CRICOS
C11281,True,107947D,CRICOS
C11282,True,098049F,CRICOS
C11282,True,098049F,CRICOS
C11282,True,098049F,CRICOS
C11282,True,098049F,CRICOS
C11283,True,098165B,CRICOS
C11283,True,098165B,CRICOS
C11283,True,098165B,CRICOS
C11283,True,098165B,CRICOS
C11283,True,098165B,CRICOS
C11283,True,098165B,CRICOS
C11283,True,098165B,CRICOS
C11283,True,098165B,CRICOS
C11283,True,098165B,CRICOS
C11283,True,098165B,CRICOS
C11283,True,098165B,CRICOS
C11283,True,098165B,CRICOS
C11283,True,098165B,CRICOS
C11283,True,098165B,CRICOS
C11285,True,098059D,CRICOS
C11285,True,098059D,CRICOS
C11285,True,098059D,CRICOS
C11285,True,098059D,CRICOS
C11287,True,098064G,CRICOS
C11287,True,098064G,CRICOS
C11287,True,098064G,CRICOS
C11287,True,098064G,CRICOS
C11287,True,098064G,CRICOS
C11287,True,098064G,CRICOS
C11287,True,098064G,CRICOS
C11287,True,098064G,CRICOS
C11287,True,098064G,CRICOS
C11287,True,098064G,CRICOS
C11287,True,098064G,CRICOS
C11287,True,098064G,CRICOS
C11287,True,098064G,CRICOS
C11287,True,098064G,CRICOS
C11289,True,098416K,CRICOS
C11289,True,098416K,CRICOS
C11289,True,098416K,CRICOS
C11289,True,098416K,CRICOS
C11292,True,098504K,CRICOS
C11292,True,098504K,CRICOS
C11292,True,098504K,CRICOS
C11292,True,098504K,CRICOS
C11292,True,098504K,CRICOS
C11292,True,098504K,CRICOS
C11292,True,098504K,CRICOS
C11292,True,098504K,CRICOS
C11292,True,098504K,CRICOS
C11292,True,098504K,CRICOS
C11292,True,098504K,CRICOS
C11292,True,098504K,CRICOS
C11292,True,098504K,CRICOS
C11292,True,098504K,CRICOS
C11298,True,0101146,CRICOS
C11298,True,0101146,CRICOS
C11298,True,0101146,CRICOS
C11298,True,0101146,CRICOS
C11298,True,0101146,CRICOS
C11298,True,0101146,CRICOS
C11298,True,0101146,CRICOS
C11298,True,0101146,CRICOS
C11300,True,0101001,CRICOS
C11300,True,0101001,CRICOS
C11300,True,0101001,CRICOS
C11300,True,0101001,CRICOS
C11300,True,0101001,CRICOS
C11300,True,0101001,CRICOS
C11300,True,0101001,CRICOS
C11300,True,0101001,CRICOS
C11300,True,0101001,CRICOS
C11301,True,0101142,CRICOS
C11301,True,0101142,CRICOS
C11301,True,0101142,CRICOS
C11301,True,0101142,CRICOS
C11301,True,0101142,CRICOS
C11301,True,0101142,CRICOS
C11301,True,0101142,CRICOS
C11301,True,0101142,CRICOS
C11301,True,0101142,CRICOS
C11301,True,0101142,CRICOS
C11301,True,0101142,CRICOS
C11301,True,0101142,CRICOS
C11307,True,104626A,CRICOS
C11307,True,104626A,CRICOS
C11307,True,104626A,CRICOS
C11307,True,104626A,CRICOS
C11307,True,104626A,CRICOS
C11307,True,104626A,CRICOS
C11307,True,104626A,CRICOS
C11307,True,104626A,CRICOS
C11326,True,092412G,CRICOS
C11326,True,092412G,CRICOS
C11326,True,092412G,CRICOS
C11326,True,092412G,CRICOS
C11326,True,092412G,CRICOS
C11326,True,092412G,CRICOS
C11326,True,092412G,CRICOS
C11346,True,107469G,CRICOS
C11346,True,107469G,CRICOS
C11346,True,107469G,CRICOS
C11346,True,107469G,CRICOS
C11346,True,107469G,CRICOS
C11346,True,107469G,CRICOS
C11346,True,107469G,CRICOS
C11346,True,107469G,CRICOS
C11354,True,110894H,CRICOS
C11354,True,110894H,CRICOS
C11354,True,110894H,CRICOS
C11354,True,110894H,CRICOS
C11354,True,110894H,CRICOS
C20056,True,084260G,CRICOS
C20056,True,084260G,CRICOS
C20056,True,084260G,CRICOS
C20056,True,084260G,CRICOS
C20056,True,084260G,CRICOS
C20056,True,084260G,CRICOS
C20056,True,084260G,CRICOS
C20056,True,084260G,CRICOS
C20056,True,084260G,CRICOS
C20056,True,084260G,CRICOS
C20056,True,084260G,CRICOS
C20056,True,084260G,CRICOS
C20056,True,084260G,CRICOS
C20056,True,084260G,CRICOS
C20056,True,084260G,CRICOS
C20056,True,084260G,CRICOS
C20056,True,084260G,CRICOS
C20056,True,084260G,CRICOS
C30019,True,082432G,CRICOS
C30019,True,082432G,CRICOS
C30019,True,082432G,CRICOS
C30019,True,082432G,CRICOS
C30019,True,082432G,CRICOS
C30019,True,082432G,CRICOS
C30019,True,082432G,CRICOS
C30019,True,082432G,CRICOS
C30019,True,082432G,CRICOS
C30019,True,082432G,CRICOS
C30019,True,082432G,CRICOS
C30019,True,082432G,CRICOS
C30020,True,082433G,CRICOS
C30020,True,082433G,CRICOS
C30020,True,082433G,CRICOS
C30020,True,082433G,CRICOS
C30020,True,082433G,CRICOS
C30020,True,082433G,CRICOS
C30020,True,082433G,CRICOS
C30020,True,082433G,CRICOS
C30020,True,082433G,CRICOS
C30020,True,082433G,CRICOS
C30020,True,082433G,CRICOS
C30020,True,082433G,CRICOS
C50006,True,018126E,CRICOS
C50006,True,018126E,CRICOS
C50006,True,018126E,CRICOS
C50006,True,018126E,CRICOS
C50006,True,018126E,CRICOS
C50006,True,018126E,CRICOS
C50006,True,018126E,CRICOS
C50006,True,018126E,CRICOS
C50006,True,018126E,CRICOS
C50006,True,018126E,CRICOS
C50006,True,018126E,CRICOS
C50006,True,018126E,CRICOS
C50006,True,018126E,CRICOS
C50006,True,018126E,CRICOS
C50006,True,018126E,CRICOS
C50006,True,018126E,CRICOS
C50006,True,018126E,CRICOS
C50006,True,018126E,CRICOS
C50006,True,018126E,CRICOS
C50006,True,018126E,CRICOS
C50006,True,018126E,CRICOS
C50006,True,018126E,CRICOS
C50006,True,018126E,CRICOS
C50006,True,018126E,CRICOS
C50006,True,018126E,CRICOS
C50006,True,018126E,CRICOS
C50007,True,012083D,CRICOS
C50007,True,012083D,CRICOS
C50007,True,012083D,CRICOS
C50007,True,012083D,CRICOS
C50007,True,012083D,CRICOS
C50007,True,012083D,CRICOS
C50007,True,012083D,CRICOS
C50007,True,012083D,CRICOS
C50007,True,012083D,CRICOS
C50007,True,012083D,CRICOS
C50007,True,012083D,CRICOS
C50007,True,012083D,CRICOS
C50007,True,012083D,CRICOS
C50007,True,012083D,CRICOS
C50007,True,012083D,CRICOS
C50007,True,012083D,CRICOS
C50007,True,012083D,CRICOS
C50007,True,012083D,CRICOS
C50008,True,066310G,CRICOS
C50008,True,066310G,CRICOS
C50008,True,066310G,CRICOS
C50008,True,066310G,CRICOS
C50008,True,066310G,CRICOS
C50008,True,066310G,CRICOS
C50008,True,066310G,CRICOS
C50008,True,066310G,CRICOS
C50008,True,066310G,CRICOS
C50008,True,066310G,CRICOS
C50008,True,066310G,CRICOS
C50008,True,066310G,CRICOS
C50008,True,066310G,CRICOS
C50008,True,066310G,CRICOS
C50008,True,066310G,CRICOS
C50008,True,066310G,CRICOS
C50008,True,066310G,CRICOS
C50008,True,066310G,CRICOS
C50008,True,066310G,CRICOS
C50008,True,066310G,CRICOS
C50008,True,066310G,CRICOS
C50008,True,066310G,CRICOS
C50008,True,066310G,CRICOS
C50008,True,066310G,CRICOS
C50008,True,066310G,CRICOS
C50008,True,066310G,CRICOS
C50008,True,066310G,CRICOS
C50008,True,066310G,CRICOS
C50008,True,066310G,CRICOS
C50008,True,066310G,CRICOS
C50008,True,066310G,CRICOS
C50008,True,066310G,CRICOS
C50008,True,066310G,CRICOS
C50008,True,066310G,CRICOS
C50008,True,066310G,CRICOS
C50009,True,018126E,CRICOS
C50009,True,018126E,CRICOS
C50009,True,018126E,CRICOS
C50009,True,018126E,CRICOS
C50009,True,018126E,CRICOS
C50009,True,018126E,CRICOS
C50009,True,018126E,CRICOS
C50009,True,018126E,CRICOS
C50009,True,018126E,CRICOS
C50009,True,018126E,CRICOS
C50009,True,018126E,CRICOS
C50009,True,018126E,CRICOS
C50009,True,018126E,CRICOS
C50009,True,018126E,CRICOS
C50009,True,018126E,CRICOS
C50009,True,018126E,CRICOS
C50009,True,018126E,CRICOS
C50009,True,018126E,CRICOS
C50009,True,018126E,CRICOS
C50009,True,018126E,CRICOS
C50009,True,018126E,CRICOS
C50009,True,018126E,CRICOS
C50009,True,018126E,CRICOS
C50009,True,018126E,CRICOS
C50009,True,018126E,CRICOS
C50009,True,018126E,CRICOS
C50009,True,018126E,CRICOS
C50009,True,018126E,CRICOS
C50009,True,018126E,CRICOS
C50009,True,018126E,CRICOS
C50009,True,018126E,CRICOS
